frame_id,timestamp_seg,fps,tiempo_inferencia_ms,cantidad_personas,confianza_promedio_frame,conteo_entrada,conteo_salida,alerta
1,11.454,0.4195,2372.3371,4,0.59,0,0,ALERTA: densidad alta de personas (4)
2,11.599,21.1395,42.4068,1,0.812,0,0,ALERTA: densidad alta de personas (4)
3,11.691,17.4244,32.0861,4,0.7159,0,0,ALERTA: densidad alta de personas (4)
4,11.754,22.7583,30.154,3,0.7851,0,0,ALERTA: densidad alta de personas (4)
5,11.823,20.2863,30.4422,3,0.7757,0,0,ALERTA: densidad alta de personas (4)
6,11.9,16.4981,32.48,4,0.7403,0,0,ALERTA: densidad alta de personas (4)
7,11.954,28.792,30.3521,4,0.7751,0,0,ALERTA: densidad alta de personas (4)
8,12.027,17.9575,30.6191,4,0.7209,0,0,ALERTA: densidad alta de personas (4)
9,12.087,24.4893,28.5068,3,0.7824,0,0,ALERTA: densidad alta de personas (4)
10,12.164,16.3762,29.737,4,0.6922,0,0,ALERTA: densidad alta de personas (4)
11,12.224,23.3778,31.364,4,0.7224,0,0,ALERTA: densidad alta de personas (4)
12,12.295,18.6275,32.6557,4,0.7164,0,0,ALERTA: densidad alta de personas (4)
13,12.354,23.2753,28.682,4,0.7098,0,0,ALERTA: densidad alta de personas (4)
14,12.431,16.9967,28.7569,4,0.6491,0,0,ALERTA: densidad alta de personas (4)
15,12.496,20.4069,29.161,4,0.7096,0,0,ALERTA: densidad alta de personas (4)
16,12.564,19.576,29.8281,4,0.71,0,0,ALERTA: densidad alta de personas (4)
17,12.631,20.1045,30.689,3,0.6992,0,0,ALERTA: densidad alta de personas (4)
18,12.691,22.9142,30.0381,3,0.7041,0,0,ALERTA: densidad alta de personas (4)
19,12.763,17.9843,28.9469,3,0.7057,0,0,ALERTA: densidad alta de personas (4)
20,12.827,21.2961,29.8922,3,0.6935,0,0,ALERTA: densidad alta de personas (4)
21,12.896,19.0135,28.9481,3,0.6851,0,0,ALERTA: densidad alta de personas (4)
22,12.961,20.5592,29.3541,3,0.684,0,0,ALERTA: densidad alta de personas (4)
23,13.028,20.061,28.6419,3,0.6743,0,0,ALERTA: densidad alta de personas (4)
24,13.097,19.0879,29.227,3,0.6816,0,0,ALERTA: densidad alta de personas (4)
25,13.157,23.2035,28.6572,3,0.7012,0,0,ALERTA: densidad alta de personas (4)
26,13.226,19.4272,30.5829,3,0.7211,0,0,ALERTA: densidad alta de personas (4)
27,13.297,18.3124,33.0918,3,0.7266,0,0,ALERTA: densidad alta de personas (4)
28,13.361,21.4919,32.491,3,0.7038,0,0,ALERTA: densidad alta de personas (4)
29,13.428,19.8406,30.4089,3,0.6819,0,0,ALERTA: densidad alta de personas (4)
30,13.496,19.9397,30.436,3,0.6925,0,0,ALERTA: densidad alta de personas (3)
31,13.56,21.269,29.3608,3,0.7086,0,0,ALERTA: densidad alta de personas (3)
32,13.63,18.7034,28.6837,3,0.7041,0,0,ALERTA: densidad alta de personas (3)
33,13.698,19.5684,29.8502,3,0.7096,0,0,ALERTA: densidad alta de personas (3)
34,13.76,22.0502,29.0101,3,0.7103,0,0,ALERTA: densidad alta de personas (3)
35,13.831,18.3345,28.872,3,0.6978,0,0,ALERTA: densidad alta de personas (3)
36,13.895,20.8834,29.7401,3,0.7035,0,0,ALERTA: densidad alta de personas (3)
37,13.964,19.324,28.8732,3,0.6985,0,0,ALERTA: densidad alta de personas (3)
38,14.028,21.3553,29.7251,3,0.7016,0,0,ALERTA: densidad alta de personas (3)
39,14.086,23.7535,30.2422,3,0.7155,0,0,ALERTA: densidad alta de personas (3)
40,14.152,20.1678,29.33,3,0.7026,0,0,ALERTA: densidad alta de personas (3)
41,14.235,15.0011,28.723,3,0.7055,0,0,ALERTA: densidad alta de personas (3)
42,14.293,24.2072,29.8512,3,0.7133,0,0,ALERTA: densidad alta de personas (3)
43,14.363,18.1891,29.156,3,0.7118,0,0,ALERTA: densidad alta de personas (3)
44,14.425,21.9868,29.0322,3,0.7023,0,0,ALERTA: densidad alta de personas (3)
45,14.495,18.5116,28.8601,3,0.716,0,0,ALERTA: densidad alta de personas (3)
46,14.561,20.2589,30.021,3,0.7198,0,0,ALERTA: densidad alta de personas (3)
47,14.627,20.3125,28.9409,3,0.7302,0,0,ALERTA: densidad alta de personas (3)
48,14.693,20.2348,29.696,3,0.7259,0,0,ALERTA: densidad alta de personas (3)
49,14.764,18.7502,29.5942,3,0.7199,0,0,ALERTA: densidad alta de personas (3)
50,14.825,22.97,29.757,3,0.7237,0,0,ALERTA: densidad alta de personas (3)
51,14.897,18.0284,30.0963,3,0.7274,0,0,ALERTA: densidad alta de personas (3)
52,14.958,22.7432,30.2701,3,0.7065,0,0,ALERTA: densidad alta de personas (3)
53,15.03,18.2222,30.0171,3,0.668,0,0,ALERTA: densidad alta de personas (3)
54,15.1,18.8427,31.3883,3,0.7045,0,0,ALERTA: densidad alta de personas (3)
55,15.159,24.2819,29.526,3,0.7034,0,0,ALERTA: densidad alta de personas (3)
56,15.231,18.114,29.309,3,0.7311,0,0,ALERTA: densidad alta de personas (3)
57,15.295,21.2435,30.0348,3,0.7033,0,0,ALERTA: densidad alta de personas (3)
58,15.363,19.5312,29.9189,3,0.7129,0,0,ALERTA: densidad alta de personas (3)
59,15.43,19.916,30.3679,3,0.7231,0,0,ALERTA: densidad alta de personas (3)
60,15.495,20.8925,30.4129,3,0.6847,0,0,ALERTA: densidad alta de personas (3)
61,15.565,18.8374,29.9489,3,0.6992,0,0,ALERTA: densidad alta de personas (3)
62,15.628,22.0086,30.3879,3,0.6884,0,0,ALERTA: densidad alta de personas (3)
63,15.698,18.7063,30.1273,3,0.6902,0,0,ALERTA: densidad alta de personas (3)
64,15.763,20.7702,31.7051,3,0.6841,0,0,ALERTA: densidad alta de personas (3)
65,15.83,20.4219,30.1361,3,0.6834,0,0,ALERTA: densidad alta de personas (3)
66,15.895,20.4806,30.6649,3,0.6722,0,0,ALERTA: densidad alta de personas (3)
67,15.963,19.7835,30.4341,3,0.6561,0,0,ALERTA: densidad alta de personas (3)
68,16.028,20.862,30.8232,3,0.686,0,0,ALERTA: densidad alta de personas (3)
69,16.096,19.3311,30.889,3,0.6726,0,0,ALERTA: densidad alta de personas (3)
70,16.16,21.4547,29.9602,3,0.6712,0,0,ALERTA: densidad alta de personas (3)
71,16.233,17.8657,31.78,3,0.6746,0,0,ALERTA: densidad alta de personas (3)
72,16.294,22.3775,31.116,3,0.6813,0,0,ALERTA: densidad alta de personas (3)
73,16.362,19.9915,30.7491,3,0.6936,0,0,ALERTA: densidad alta de personas (3)
74,16.43,19.9294,30.1089,3,0.7001,0,0,ALERTA: densidad alta de personas (3)
75,16.498,19.3225,29.8939,3,0.6698,0,0,ALERTA: densidad alta de personas (3)
76,16.56,22.2703,29.696,3,0.6542,0,0,ALERTA: densidad alta de personas (3)
77,16.632,18.2752,31.1871,3,0.6792,0,0,ALERTA: densidad alta de personas (3)
78,16.693,22.4881,30.7388,3,0.6827,0,0,ALERTA: densidad alta de personas (3)
79,16.764,18.4199,31.3959,3,0.6961,0,0,ALERTA: densidad alta de personas (3)
80,16.827,21.7793,29.6431,3,0.717,0,0,ALERTA: densidad alta de personas (3)
81,16.896,19.0578,30.7999,3,0.6829,0,0,ALERTA: densidad alta de personas (3)
82,16.962,20.6402,31.327,3,0.6835,0,0,ALERTA: densidad alta de personas (3)
83,17.03,19.5764,31.235,3,0.685,0,0,ALERTA: densidad alta de personas (3)
84,17.097,19.8901,29.6493,3,0.7091,0,0,ALERTA: densidad alta de personas (3)
85,17.16,21.5689,29.9001,3,0.7007,0,0,ALERTA: densidad alta de personas (3)
86,17.23,19.4959,28.6129,3,0.7115,0,0,ALERTA: densidad alta de personas (3)
87,17.298,19.2138,30.72,3,0.7024,0,0,ALERTA: densidad alta de personas (3)
88,17.363,20.9162,30.8571,3,0.7,0,0,ALERTA: densidad alta de personas (3)
89,17.431,19.3437,30.2558,3,0.6812,0,0,ALERTA: densidad alta de personas (3)
90,17.496,20.8112,30.345,3,0.6665,0,0,ALERTA: densidad alta de personas (3)
91,17.562,20.628,29.819,3,0.6267,0,0,ALERTA: densidad alta de personas (3)
92,17.651,13.7483,29.2521,3,0.6431,0,0,ALERTA: densidad alta de personas (3)
93,17.706,25.7713,28.6651,3,0.6442,0,0,ALERTA: densidad alta de personas (3)
94,17.779,17.6239,28.5161,3,0.644,0,0,ALERTA: densidad alta de personas (3)
95,17.847,19.6845,29.9301,3,0.6567,0,0,ALERTA: densidad alta de personas (3)
96,17.911,21.1367,29.8581,3,0.6458,0,0,ALERTA: densidad alta de personas (3)
97,17.98,18.9598,30.3359,3,0.6677,0,0,ALERTA: densidad alta de personas (3)
98,18.045,21.301,30.5381,3,0.6934,0,0,ALERTA: densidad alta de personas (3)
99,18.115,18.7375,30.4799,3,0.6776,0,0,ALERTA: densidad alta de personas (3)
100,18.175,22.8075,29.7201,3,0.6796,0,0,ALERTA: densidad alta de personas (3)
101,18.242,19.7652,29.5639,3,0.6743,0,0,ALERTA: densidad alta de personas (3)
102,18.316,17.4575,30.793,3,0.7136,0,0,ALERTA: densidad alta de personas (3)
103,18.372,25.3152,29.2628,3,0.6961,0,0,ALERTA: densidad alta de personas (3)
104,18.449,16.5964,29.006,3,0.6795,0,0,ALERTA: densidad alta de personas (3)
105,18.512,21.3866,30.1011,3,0.6716,0,0,ALERTA: densidad alta de personas (3)
106,18.576,21.4105,29.304,3,0.6658,0,0,ALERTA: densidad alta de personas (3)
107,18.644,19.1703,28.697,3,0.6717,0,0,ALERTA: densidad alta de personas (3)
108,18.716,18.2279,29.5589,3,0.721,0,0,ALERTA: densidad alta de personas (3)
109,18.776,23.218,29.8223,3,0.7151,0,0,ALERTA: densidad alta de personas (3)
110,18.846,19.1004,30.2432,3,0.7563,0,0,ALERTA: densidad alta de personas (3)
111,18.913,19.4954,30.7572,3,0.758,0,0,ALERTA: densidad alta de personas (3)
112,18.98,20.1783,29.7432,3,0.7076,0,0,ALERTA: densidad alta de personas (3)
113,19.048,19.4008,31.6379,3,0.6857,0,0,ALERTA: densidad alta de personas (3)
114,19.114,20.5297,31.534,3,0.742,0,0,ALERTA: densidad alta de personas (3)
115,19.179,20.4303,30.0608,3,0.7512,0,0,ALERTA: densidad alta de personas (3)
116,19.247,19.8731,30.8542,2,0.8159,0,0,ALERTA: densidad alta de personas (3)
117,19.311,21.0947,30.3717,3,0.6936,0,0,ALERTA: densidad alta de personas (3)
118,19.382,18.546,30.1182,3,0.6933,0,0,ALERTA: densidad alta de personas (3)
119,19.445,21.865,30.8349,3,0.7065,0,0,ALERTA: densidad alta de personas (3)
120,19.514,19.0935,30.7391,3,0.7084,0,0,ALERTA: densidad alta de personas (3)
121,19.579,21.0001,30.2072,3,0.6816,0,0,ALERTA: densidad alta de personas (3)
122,19.649,18.8661,31.7688,3,0.742,0,0,ALERTA: densidad alta de personas (3)
123,19.71,22.7774,32.4893,3,0.6829,0,0,ALERTA: densidad alta de personas (3)
124,19.785,17.1209,35.9821,3,0.7257,0,0,ALERTA: densidad alta de personas (3)
125,19.842,25.8391,31.3919,3,0.7304,0,0,ALERTA: densidad alta de personas (3)
126,19.911,19.3345,29.7952,3,0.7395,0,0,ALERTA: densidad alta de personas (3)
127,19.98,19.1208,29.6278,3,0.7501,0,0,ALERTA: densidad alta de personas (3)
128,20.042,22.1873,29.3899,3,0.7047,0,0,ALERTA: densidad alta de personas (3)
129,20.116,17.4122,29.1901,3,0.6917,0,0,ALERTA: densidad alta de personas (3)
130,20.177,22.8165,30.0219,3,0.7285,0,0,ALERTA: densidad alta de personas (3)
131,20.246,19.1168,30.7999,3,0.7482,0,0,ALERTA: densidad alta de personas (3)
132,20.318,18.7202,31.9481,3,0.7664,0,0,ALERTA: densidad alta de personas (3)
133,20.376,24.9619,30.858,3,0.7755,0,0,ALERTA: densidad alta de personas (3)
134,20.448,18.2672,30.411,2,0.7388,0,0,ALERTA: densidad alta de personas (3)
135,20.511,22.5688,31.9927,3,0.7163,0,0,ALERTA: densidad alta de personas (3)
136,20.576,21.6717,30.0999,3,0.7022,0,1,ALERTA: densidad alta de personas (3)
137,20.648,18.3469,30.5669,3,0.6901,0,1,ALERTA: densidad alta de personas (3)
138,20.71,23.1504,32.2356,3,0.746,0,1,ALERTA: densidad alta de personas (3)
139,20.784,17.8358,31.6448,3,0.7801,0,1,ALERTA: densidad alta de personas (3)
140,20.844,24.624,31.5661,3,0.7656,1,1,ALERTA: densidad alta de personas (3)
141,20.913,19.5465,31.5521,3,0.7872,1,1,ALERTA: densidad alta de personas (3)
142,20.976,22.6352,30.956,3,0.7647,1,1,ALERTA: densidad alta de personas (3)
143,21.043,20.3173,29.6581,3,0.7711,1,1,ALERTA: densidad alta de personas (3)
144,21.113,19.0829,30.0729,3,0.7602,1,1,ALERTA: densidad alta de personas (3)
145,21.175,22.6322,30.345,3,0.7719,1,1,ALERTA: densidad alta de personas (3)
146,21.247,18.6752,30.7448,3,0.7644,1,1,ALERTA: densidad alta de personas (3)
147,21.313,20.5668,32.6231,3,0.7944,1,1,ALERTA: densidad alta de personas (3)
148,21.378,21.3248,30.565,3,0.8182,1,1,ALERTA: densidad alta de personas (3)
149,21.448,19.5427,31.086,3,0.7777,1,1,ALERTA: densidad alta de personas (3)
150,21.513,21.2012,30.4151,2,0.8896,1,1,ALERTA: densidad alta de personas (3)
151,21.577,21.724,30.755,2,0.8618,1,1,ALERTA: densidad alta de personas (3)
152,21.649,18.5432,31.2102,2,0.8765,1,1,ALERTA: densidad alta de personas (3)
153,21.712,22.1205,32.078,2,0.8684,1,1,ALERTA: deteccion confiable (0.87)
154,21.78,20.1852,30.4954,2,0.8651,1,1,ALERTA: deteccion confiable (0.87)
155,21.845,21.1976,30.8177,2,0.8881,1,1,ALERTA: deteccion confiable (0.87)
156,21.913,20.0788,30.7992,2,0.8976,1,1,ALERTA: deteccion confiable (0.87)
157,21.978,21.3809,30.8101,2,0.8769,1,1,ALERTA: deteccion confiable (0.87)
158,22.047,19.8566,30.71,2,0.8427,1,1,ALERTA: deteccion confiable (0.87)
159,22.113,20.7741,31.43,3,0.6993,1,1,ALERTA: deteccion confiable (0.87)
160,22.177,21.7732,30.123,3,0.7221,1,1,ALERTA: deteccion confiable (0.87)
161,22.247,19.0864,31.0009,3,0.7197,1,1,ALERTA: deteccion confiable (0.87)
162,22.312,21.2017,31.0409,2,0.7939,1,1,ALERTA: deteccion confiable (0.87)
163,22.381,19.7021,31.2228,1,0.9274,1,1,ALERTA: deteccion confiable (0.87)
164,22.445,21.263,30.555,2,0.7769,1,1,ALERTA: deteccion confiable (0.87)
165,22.513,19.9282,31.106,1,0.9355,1,1,ALERTA: deteccion confiable (0.87)
166,22.578,21.0944,30.7481,2,0.6845,1,1,ALERTA: deteccion confiable (0.87)
167,22.646,20.0377,31.0631,2,0.6965,1,1,ALERTA: deteccion confiable (0.87)
168,22.715,19.6746,31.1151,2,0.6983,1,1,ALERTA: deteccion confiable (0.87)
169,22.782,20.1357,33.8061,2,0.728,1,1,ALERTA: deteccion confiable (0.87)
170,22.846,22.1235,31.1723,2,0.7501,1,1,ALERTA: deteccion confiable (0.87)
171,22.913,20.2114,30.937,2,0.7139,1,1,ALERTA: deteccion confiable (0.87)
172,22.98,20.0771,30.359,2,0.766,1,1,ALERTA: deteccion confiable (0.87)
173,23.047,20.319,31.2483,2,0.783,1,1,ALERTA: deteccion confiable (0.87)
174,23.115,19.8761,30.648,2,0.6901,1,1,ALERTA: deteccion confiable (0.87)
175,23.179,21.3693,30.1719,1,0.9438,1,1,ALERTA: deteccion confiable (0.87)
176,23.248,19.5699,30.736,1,0.9417,1,1,ALERTA: deteccion confiable (0.87)
177,23.313,20.9161,30.087,1,0.9416,1,1,ALERTA: deteccion confiable (0.87)
178,23.381,20.2568,31.4081,1,0.9387,1,1,ALERTA: deteccion confiable (0.87)
179,23.444,21.8268,30.3707,1,0.9342,1,1,ALERTA: deteccion confiable (0.87)
180,23.51,20.636,31.8601,1,0.9375,1,1,ALERTA: deteccion confiable (0.87)
181,23.58,19.0524,33.4811,1,0.9318,1,1,ALERTA: deteccion confiable (0.87)
182,23.691,13.818,36.8221,1,0.9343,1,1,ALERTA: deteccion confiable (0.87)
183,23.792,12.056,35.9249,2,0.7089,1,1,ALERTA: deteccion confiable (0.87)
184,23.886,13.0611,36.365,1,0.9105,1,1,ALERTA: deteccion confiable (0.91)
185,23.943,25.1166,35.8701,2,0.6954,1,1,ALERTA: deteccion confiable (0.91)
186,24.004,22.8995,30.7248,2,0.6625,1,1,ALERTA: deteccion confiable (0.91)
187,24.08,16.7423,31.018,2,0.6638,1,1,ALERTA: deteccion confiable (0.91)
188,24.149,19.289,31.3022,1,0.9193,1,1,ALERTA: deteccion confiable (0.91)
189,24.204,27.3689,30.7567,2,0.689,1,1,ALERTA: deteccion confiable (0.91)
190,24.283,16.5148,32.7668,2,0.6749,1,1,ALERTA: deteccion confiable (0.91)
191,24.339,25.9108,30.7839,2,0.6737,1,1,ALERTA: deteccion confiable (0.91)
192,24.415,16.8571,31.6448,1,0.9127,1,1,ALERTA: deteccion confiable (0.91)
193,24.471,25.3247,30.0541,1,0.916,1,1,ALERTA: deteccion confiable (0.91)
194,24.549,16.622,31.1189,1,0.9185,1,1,ALERTA: deteccion confiable (0.91)
195,24.604,26.6057,30.297,1,0.9238,1,1,ALERTA: deteccion confiable (0.91)
196,24.676,17.8884,29.6838,1,0.9206,1,1,ALERTA: deteccion confiable (0.91)
197,24.747,18.5849,29.0689,1,0.916,1,1,ALERTA: deteccion confiable (0.91)
198,24.809,22.0259,29.6597,1,0.9202,1,1,ALERTA: deteccion confiable (0.91)
199,24.883,17.5707,31.0259,1,0.9285,1,1,ALERTA: deteccion confiable (0.91)
200,24.941,24.4439,29.876,1,0.9244,1,1,ALERTA: deteccion confiable (0.91)
201,25.015,17.6641,29.0077,1,0.9246,1,1,ALERTA: deteccion confiable (0.91)
202,25.079,21.3047,30.5779,1,0.9229,1,1,ALERTA: deteccion confiable (0.91)
203,25.143,21.3703,28.0859,1,0.9231,1,1,ALERTA: deteccion confiable (0.91)
204,25.211,19.2329,28.713,1,0.9242,1,1,ALERTA: deteccion confiable (0.91)
205,25.28,19.3753,30.9882,1,0.9275,1,1,ALERTA: deteccion confiable (0.91)
206,25.34,24.1627,29.563,1,0.925,1,1,ALERTA: deteccion confiable (0.91)
207,25.403,21.8312,28.78,1,0.9257,1,1,ALERTA: deteccion confiable (0.91)
208,25.483,15.7193,29.48,1,0.9248,1,1,ALERTA: deteccion confiable (0.91)
209,25.537,27.471,28.553,1,0.927,1,1,ALERTA: deteccion confiable (0.91)
210,25.614,16.8214,29.5241,1,0.9179,1,1,ALERTA: deteccion confiable (0.91)
211,25.676,21.9057,30.3149,1,0.9157,1,1,ALERTA: deteccion confiable (0.91)
212,25.744,19.6421,29.5038,1,0.9166,1,1,ALERTA: deteccion confiable (0.91)
213,25.81,20.4801,29.8269,1,0.9197,1,1,ALERTA: deteccion confiable (0.91)
214,25.879,19.2178,29.7072,1,0.9221,1,1,ALERTA: deteccion confiable (0.91)
215,25.946,20.3231,30.3891,1,0.9149,1,1,ALERTA: deteccion confiable (0.91)
216,26.013,20.0509,30.4859,2,0.6971,1,1,ALERTA: deteccion confiable (0.91)
217,26.081,19.6731,31.95,1,0.9222,1,1,ALERTA: deteccion confiable (0.91)
218,26.146,21.2621,31.5318,2,0.6896,1,1,ALERTA: deteccion confiable (0.91)
219,26.211,21.1532,29.783,1,0.9208,1,1,ALERTA: deteccion confiable (0.91)
220,26.28,19.2068,30.699,2,0.6674,1,1,ALERTA: deteccion confiable (0.91)
221,26.348,19.943,34.1082,1,0.9252,1,1,ALERTA: deteccion confiable (0.91)
222,26.409,22.7542,29.0527,1,0.9214,1,1,ALERTA: deteccion confiable (0.91)
223,26.479,18.701,30.3059,1,0.9212,1,1,ALERTA: deteccion confiable (0.91)
224,26.545,20.6881,30.3559,1,0.919,1,1,ALERTA: deteccion confiable (0.91)
225,26.614,19.2271,30.077,2,0.6693,1,1,ALERTA: deteccion confiable (0.91)
226,26.677,22.1714,29.7999,1,0.9255,1,1,ALERTA: deteccion confiable (0.91)
227,26.742,20.8634,29.0532,1,0.9286,1,1,ALERTA: deteccion confiable (0.91)
228,26.812,18.786,29.5539,1,0.9278,1,1,ALERTA: deteccion confiable (0.91)
229,26.875,21.9225,29.901,1,0.9264,1,1,ALERTA: deteccion confiable (0.91)
230,26.949,17.8597,30.8459,1,0.9278,1,1,ALERTA: deteccion confiable (0.91)
231,27.008,23.9872,29.4909,1,0.9297,1,1,ALERTA: deteccion confiable (0.91)
232,27.081,17.9083,31.8332,1,0.9255,1,1,ALERTA: deteccion confiable (0.91)
233,27.142,22.828,29.403,1,0.9315,1,1,ALERTA: deteccion confiable (0.91)
234,27.213,18.6309,30.4883,1,0.9275,1,1,ALERTA: deteccion confiable (0.91)
235,27.277,21.363,31.2262,1,0.9283,1,1,ALERTA: deteccion confiable (0.91)
236,27.345,19.9506,30.4551,1,0.9282,1,1,ALERTA: deteccion confiable (0.91)
237,27.413,19.456,30.359,1,0.9281,1,1,ALERTA: deteccion confiable (0.91)
238,27.476,21.9066,30.031,1,0.9273,1,1,ALERTA: deteccion confiable (0.91)
239,27.546,18.7567,30.4899,1,0.9288,1,1,ALERTA: deteccion confiable (0.91)
240,27.609,21.7789,28.1148,1,0.9211,1,1,ALERTA: deteccion confiable (0.91)
241,27.684,17.1174,30.519,1,0.9257,1,1,ALERTA: deteccion confiable (0.91)
242,27.741,25.8152,29.989,1,0.928,1,1,ALERTA: deteccion confiable (0.91)
243,27.815,17.3751,29.9819,2,0.6878,1,1,ALERTA: deteccion confiable (0.91)
244,27.878,21.8307,31.6639,2,0.6856,1,1,ALERTA: deteccion confiable (0.91)
245,27.944,20.8913,29.2113,2,0.7086,1,1,ALERTA: deteccion confiable (0.91)
246,28.015,18.2835,30.092,2,0.7066,1,1,ALERTA: deteccion confiable (0.91)
247,28.079,21.5286,30.889,2,0.6624,1,1,ALERTA: deteccion confiable (0.91)
248,28.145,20.2782,30.2763,1,0.9216,1,1,ALERTA: deteccion confiable (0.92)
249,28.215,19.0024,30.4048,2,0.67,1,1,ALERTA: deteccion confiable (0.92)
250,28.276,22.5878,29.6111,2,0.6678,1,1,ALERTA: deteccion confiable (0.92)
251,28.347,18.4417,29.824,1,0.9229,1,1,ALERTA: deteccion confiable (0.92)
252,28.412,20.4499,29.6979,1,0.9172,1,1,ALERTA: deteccion confiable (0.92)
253,28.483,18.755,30.4759,1,0.9092,1,1,ALERTA: deteccion confiable (0.92)
254,28.544,23.2337,29.3069,1,0.9115,1,1,ALERTA: deteccion confiable (0.92)
255,28.617,18.0206,29.798,1,0.9078,1,1,ALERTA: deteccion confiable (0.92)
256,28.68,21.6447,30.7379,2,0.6699,1,1,ALERTA: deteccion confiable (0.92)
257,28.746,20.4415,30.5517,1,0.9038,1,1,ALERTA: deteccion confiable (0.92)
258,28.815,19.3379,30.447,2,0.6777,1,1,ALERTA: deteccion confiable (0.92)
259,28.88,20.9978,30.077,2,0.6836,1,1,ALERTA: deteccion confiable (0.92)
260,28.947,20.2089,29.5091,2,0.6975,1,1,ALERTA: deteccion confiable (0.92)
261,29.012,20.574,30.4761,2,0.7105,1,1,ALERTA: deteccion confiable (0.92)
262,29.081,19.3311,30.3011,2,0.7122,1,1,ALERTA: deteccion confiable (0.92)
263,29.143,22.3799,30.9329,2,0.7679,1,1,ALERTA: deteccion confiable (0.92)
264,29.214,18.5697,31.6062,2,0.7787,1,1,ALERTA: deteccion confiable (0.92)
265,29.276,22.5938,30.5281,2,0.7704,1,1,ALERTA: deteccion confiable (0.92)
266,29.35,17.8926,32.002,2,0.7777,1,1,ALERTA: deteccion confiable (0.92)
267,29.411,22.9237,29.7492,2,0.8021,1,1,ALERTA: deteccion confiable (0.92)
268,29.482,18.5571,31.4717,2,0.7731,1,1,ALERTA: deteccion confiable (0.92)
269,29.545,22.0459,31.147,2,0.7352,1,1,ALERTA: deteccion confiable (0.92)
270,29.612,19.8819,30.6499,3,0.6355,1,1,ALERTA: deteccion confiable (0.92)
271,29.681,19.649,30.803,2,0.6897,1,1,ALERTA: deteccion confiable (0.92)
272,29.744,21.7511,30.098,2,0.7048,1,1,ALERTA: deteccion confiable (0.92)
273,29.813,19.1965,30.5679,2,0.7511,1,1,ALERTA: deteccion confiable (0.92)
274,29.88,20.3674,31.0731,2,0.7809,1,1,ALERTA: deteccion confiable (0.92)
275,29.948,20.0589,30.4959,2,0.7828,1,1,ALERTA: deteccion confiable (0.92)
276,30.014,20.2938,31.4171,2,0.7386,1,1,ALERTA: deteccion confiable (0.92)
277,30.083,19.5122,31.3759,3,0.6772,1,1,ALERTA: deteccion confiable (0.92)
278,30.144,23.5129,32.3019,3,0.7347,1,1,ALERTA: deteccion confiable (0.92)
279,30.212,27.6434,30.6911,3,0.7797,1,1,ALERTA: densidad alta de personas (3)
280,30.28,20.1909,32.0029,3,0.7547,1,1,ALERTA: densidad alta de personas (3)
281,30.343,21.846,33.16,3,0.7526,1,1,ALERTA: densidad alta de personas (3)
282,30.411,19.9589,32.861,3,0.7229,1,1,ALERTA: densidad alta de personas (3)
283,30.49,16.1914,36.3688,3,0.7224,1,1,ALERTA: densidad alta de personas (3)
284,30.541,30.375,32.3536,3,0.7051,1,1,ALERTA: densidad alta de personas (3)
285,30.624,15.3134,33.4229,3,0.7611,1,1,ALERTA: densidad alta de personas (3)
286,30.72,12.7915,35.7542,3,0.7569,1,1,ALERTA: densidad alta de personas (3)
287,30.784,21.8321,33.299,3,0.729,1,1,ALERTA: densidad alta de personas (3)
288,30.853,20.452,35.3222,2,0.7401,1,1,ALERTA: densidad alta de personas (3)
289,30.922,19.4928,36.5503,2,0.6528,1,1,ALERTA: densidad alta de personas (3)
290,30.99,20.3833,37.1521,2,0.6789,1,1,ALERTA: densidad alta de personas (3)
291,31.055,20.9143,36.164,3,0.7073,1,1,ALERTA: densidad alta de personas (3)
292,31.11,27.3164,33.613,3,0.7579,1,1,ALERTA: densidad alta de personas (3)
293,31.187,17.0092,33.7598,3,0.7489,1,1,ALERTA: densidad alta de personas (3)
294,31.243,26.4725,31.348,3,0.6822,1,1,ALERTA: densidad alta de personas (3)
295,31.32,16.5549,33.587,3,0.702,1,1,ALERTA: densidad alta de personas (3)
296,31.374,28.1327,31.9698,3,0.6442,1,1,ALERTA: densidad alta de personas (3)
297,31.45,17.2831,32.6509,2,0.7024,1,1,ALERTA: densidad alta de personas (3)
298,31.513,21.9907,31.3411,2,0.7845,1,1,ALERTA: densidad alta de personas (3)
299,31.579,20.7658,29.2747,3,0.6126,1,1,ALERTA: densidad alta de personas (3)
300,31.649,19.1215,30.4821,2,0.7283,1,1,ALERTA: densidad alta de personas (3)
301,31.715,20.3529,30.7488,3,0.6339,1,1,ALERTA: densidad alta de personas (3)
302,31.779,22.3175,30.648,2,0.7391,1,1,ALERTA: densidad alta de personas (3)
303,31.85,18.6259,31.862,2,0.7356,1,1,ALERTA: densidad alta de personas (3)
304,31.91,23.404,30.2618,2,0.722,1,1,ALERTA: densidad alta de personas (3)
305,31.979,19.4013,30.4677,1,0.9132,1,1,ALERTA: densidad alta de personas (3)
306,32.047,19.7243,29.7699,2,0.7324,1,1,ALERTA: densidad alta de personas (3)
307,32.115,19.7997,30.9899,2,0.6964,1,1,ALERTA: densidad alta de personas (3)
308,32.179,21.4166,30.6089,2,0.6892,1,1,ALERTA: densidad alta de personas (3)
309,32.248,19.6766,30.9048,2,0.7264,1,1,ALERTA: densidad alta de personas (3)
310,32.315,19.8373,30.684,2,0.7121,1,1,ALERTA: densidad alta de personas (3)
311,32.381,20.7362,31.127,2,0.6911,1,1,ALERTA: densidad alta de personas (3)
312,32.449,19.968,31.466,2,0.6652,1,1,ALERTA: densidad alta de personas (3)
313,32.515,20.6185,31.9152,2,0.6932,1,1,ALERTA: densidad alta de personas (3)
314,32.581,20.9437,31.5521,2,0.7136,1,1,ALERTA: densidad alta de personas (3)
315,32.647,20.7826,29.9702,2,0.7139,1,1,ALERTA: densidad alta de personas (3)
316,32.714,20.2712,30.905,2,0.7057,1,1,ALERTA: densidad alta de personas (3)
317,32.782,20.0482,31.7092,2,0.6571,1,1,ALERTA: densidad alta de personas (3)
318,32.847,21.1497,31.852,2,0.6783,1,1,ALERTA: densidad alta de personas (3)
319,32.917,19.1589,33.0863,2,0.6589,1,1,ALERTA: densidad alta de personas (3)
320,32.98,22.0288,33.0551,2,0.6662,1,1,ALERTA: densidad alta de personas (3)
321,33.048,19.7386,31.8029,1,0.9199,1,1,ALERTA: deteccion confiable (0.92)
322,33.115,20.4969,31.069,3,0.7122,1,1,ALERTA: deteccion confiable (0.92)
323,33.179,21.7211,30.6528,3,0.6909,1,1,ALERTA: deteccion confiable (0.92)
324,33.25,18.9172,30.6921,3,0.7176,1,1,ALERTA: deteccion confiable (0.92)
325,33.314,21.3941,32.4509,3,0.6746,1,1,ALERTA: deteccion confiable (0.92)
326,33.382,20.5453,31.5073,3,0.6863,1,1,ALERTA: deteccion confiable (0.92)
327,33.444,22.4406,30.164,3,0.7062,1,1,ALERTA: deteccion confiable (0.92)
328,33.519,17.3789,31.198,2,0.8037,1,1,ALERTA: deteccion confiable (0.92)
329,33.58,23.1981,31.5361,2,0.7791,1,1,ALERTA: deteccion confiable (0.92)
330,33.646,20.4122,30.745,3,0.669,1,1,ALERTA: deteccion confiable (0.92)
331,33.712,20.2048,30.0601,3,0.6846,1,1,ALERTA: deteccion confiable (0.92)
332,33.78,19.6285,29.6619,3,0.6889,1,1,ALERTA: deteccion confiable (0.92)
333,33.846,20.5436,29.2013,3,0.7357,1,1,ALERTA: deteccion confiable (0.92)
334,33.914,19.6441,30.2451,3,0.7405,1,1,ALERTA: deteccion confiable (0.92)
335,33.975,22.6593,29.8388,3,0.782,1,1,ALERTA: deteccion confiable (0.92)
336,34.051,16.7518,29.2761,3,0.733,1,1,ALERTA: deteccion confiable (0.92)
337,34.114,22.0931,30.1051,3,0.7256,1,1,ALERTA: deteccion confiable (0.92)
338,34.177,22.3086,28.939,3,0.7123,1,1,ALERTA: deteccion confiable (0.92)
339,34.251,17.5692,29.9652,3,0.7236,1,1,ALERTA: deteccion confiable (0.92)
340,34.312,22.6962,29.737,3,0.7216,1,1,ALERTA: deteccion confiable (0.92)
341,34.381,19.2459,29.7449,3,0.7417,1,1,ALERTA: deteccion confiable (0.92)
342,34.45,19.3132,29.6452,3,0.7254,1,1,ALERTA: deteccion confiable (0.92)
343,34.511,22.6101,29.8212,3,0.7449,1,1,ALERTA: deteccion confiable (0.92)
344,34.58,18.9962,29.9592,3,0.7503,1,1,ALERTA: deteccion confiable (0.92)
345,34.647,20.0285,30.6849,3,0.7682,1,1,ALERTA: deteccion confiable (0.92)
346,34.716,19.3311,31.168,3,0.7762,1,1,ALERTA: deteccion confiable (0.92)
347,34.783,20.1528,30.4499,3,0.7773,1,1,ALERTA: deteccion confiable (0.92)
348,34.846,22.0629,30.189,3,0.7626,1,1,ALERTA: deteccion confiable (0.92)
349,34.916,18.8133,30.468,3,0.7698,1,1,ALERTA: deteccion confiable (0.92)
350,34.978,22.8812,30.906,3,0.7614,1,1,ALERTA: deteccion confiable (0.92)
351,35.049,18.2007,30.375,3,0.7535,1,1,ALERTA: densidad alta de personas (3)
352,35.116,20.1372,31.8158,3,0.7525,1,1,ALERTA: densidad alta de personas (3)
353,35.18,21.2112,30.241,3,0.7597,1,1,ALERTA: densidad alta de personas (3)
354,35.249,19.2572,30.4811,4,0.7072,1,1,ALERTA: densidad alta de personas (3)
355,35.315,20.5788,30.3009,4,0.6481,1,1,ALERTA: densidad alta de personas (3)
356,35.38,20.653,30.7078,4,0.6949,1,1,ALERTA: densidad alta de personas (3)
357,35.446,20.3732,30.582,3,0.736,1,1,ALERTA: densidad alta de personas (3)
358,35.514,20.0352,30.529,4,0.6782,1,1,ALERTA: densidad alta de personas (3)
359,35.58,20.2745,29.8779,4,0.7117,1,1,ALERTA: densidad alta de personas (3)
360,35.646,20.5999,29.8088,4,0.7507,1,1,ALERTA: densidad alta de personas (3)
361,35.716,18.7984,30.5641,4,0.7261,1,1,ALERTA: densidad alta de personas (3)
362,35.779,22.1357,30.1833,4,0.701,1,1,ALERTA: densidad alta de personas (3)
363,35.853,17.4374,30.477,4,0.7297,1,1,ALERTA: densidad alta de personas (3)
364,35.913,23.3476,29.5479,4,0.7157,1,1,ALERTA: densidad alta de personas (3)
365,35.983,18.607,29.7558,4,0.7058,1,1,ALERTA: densidad alta de personas (3)
366,36.047,21.2571,29.4631,4,0.7206,1,1,ALERTA: densidad alta de personas (3)
367,36.115,19.527,30.401,4,0.7448,1,1,ALERTA: densidad alta de personas (3)
368,36.175,23.3454,29.32,4,0.7614,1,1,ALERTA: densidad alta de personas (3)
369,36.249,17.4197,29.458,4,0.7163,1,1,ALERTA: densidad alta de personas (3)
370,36.316,19.7672,31.0838,4,0.7093,1,1,ALERTA: densidad alta de personas (3)
371,36.379,21.927,31.203,4,0.7357,1,1,ALERTA: densidad alta de personas (3)
372,36.454,17.1466,29.3598,4,0.789,1,1,ALERTA: densidad alta de personas (3)
373,36.513,23.6244,30.2322,4,0.7332,1,1,ALERTA: densidad alta de personas (3)
374,36.581,20.1296,29.8703,3,0.7697,1,1,ALERTA: densidad alta de personas (3)
375,36.649,19.5602,29.9282,4,0.753,1,1,ALERTA: densidad alta de personas (3)
376,36.711,21.8456,30.602,3,0.7371,1,1,ALERTA: densidad alta de personas (3)
377,36.784,17.8263,30.302,3,0.7398,1,1,ALERTA: densidad alta de personas (3)
378,36.845,22.6644,30.2088,2,0.8556,1,1,ALERTA: densidad alta de personas (3)
379,36.911,20.452,30.9148,2,0.8435,1,1,ALERTA: densidad alta de personas (3)
380,36.983,18.3416,31.2278,3,0.7121,1,1,ALERTA: densidad alta de personas (3)
381,37.047,21.3402,31.1639,3,0.7223,1,1,ALERTA: densidad alta de personas (3)
382,37.116,19.2786,30.926,3,0.7781,1,1,ALERTA: densidad alta de personas (3)
383,37.179,21.8555,30.6199,3,0.7909,1,1,ALERTA: densidad alta de personas (3)
384,37.252,17.5988,29.372,3,0.7312,1,1,ALERTA: densidad alta de personas (3)
385,37.312,23.0261,29.928,3,0.755,1,1,ALERTA: densidad alta de personas (3)
386,37.384,18.568,33.4218,3,0.7618,1,1,ALERTA: densidad alta de personas (3)
387,37.448,21.5862,31.446,3,0.6779,1,1,ALERTA: densidad alta de personas (3)
388,37.515,19.8981,31.3442,3,0.7495,1,1,ALERTA: densidad alta de personas (3)
389,37.583,19.755,30.9899,2,0.7699,1,1,ALERTA: densidad alta de personas (3)
390,37.645,22.1254,29.6493,2,0.7695,1,1,ALERTA: densidad alta de personas (3)
391,37.718,17.7576,30.4201,2,0.7755,1,1,ALERTA: densidad alta de personas (3)
392,37.779,22.8388,30.2038,3,0.6684,1,1,ALERTA: densidad alta de personas (3)
393,37.849,18.5453,30.7651,2,0.7645,1,1,ALERTA: densidad alta de personas (3)
394,37.917,19.6197,31.379,2,0.7526,1,1,ALERTA: densidad alta de personas (3)
395,37.981,21.2053,30.7262,2,0.8188,1,1,ALERTA: densidad alta de personas (3)
396,38.048,19.7153,30.282,2,0.7802,1,1,ALERTA: densidad alta de personas (3)
397,38.116,19.6282,30.478,2,0.8069,1,1,ALERTA: densidad alta de personas (3)
398,38.177,23.7886,28.9779,2,0.7785,1,1,ALERTA: densidad alta de personas (3)
399,38.254,16.3929,29.2559,2,0.6811,1,1,ALERTA: densidad alta de personas (3)
400,38.311,24.3392,29.7637,2,0.7046,1,1,ALERTA: densidad alta de personas (3)
401,38.382,18.5673,28.697,2,0.6828,1,1,ALERTA: densidad alta de personas (3)
402,38.447,20.4303,28.9428,2,0.7171,1,1,ALERTA: densidad alta de personas (3)
403,38.517,18.3935,29.0079,2,0.6884,1,1,ALERTA: densidad alta de personas (3)
404,38.579,22.0842,29.9599,2,0.7582,1,1,ALERTA: densidad alta de personas (3)
405,38.649,19.1322,29.0239,2,0.7781,1,1,ALERTA: densidad alta de personas (3)
406,38.712,21.768,29.9599,2,0.7533,1,1,ALERTA: densidad alta de personas (3)
407,38.78,19.3285,28.295,2,0.7656,1,1,ALERTA: densidad alta de personas (3)
408,38.848,19.9533,28.8482,2,0.7728,1,1,ALERTA: densidad alta de personas (3)
409,38.914,20.1381,29.1011,2,0.7817,1,1,ALERTA: densidad alta de personas (3)
410,38.98,21.109,28.3968,2,0.7667,1,1,ALERTA: densidad alta de personas (3)
411,39.048,19.1277,30.432,2,0.7897,1,1,ALERTA: densidad alta de personas (3)
412,39.116,19.8114,30.473,2,0.803,1,1,ALERTA: deteccion confiable (0.80)
413,39.182,20.7082,30.6931,2,0.8045,1,1,ALERTA: deteccion confiable (0.80)
414,39.249,20.0554,30.494,2,0.781,1,1,ALERTA: deteccion confiable (0.80)
415,39.315,20.402,30.606,2,0.7807,1,1,ALERTA: deteccion confiable (0.80)
416,39.382,20.2754,30.3478,2,0.7575,1,1,ALERTA: deteccion confiable (0.80)
417,39.448,20.7637,30.3662,2,0.7247,1,1,ALERTA: deteccion confiable (0.80)
418,39.515,20.0077,31.5728,2,0.7485,1,1,ALERTA: deteccion confiable (0.80)
419,39.582,20.335,29.9504,2,0.7975,1,1,ALERTA: deteccion confiable (0.80)
420,39.649,20.2811,30.9503,2,0.7303,1,1,ALERTA: deteccion confiable (0.80)
421,39.717,19.8142,30.9179,1,0.9207,1,1,ALERTA: deteccion confiable (0.80)
422,39.78,22.1764,30.376,1,0.9075,1,1,ALERTA: deteccion confiable (0.80)
423,39.849,19.123,30.6072,1,0.919,1,1,ALERTA: deteccion confiable (0.80)
424,39.915,20.5863,31.8029,1,0.9162,1,1,ALERTA: deteccion confiable (0.80)
425,39.983,19.6298,30.9048,1,0.9133,1,1,ALERTA: deteccion confiable (0.80)
426,40.048,20.7668,31.543,1,0.9115,1,1,ALERTA: deteccion confiable (0.80)
427,40.114,20.8568,29.5408,1,0.9157,1,1,ALERTA: deteccion confiable (0.80)
428,40.205,13.5024,30.7741,1,0.9164,1,1,ALERTA: deteccion confiable (0.80)
429,40.264,24.0067,29.609,1,0.9027,1,1,ALERTA: deteccion confiable (0.80)
430,40.33,20.4507,29.6099,1,0.904,1,1,ALERTA: deteccion confiable (0.80)
431,40.394,21.2451,30.524,1,0.899,1,1,ALERTA: deteccion confiable (0.80)
432,40.469,17.5553,30.9179,1,0.9089,1,1,ALERTA: deteccion confiable (0.80)
433,40.533,21.1878,29.9551,1,0.8976,1,1,ALERTA: deteccion confiable (0.80)
434,40.597,21.5611,30.6067,1,0.8911,1,1,ALERTA: deteccion confiable (0.80)
435,40.667,19.019,29.5281,1,0.8982,1,1,ALERTA: deteccion confiable (0.80)
436,40.733,20.4901,30.5879,1,0.9122,1,1,ALERTA: deteccion confiable (0.80)
437,40.796,21.6538,29.654,1,0.9231,1,1,ALERTA: deteccion confiable (0.80)
438,40.867,18.3634,31.9018,1,0.9173,1,1,ALERTA: deteccion confiable (0.80)
439,40.932,21.3187,31.4233,1,0.9213,1,1,ALERTA: deteccion confiable (0.80)
440,40.999,19.7107,30.9422,1,0.9057,1,1,ALERTA: deteccion confiable (0.80)
441,41.064,20.9793,31.2271,1,0.9044,1,1,ALERTA: deteccion confiable (0.80)
442,41.132,19.5786,31.5619,1,0.9174,1,1,ALERTA: deteccion confiable (0.92)
443,41.199,19.9624,30.9699,1,0.9063,1,1,ALERTA: deteccion confiable (0.92)
444,41.266,20.1837,31.6529,1,0.9118,1,1,ALERTA: deteccion confiable (0.92)
445,41.33,21.4855,30.427,1,0.9188,1,1,ALERTA: deteccion confiable (0.92)
446,41.397,20.3305,30.129,1,0.9283,1,1,ALERTA: deteccion confiable (0.92)
447,41.467,18.8516,31.4381,1,0.9005,1,1,ALERTA: deteccion confiable (0.92)
448,41.529,22.2118,30.0241,1,0.9056,1,1,ALERTA: deteccion confiable (0.92)
449,41.598,18.785,29.429,1,0.9169,1,1,ALERTA: deteccion confiable (0.92)
450,41.667,19.3506,30.8132,1,0.9224,1,1,ALERTA: deteccion confiable (0.92)
451,41.732,20.9464,31.06,1,0.927,1,1,ALERTA: deteccion confiable (0.92)
452,41.797,21.1735,30.3292,1,0.908,1,1,ALERTA: deteccion confiable (0.92)
453,41.866,19.3578,31.0509,1,0.8989,1,1,ALERTA: deteccion confiable (0.92)
454,41.933,19.9176,30.9408,2,0.7038,1,1,ALERTA: deteccion confiable (0.92)
455,41.998,21.4088,30.9081,2,0.7308,1,1,ALERTA: deteccion confiable (0.92)
456,42.067,19.2123,30.345,2,0.7252,1,1,ALERTA: deteccion confiable (0.92)
457,42.13,22.0576,29.613,2,0.7393,1,1,ALERTA: deteccion confiable (0.92)
458,42.201,18.8933,28.677,2,0.7641,1,1,ALERTA: deteccion confiable (0.92)
459,42.267,20.4742,31.0979,2,0.7716,1,1,ALERTA: deteccion confiable (0.92)
460,42.329,22.0634,29.3519,2,0.779,1,1,ALERTA: deteccion confiable (0.92)
461,42.398,19.2475,29.669,2,0.7716,1,1,ALERTA: deteccion confiable (0.92)
462,42.461,21.846,28.8341,2,0.7861,1,1,ALERTA: deteccion confiable (0.92)
463,42.532,18.5021,29.8588,2,0.7964,1,1,ALERTA: deteccion confiable (0.92)
464,42.6,19.9064,29.788,2,0.7784,1,1,ALERTA: deteccion confiable (0.92)
465,42.664,20.9758,30.4551,2,0.7552,1,1,ALERTA: deteccion confiable (0.92)
466,42.757,13.2078,29.5382,2,0.7661,1,1,ALERTA: deteccion confiable (0.92)
467,42.806,30.8262,28.898,2,0.7607,1,1,ALERTA: deteccion confiable (0.92)
468,42.886,15.8519,29.995,2,0.7557,1,1,ALERTA: deteccion confiable (0.92)
469,42.945,23.8686,30.7808,2,0.7361,1,1,ALERTA: deteccion confiable (0.92)
470,43.013,20.0401,30.8411,2,0.7301,1,1,ALERTA: deteccion confiable (0.92)
471,43.086,17.8514,30.216,2,0.7692,1,1,ALERTA: deteccion confiable (0.92)
472,43.145,23.8652,28.8532,2,0.7861,1,1,ALERTA: deteccion confiable (0.79)
473,43.215,18.6171,29.9211,2,0.8027,1,1,ALERTA: deteccion confiable (0.79)
474,43.281,20.4491,29.495,2,0.7943,1,1,ALERTA: deteccion confiable (0.79)
475,43.347,20.4277,30.0229,2,0.8059,1,1,ALERTA: deteccion confiable (0.79)
476,43.417,19.1136,29.6259,2,0.7884,1,1,ALERTA: deteccion confiable (0.79)
477,43.483,20.5351,30.827,2,0.7663,1,1,ALERTA: deteccion confiable (0.79)
478,43.547,21.347,29.9203,2,0.761,1,1,ALERTA: deteccion confiable (0.79)
479,43.612,20.9362,30.082,1,0.9178,1,1,ALERTA: deteccion confiable (0.79)
480,43.686,17.6781,30.4859,2,0.7113,1,1,ALERTA: deteccion confiable (0.79)
481,43.747,22.816,29.7809,2,0.724,1,1,ALERTA: deteccion confiable (0.79)
482,43.813,20.8303,29.4249,2,0.7088,1,1,ALERTA: deteccion confiable (0.79)
483,43.878,20.389,29.1181,2,0.729,1,1,ALERTA: deteccion confiable (0.79)
484,43.95,18.0187,28.3341,2,0.7064,1,1,ALERTA: deteccion confiable (0.79)
485,44.011,22.5577,28.8498,2,0.6977,1,1,ALERTA: deteccion confiable (0.79)
486,44.086,17.1644,29.9671,2,0.6664,1,1,ALERTA: deteccion confiable (0.79)
487,44.147,22.9595,29.5179,2,0.6947,1,1,ALERTA: deteccion confiable (0.79)
488,44.215,19.1758,30.5901,2,0.7078,1,1,ALERTA: deteccion confiable (0.79)
489,44.282,19.8363,30.4098,2,0.6921,1,1,ALERTA: deteccion confiable (0.79)
490,44.35,19.6048,31.8158,2,0.6925,1,1,ALERTA: deteccion confiable (0.79)
491,44.414,21.0336,31.0981,2,0.6906,1,1,ALERTA: deteccion confiable (0.79)
492,44.487,17.8988,32.7699,1,0.8882,1,1,ALERTA: deteccion confiable (0.79)
493,44.549,22.4709,32.2561,1,0.9015,1,1,ALERTA: deteccion confiable (0.79)
494,44.617,20.4041,32.8257,1,0.9393,1,1,ALERTA: deteccion confiable (0.79)
495,44.684,20.2598,32.882,1,0.945,1,1,ALERTA: deteccion confiable (0.79)
496,44.745,23.0456,30.8187,2,0.8366,1,1,ALERTA: deteccion confiable (0.79)
497,44.818,18.0018,32.3598,2,0.8636,1,1,ALERTA: deteccion confiable (0.79)
498,44.883,20.8639,32.0382,2,0.8869,1,1,ALERTA: deteccion confiable (0.79)
499,44.947,22.0542,30.447,2,0.8915,1,1,ALERTA: deteccion confiable (0.79)
500,45.015,19.4902,31.023,2,0.901,1,1,ALERTA: deteccion confiable (0.79)
501,45.081,20.7105,30.839,2,0.9159,1,1,ALERTA: deteccion confiable (0.79)
502,45.15,19.6094,31.0662,2,0.9157,1,1,ALERTA: deteccion confiable (0.92)
503,45.219,19.569,30.9839,2,0.9128,1,1,ALERTA: deteccion confiable (0.92)
504,45.281,22.5528,31.41,2,0.9286,1,1,ALERTA: deteccion confiable (0.92)
505,45.351,19.1074,31.044,2,0.9274,1,1,ALERTA: deteccion confiable (0.92)
506,45.418,20.1649,31.2109,2,0.926,1,1,ALERTA: deteccion confiable (0.92)
507,45.484,20.6445,31.872,2,0.9284,1,1,ALERTA: deteccion confiable (0.92)
508,45.547,21.5535,30.9069,2,0.9221,1,1,ALERTA: deteccion confiable (0.92)
509,45.612,20.7499,28.995,2,0.9183,1,1,ALERTA: deteccion confiable (0.92)
510,45.683,18.6435,31.3072,2,0.8939,1,1,ALERTA: deteccion confiable (0.92)
511,45.747,21.3606,30.0269,2,0.8945,1,1,ALERTA: deteccion confiable (0.92)
512,45.815,19.5278,30.3259,2,0.858,1,1,ALERTA: deteccion confiable (0.92)
513,45.882,20.2273,31.1122,3,0.7809,1,1,ALERTA: deteccion confiable (0.92)
514,45.945,21.9145,29.8648,3,0.8505,1,1,ALERTA: deteccion confiable (0.92)
515,46.017,18.344,30.736,3,0.8832,1,1,ALERTA: deteccion confiable (0.92)
516,46.083,20.24,31.6741,3,0.8995,1,1,ALERTA: deteccion confiable (0.92)
517,46.146,22.1171,29.3701,3,0.8954,1,1,ALERTA: deteccion confiable (0.92)
518,46.215,19.6044,30.7956,3,0.897,1,1,ALERTA: deteccion confiable (0.92)
519,46.285,18.8541,31.6298,3,0.8402,1,1,ALERTA: deteccion confiable (0.92)
520,46.344,24.3178,31.1019,2,0.9287,1,1,ALERTA: deteccion confiable (0.92)
521,46.393,32.0217,30.4232,2,0.9363,1,1,ALERTA: deteccion confiable (0.92)
522,46.472,16.0912,31.2388,2,0.9197,1,1,ALERTA: deteccion confiable (0.92)
523,46.526,27.5125,30.1707,2,0.9219,1,1,ALERTA: deteccion confiable (0.92)
524,46.606,15.7315,30.6029,2,0.9326,1,1,ALERTA: deteccion confiable (0.92)
525,46.663,25.0977,31.419,2,0.9248,1,1,ALERTA: deteccion confiable (0.92)
526,46.736,18.0353,29.6352,2,0.9123,1,1,ALERTA: deteccion confiable (0.92)
527,46.799,22.0212,31.3158,2,0.9086,1,1,ALERTA: deteccion confiable (0.92)
528,46.865,20.5987,30.4799,2,0.8713,1,1,ALERTA: deteccion confiable (0.92)
529,46.934,19.4613,31.1821,2,0.8999,1,1,ALERTA: deteccion confiable (0.92)
530,46.999,21.4791,30.7889,3,0.8585,1,2,ALERTA: deteccion confiable (0.92)
531,47.069,18.8672,32.428,2,0.8862,1,2,ALERTA: deteccion confiable (0.92)
532,47.134,21.7061,32.1169,2,0.8983,1,2,ALERTA: deteccion confiable (0.92)
533,47.2,20.6216,31.8222,2,0.8959,1,2,ALERTA: deteccion confiable (0.90)
534,47.264,21.7539,31.6651,2,0.9057,1,2,ALERTA: deteccion confiable (0.90)
535,47.335,18.8139,32.6121,2,0.9026,1,2,ALERTA: deteccion confiable (0.90)
536,47.397,22.7609,31.7061,2,0.9122,1,2,ALERTA: deteccion confiable (0.90)
537,47.472,17.4844,33.3791,2,0.9064,1,2,ALERTA: deteccion confiable (0.90)
538,47.53,24.5128,32.2587,2,0.9156,1,2,ALERTA: deteccion confiable (0.90)
539,47.603,18.1406,34.282,2,0.9125,1,2,ALERTA: deteccion confiable (0.90)
540,47.669,21.0969,34.4567,2,0.9117,1,2,ALERTA: deteccion confiable (0.90)
541,47.732,22.3628,34.1032,3,0.8514,1,2,ALERTA: deteccion confiable (0.90)
542,47.798,20.9087,30.983,3,0.8491,1,2,ALERTA: deteccion confiable (0.90)
543,47.865,20.6313,31.7907,3,0.8242,1,2,ALERTA: deteccion confiable (0.90)
544,47.929,21.4878,30.3111,3,0.7559,1,2,ALERTA: deteccion confiable (0.90)
545,48.003,18.0372,31.446,2,0.8011,1,2,ALERTA: deteccion confiable (0.90)
546,48.067,21.6109,33.5529,2,0.7986,1,2,ALERTA: deteccion confiable (0.90)
547,48.137,19.3143,35.629,2,0.7256,1,2,ALERTA: deteccion confiable (0.90)
548,48.201,21.7425,35.2399,1,0.5291,1,2,ALERTA: deteccion confiable (0.90)
549,48.265,21.7698,31.3132,0,,1,2,ALERTA: deteccion confiable (0.90)
550,48.342,16.8064,36.3379,0,,1,2,ALERTA: deteccion confiable (0.90)
551,48.393,29.8925,27.7011,0,,1,2,ALERTA: deteccion confiable (0.90)
552,48.471,16.4037,32.7709,0,,1,2,ALERTA: deteccion confiable (0.90)
553,48.532,22.7371,32.439,0,,1,2,ALERTA: deteccion confiable (0.90)
554,48.605,17.6488,34.62,0,,1,2,ALERTA: deteccion confiable (0.90)
555,48.667,22.021,34.2071,0,,1,2,ALERTA: deteccion confiable (0.90)
556,48.736,19.5438,33.448,0,,1,2,ALERTA: deteccion confiable (0.90)
557,48.802,20.6718,32.0382,0,,1,2,ALERTA: deteccion confiable (0.90)
558,48.87,19.7305,31.6648,0,,1,2,ALERTA: deteccion confiable (0.90)
559,48.935,20.6112,33.7279,0,,1,2,ALERTA: deteccion confiable (0.90)
560,49.003,19.6606,31.2681,0,,1,2,ALERTA: deteccion confiable (0.90)
561,49.065,22.1987,29.078,1,0.6855,1,2,ALERTA: deteccion confiable (0.90)
562,49.139,18.1539,32.45,1,0.7836,1,2,ALERTA: deteccion confiable (0.90)
563,49.203,21.9641,32.7389,2,0.8997,2,2,ALERTA: deteccion confiable (0.90)
564,49.272,20.1466,34.2352,2,0.8863,2,2,ALERTA: deteccion confiable (0.90)
565,49.334,23.034,30.3571,3,0.8283,2,2,ALERTA: deteccion confiable (0.90)
566,49.429,12.8877,29.5806,3,0.8712,2,2,ALERTA: deteccion confiable (0.90)
567,49.481,30.1421,30.5243,3,0.8319,2,2,ALERTA: deteccion confiable (0.90)
568,49.557,17.267,29.7432,3,0.857,2,2,ALERTA: deteccion confiable (0.90)
569,49.615,25.2652,29.3498,3,0.811,2,2,ALERTA: deteccion confiable (0.90)
570,49.688,18.0982,30.5848,3,0.8343,2,2,ALERTA: deteccion confiable (0.90)
571,49.753,21.2301,31.9402,3,0.8301,2,2,ALERTA: deteccion confiable (0.90)
572,49.819,21.198,30.658,3,0.8524,2,2,ALERTA: deteccion confiable (0.90)
573,49.885,20.4783,29.995,3,0.8545,2,2,ALERTA: deteccion confiable (0.90)
574,49.951,20.8543,29.634,3,0.8097,2,2,ALERTA: deteccion confiable (0.90)
575,50.02,19.4503,30.1588,3,0.813,2,2,ALERTA: deteccion confiable (0.90)
576,50.085,20.9573,30.2138,3,0.8211,2,2,ALERTA: deteccion confiable (0.90)
577,50.153,20.2552,31.0111,3,0.8575,2,2,ALERTA: deteccion confiable (0.90)
578,50.223,19.4542,30.9682,3,0.8135,2,2,ALERTA: deteccion confiable (0.90)
579,50.285,22.2677,31.7612,3,0.8652,2,2,ALERTA: deteccion confiable (0.90)
580,50.351,21.0624,31.0178,3,0.8515,2,2,ALERTA: deteccion confiable (0.90)
581,50.418,20.3393,30.1108,3,0.8637,2,2,ALERTA: deteccion confiable (0.90)
582,50.488,18.9065,31.9018,3,0.8227,2,2,ALERTA: deteccion confiable (0.90)
583,50.553,20.9988,31.5099,3,0.8772,2,2,ALERTA: deteccion confiable (0.90)
584,50.619,20.7741,31.4341,3,0.8491,2,2,ALERTA: deteccion confiable (0.90)
585,50.688,19.8807,31.6501,3,0.8604,2,2,ALERTA: deteccion confiable (0.90)
586,50.752,21.7264,31.683,3,0.8275,2,2,ALERTA: deteccion confiable (0.90)
587,50.82,20.0284,31.713,3,0.7903,2,2,ALERTA: deteccion confiable (0.90)
588,50.89,18.7932,35.0659,2,0.8346,2,2,ALERTA: deteccion confiable (0.90)
589,50.954,21.9515,35.8491,1,0.9064,2,2,ALERTA: deteccion confiable (0.90)
590,51.027,17.9398,40.3371,2,0.6741,2,2,ALERTA: deteccion confiable (0.90)
591,51.083,26.7051,32.1529,1,0.9006,2,3,ALERTA: deteccion confiable (0.90)
592,51.173,13.7056,28.6293,0,,2,3,ALERTA: deteccion confiable (0.90)
593,51.229,26.1719,27.854,0,,2,3,ALERTA: deteccion confiable (0.90)
594,51.31,15.9154,33.6032,0,,2,3,ALERTA: deteccion confiable (0.90)
595,51.366,25.3247,32.547,0,,2,3,ALERTA: deteccion confiable (0.90)
596,51.441,17.1503,35.2597,0,,2,3,ALERTA: deteccion confiable (0.90)
597,51.504,21.9578,34.0858,0,,2,3,ALERTA: deteccion confiable (0.90)
598,51.575,18.4091,34.1749,0,,2,3,ALERTA: deteccion confiable (0.90)
599,51.632,25.2972,28.2612,0,,2,3,ALERTA: deteccion confiable (0.90)
600,51.704,18.4743,29.0103,1,0.7077,2,3,ALERTA: deteccion confiable (0.90)
601,51.774,19.3682,32.3122,1,0.7248,2,3,ALERTA: deteccion confiable (0.90)
602,51.838,21.2495,31.9498,1,0.8992,2,3,ALERTA: deteccion confiable (0.90)
603,51.907,19.8181,31.7969,1,0.8869,2,3,ALERTA: deteccion confiable (0.90)
604,51.969,23.0282,30.9658,2,0.8576,2,3,ALERTA: deteccion confiable (0.90)
605,52.065,13.0421,30.9451,3,0.7811,2,3,ALERTA: deteccion confiable (0.90)
606,52.118,29.2011,31.4281,3,0.7803,2,3,ALERTA: deteccion confiable (0.90)
607,52.189,19.0211,30.2041,3,0.844,2,3,ALERTA: deteccion confiable (0.90)
608,52.254,21.3141,31.1019,3,0.801,2,3,ALERTA: deteccion confiable (0.90)
609,52.322,20.2963,30.0989,3,0.8602,2,3,ALERTA: deteccion confiable (0.90)
610,52.385,22.2504,30.2689,3,0.825,2,3,ALERTA: deteccion confiable (0.90)
611,52.458,18.37,31.2099,3,0.8586,2,3,ALERTA: deteccion confiable (0.90)
612,52.52,22.355,29.9993,3,0.837,2,3,ALERTA: deteccion confiable (0.90)
613,52.587,20.5457,30.184,3,0.8471,2,3,ALERTA: deteccion confiable (0.90)
614,52.653,20.8646,30.1659,3,0.8035,2,3,ALERTA: deteccion confiable (0.90)
615,52.72,19.9785,29.7379,3,0.7963,2,3,ALERTA: deteccion confiable (0.90)
616,52.789,19.5039,29.5041,3,0.825,2,3,ALERTA: deteccion confiable (0.90)
617,52.853,21.5779,30.1418,3,0.7983,2,3,ALERTA: deteccion confiable (0.90)
618,52.924,18.5998,30.3469,3,0.7329,2,3,ALERTA: deteccion confiable (0.90)
619,52.987,21.8444,31.9619,3,0.7798,2,3,ALERTA: deteccion confiable (0.90)
620,53.061,17.9843,34.4563,2,0.6666,2,3,ALERTA: deteccion confiable (0.90)
621,53.125,21.347,38.7321,1,0.8687,2,3,ALERTA: deteccion confiable (0.90)
622,53.197,18.8182,40.1459,2,0.9179,2,3,ALERTA: deteccion confiable (0.90)
623,53.252,27.1856,31.841,2,0.8312,2,3,ALERTA: deteccion confiable (0.90)
624,53.35,12.4415,38.2023,2,0.4633,3,4,ALERTA: deteccion confiable (0.90)
625,53.396,36.058,26.6192,0,,3,4,ALERTA: deteccion confiable (0.90)
626,53.481,14.4356,28.2938,0,,3,4,ALERTA: deteccion confiable (0.90)
627,53.527,34.8358,24.075,0,,3,4,ALERTA: deteccion confiable (0.90)
628,53.607,15.7423,26.3932,0,,3,4,ALERTA: deteccion confiable (0.90)
629,53.667,23.1342,27.298,0,,3,4,ALERTA: deteccion confiable (0.90)
630,53.741,17.6155,25.512,0,,3,4,ALERTA: deteccion confiable (0.90)
631,53.799,24.5882,25.3201,0,,3,4,ALERTA: deteccion confiable (0.90)
632,53.877,16.2264,26.3002,0,,3,4,ALERTA: deteccion confiable (0.90)
633,53.931,26.8824,25.1279,0,,3,4,ALERTA: deteccion confiable (0.90)
634,54.009,16.1828,25.8391,0,,3,4,ALERTA: deteccion confiable (0.90)
635,54.067,24.4326,25.3801,0,,3,4,ALERTA: deteccion confiable (0.90)
636,54.144,16.3524,25.6083,0,,3,4,ALERTA: deteccion confiable (0.90)
637,54.203,23.2634,25.1541,0,,3,4,ALERTA: deteccion confiable (0.90)
638,54.282,15.7322,27.3049,0,,3,4,ALERTA: deteccion confiable (0.90)
639,54.337,25.9682,27.6959,1,0.4245,3,4,ALERTA: deteccion confiable (0.90)
640,54.414,16.2001,25.6929,1,0.4435,3,4,ALERTA: deteccion confiable (0.90)
641,54.469,26.0559,25.6371,0,,3,4,ALERTA: deteccion confiable (0.90)
642,54.547,16.1714,26.803,1,0.4222,3,4,ALERTA: deteccion confiable (0.90)
643,54.603,25.3345,25.4509,0,,3,4,ALERTA: deteccion confiable (0.90)
644,54.681,16.108,26.196,0,,3,4,ALERTA: deteccion confiable (0.90)
645,54.739,24.0889,25.996,0,,3,4,ALERTA: deteccion confiable (0.90)
646,54.811,17.934,25.142,0,,3,4,ALERTA: deteccion confiable (0.90)
647,54.879,19.3237,26.3381,0,,3,4,ALERTA: deteccion confiable (0.90)
648,54.934,26.128,27.3511,0,,3,4,ALERTA: deteccion confiable (0.90)
649,55.012,16.1051,25.5461,0,,3,4,ALERTA: deteccion confiable (0.90)
650,55.075,21.113,25.6641,0,,3,4,ALERTA: deteccion confiable (0.90)
651,55.146,18.0284,25.2919,0,,3,4,ALERTA: deteccion confiable (0.90)
652,55.213,19.0913,26.2909,0,,3,4,ALERTA: deteccion confiable (0.90)
653,55.277,21.3265,26.6221,1,0.6838,3,4,ALERTA: deteccion confiable (0.90)
654,55.348,18.8136,30.4019,1,0.8221,4,4,ALERTA: deteccion confiable (0.82)
655,55.417,19.9258,31.2252,2,0.8948,4,4,ALERTA: deteccion confiable (0.82)
656,55.484,20.2204,30.05,2,0.906,4,4,ALERTA: deteccion confiable (0.82)
657,55.543,24.1478,30.1058,3,0.8224,4,4,ALERTA: deteccion confiable (0.82)
658,55.616,18.3496,29.3751,3,0.7747,4,4,ALERTA: deteccion confiable (0.82)
659,55.682,21.0111,30.6308,3,0.78,4,4,ALERTA: deteccion confiable (0.82)
660,55.749,20.1483,30.8402,3,0.8133,4,4,ALERTA: deteccion confiable (0.82)
661,55.816,20.9852,31.4269,3,0.8329,4,4,ALERTA: deteccion confiable (0.82)
662,55.884,19.6545,31.008,3,0.8059,4,4,ALERTA: deteccion confiable (0.82)
663,55.948,21.6024,29.9728,3,0.8148,4,4,ALERTA: deteccion confiable (0.82)
664,56.016,19.8134,30.005,3,0.7975,4,4,ALERTA: deteccion confiable (0.82)
665,56.084,20.2824,30.6113,3,0.8225,4,4,ALERTA: deteccion confiable (0.82)
666,56.149,21.2811,30.52,3,0.811,4,4,ALERTA: deteccion confiable (0.82)
667,56.213,21.4888,31.1718,3,0.8196,4,4,ALERTA: deteccion confiable (0.82)
668,56.287,17.5005,30.9582,3,0.8263,4,4,ALERTA: deteccion confiable (0.82)
669,56.347,23.8333,29.7461,3,0.8362,4,4,ALERTA: deteccion confiable (0.82)
670,56.418,18.6303,29.4759,3,0.8565,4,4,ALERTA: deteccion confiable (0.82)
671,56.484,20.4161,30.5631,3,0.8482,4,4,ALERTA: deteccion confiable (0.82)
672,56.547,22.0488,30.1611,3,0.8383,4,4,ALERTA: deteccion confiable (0.82)
673,56.62,18.1683,29.3689,3,0.8346,4,4,ALERTA: deteccion confiable (0.82)
674,56.677,25.5252,29.4318,3,0.8123,4,4,ALERTA: deteccion confiable (0.82)
675,56.754,16.8308,31.018,3,0.8352,4,4,ALERTA: deteccion confiable (0.82)
676,56.809,26.2211,29.3441,3,0.7805,4,4,ALERTA: deteccion confiable (0.82)
677,56.887,16.6016,31.378,3,0.756,4,4,ALERTA: deteccion confiable (0.82)
678,56.948,23.3257,30.8292,3,0.7582,4,4,ALERTA: deteccion confiable (0.82)
679,57.018,18.7077,34.6789,3,0.745,4,4,ALERTA: deteccion confiable (0.82)
680,57.084,20.6204,33.5398,2,0.9121,4,4,ALERTA: deteccion confiable (0.82)
681,57.153,19.486,35.2712,2,0.889,4,4,ALERTA: deteccion confiable (0.82)
682,57.213,23.9274,32.0859,3,0.719,4,4,ALERTA: deteccion confiable (0.82)
683,57.287,17.9469,32.7423,2,0.6625,4,4,ALERTA: deteccion confiable (0.82)
684,57.348,23.174,36.3522,1,0.7327,4,4,ALERTA: deteccion confiable (0.82)
685,57.414,20.9992,28.0924,0,,4,4,ALERTA: deteccion confiable (0.82)
686,57.481,19.7386,27.0672,0,,4,4,ALERTA: deteccion confiable (0.82)
687,57.547,20.1877,27.0472,0,,4,4,ALERTA: deteccion confiable (0.82)
688,57.621,17.8097,32.4359,0,,4,4,ALERTA: deteccion confiable (0.82)
689,57.684,21.4921,33.6668,0,,4,4,ALERTA: deteccion confiable (0.82)
690,57.755,18.497,34.8911,0,,4,4,ALERTA: deteccion confiable (0.82)
691,57.817,22.4488,33.3791,0,,4,4,ALERTA: deteccion confiable (0.82)
692,57.891,17.328,35.645,0,,4,4,ALERTA: deteccion confiable (0.82)
693,57.951,23.6228,34.1728,0,,4,4,ALERTA: deteccion confiable (0.82)
694,58.02,19.2675,32.3517,0,,4,4,ALERTA: deteccion confiable (0.82)
695,58.088,19.3521,33.6468,0,,4,4,ALERTA: deteccion confiable (0.82)
696,58.153,20.7965,32.3319,0,,4,4,ALERTA: deteccion confiable (0.82)
697,58.222,19.2464,32.4082,0,,4,4,ALERTA: deteccion confiable (0.82)
698,58.288,20.0929,32.697,0,,4,4,ALERTA: deteccion confiable (0.82)
699,58.351,21.1113,30.592,0,,4,4,ALERTA: deteccion confiable (0.82)
700,58.422,17.9672,31.0836,0,,4,4,ALERTA: deteccion confiable (0.82)
701,58.492,18.5405,34.327,0,,4,4,ALERTA: deteccion confiable (0.82)
702,58.555,21.5875,34.775,0,,4,4,ALERTA: deteccion confiable (0.82)
703,58.624,19.5077,35.1789,0,,4,4,ALERTA: deteccion confiable (0.82)
704,58.691,19.8878,35.1169,0,,4,4,ALERTA: deteccion confiable (0.82)
705,58.752,23.1268,31.682,0,,4,4,ALERTA: deteccion confiable (0.82)
706,58.828,16.8552,32.6653,0,,4,4,ALERTA: deteccion confiable (0.82)
707,58.894,20.6485,38.5327,0,,4,4,ALERTA: deteccion confiable (0.82)
708,58.954,23.8361,35.259,0,,4,4,ALERTA: deteccion confiable (0.82)
709,59.026,18.1275,32.0981,0,,4,4,ALERTA: deteccion confiable (0.82)
710,59.096,18.677,37.0328,0,,4,4,ALERTA: deteccion confiable (0.82)
711,59.155,24.1396,31.903,0,,4,4,ALERTA: deteccion confiable (0.82)
712,59.231,16.4772,35.7373,0,,4,4,ALERTA: deteccion confiable (0.82)
713,59.293,22.6158,36.9689,0,,4,4,ALERTA: deteccion confiable (0.82)
714,59.348,26.0605,25.5768,1,0.4274,4,4,ALERTA: deteccion confiable (0.82)
715,59.425,16.9253,24.9391,1,0.5583,4,4,ALERTA: deteccion confiable (0.82)
716,59.484,24.2273,25.3,1,0.7047,4,4,ALERTA: deteccion confiable (0.82)
717,59.559,17.2055,26.1843,1,0.6714,4,4,ALERTA: deteccion confiable (0.82)
718,59.616,24.8398,26.1104,1,0.8096,4,4,ALERTA: deteccion confiable (0.81)
719,59.694,16.4404,26.4671,1,0.8329,4,4,ALERTA: deteccion confiable (0.81)
720,59.748,26.6467,25.7432,1,0.6252,5,4,ALERTA: deteccion confiable (0.81)
721,59.825,16.4517,25.4922,1,0.816,5,4,ALERTA: deteccion confiable (0.81)
722,59.889,21.1251,27.0422,1,0.8326,5,5,ALERTA: deteccion confiable (0.81)
723,59.955,19.9395,26.2799,1,0.847,5,5,ALERTA: deteccion confiable (0.81)
724,60.022,19.4655,25.6341,1,0.8534,5,5,ALERTA: deteccion confiable (0.81)
725,60.088,19.7785,26.3202,1,0.8169,5,5,ALERTA: deteccion confiable (0.81)
726,60.159,18.4535,25.5508,1,0.8479,5,5,ALERTA: deteccion confiable (0.81)
727,60.224,20.1224,25.5511,1,0.8542,5,5,ALERTA: deteccion confiable (0.81)
728,60.292,19.4323,26.262,1,0.856,5,5,ALERTA: deteccion confiable (0.81)
729,60.36,19.3544,26.0763,1,0.8763,5,5,ALERTA: deteccion confiable (0.81)
730,60.427,19.7467,26.2718,1,0.8442,5,5,ALERTA: deteccion confiable (0.81)
731,60.492,20.5334,26.1168,1,0.8681,5,5,ALERTA: deteccion confiable (0.81)
732,60.559,19.486,25.7673,1,0.8738,5,5,ALERTA: deteccion confiable (0.81)
733,60.63,18.1488,25.8861,1,0.8716,5,5,ALERTA: deteccion confiable (0.81)
734,60.694,21.1788,26.576,1,0.8554,5,5,ALERTA: deteccion confiable (0.81)
735,60.757,20.8147,25.8749,1,0.8703,5,5,ALERTA: deteccion confiable (0.81)
736,60.831,17.1603,26.7897,1,0.8789,5,5,ALERTA: deteccion confiable (0.81)
737,60.891,22.6445,27.221,1,0.8637,5,5,ALERTA: deteccion confiable (0.81)
738,60.966,16.8802,26.9041,1,0.8204,5,5,ALERTA: deteccion confiable (0.81)
739,61.023,24.2855,26.8738,1,0.7995,5,5,ALERTA: deteccion confiable (0.81)
740,61.1,16.4542,27.8621,1,0.7081,5,5,ALERTA: deteccion confiable (0.81)
741,61.164,21.272,27.555,1,0.8433,5,5,ALERTA: deteccion confiable (0.81)
742,61.233,19.7425,32.3889,2,0.6683,5,5,ALERTA: deteccion confiable (0.81)
743,61.3,20.5166,29.8278,2,0.7026,5,5,ALERTA: deteccion confiable (0.81)
744,61.363,22.1601,29.9051,2,0.7005,5,5,ALERTA: deteccion confiable (0.81)
745,61.431,19.9012,28.4431,2,0.742,5,5,ALERTA: deteccion confiable (0.81)
746,61.501,18.9104,29.521,2,0.7113,5,5,ALERTA: deteccion confiable (0.81)
747,61.567,20.5669,31.5359,2,0.7808,5,5,ALERTA: deteccion confiable (0.81)
748,61.624,25.8472,29.6762,2,0.7121,5,5,ALERTA: deteccion confiable (0.81)
749,61.704,16.0839,31.0671,2,0.7546,5,5,ALERTA: deteccion confiable (0.75)
750,61.76,26.0715,29.243,2,0.695,5,5,ALERTA: deteccion confiable (0.75)
751,61.838,16.6497,31.4939,2,0.7134,5,5,ALERTA: deteccion confiable (0.75)
752,61.897,24.2288,30.3602,2,0.7254,5,5,ALERTA: deteccion confiable (0.75)
753,61.965,19.8276,29.927,3,0.7458,5,5,ALERTA: deteccion confiable (0.75)
754,62.031,20.8029,28.8432,3,0.7223,5,5,ALERTA: deteccion confiable (0.75)
755,62.104,18.3557,30.3302,3,0.6916,5,5,ALERTA: deteccion confiable (0.75)
756,62.163,24.4265,30.3781,2,0.8471,5,6,ALERTA: deteccion confiable (0.75)
757,62.233,19.024,30.6468,2,0.8652,5,6,ALERTA: deteccion confiable (0.75)
758,62.3,20.3014,31.0578,2,0.8585,5,6,ALERTA: deteccion confiable (0.75)
759,62.366,20.5783,30.3962,1,0.9023,5,6,ALERTA: deteccion confiable (0.75)
760,62.433,20.0245,30.205,1,0.9119,5,6,ALERTA: deteccion confiable (0.75)
761,62.496,22.2528,29.9301,1,0.9259,5,6,ALERTA: deteccion confiable (0.75)
762,62.569,18.1114,30.009,1,0.9368,5,6,ALERTA: deteccion confiable (0.75)
763,62.629,23.5794,30.679,1,0.9392,5,6,ALERTA: deteccion confiable (0.75)
764,62.704,17.4404,32.0659,1,0.934,5,6,ALERTA: deteccion confiable (0.75)
765,62.763,23.8822,31.1,1,0.9334,5,6,ALERTA: deteccion confiable (0.75)
766,62.832,19.0795,30.8888,1,0.932,5,6,ALERTA: deteccion confiable (0.75)
767,62.9,19.9685,30.4282,1,0.934,5,6,ALERTA: deteccion confiable (0.75)
768,62.967,20.2404,31.5189,2,0.798,5,6,ALERTA: deteccion confiable (0.75)
769,63.031,21.6235,30.756,2,0.8416,5,6,ALERTA: deteccion confiable (0.75)
770,63.104,18.2801,31.044,2,0.8573,5,6,ALERTA: deteccion confiable (0.75)
771,63.161,25.0803,30.1299,2,0.8539,5,6,ALERTA: deteccion confiable (0.75)
772,63.235,17.7064,30.3018,2,0.8571,5,6,ALERTA: deteccion confiable (0.75)
773,63.299,21.8083,31.456,2,0.8559,5,6,ALERTA: deteccion confiable (0.75)
774,63.368,19.2805,30.6549,2,0.8911,5,6,ALERTA: deteccion confiable (0.75)
775,63.431,21.7704,31.0531,2,0.8853,5,6,ALERTA: deteccion confiable (0.75)
776,63.502,18.8477,31.6601,2,0.798,5,6,ALERTA: deteccion confiable (0.75)
777,63.566,21.952,31.2731,2,0.7913,6,6,ALERTA: deteccion confiable (0.75)
778,63.633,20.3654,30.8671,2,0.8062,6,6,ALERTA: deteccion confiable (0.75)
779,63.698,21.0735,31.466,2,0.872,6,6,ALERTA: deteccion confiable (0.75)
780,63.77,18.5585,31.8699,2,0.8729,6,6,ALERTA: deteccion confiable (0.87)
781,63.83,23.8811,30.9279,2,0.888,6,6,ALERTA: deteccion confiable (0.87)
782,63.906,17.0613,31.7121,2,0.8805,6,6,ALERTA: deteccion confiable (0.87)
783,63.964,24.6531,30.3729,2,0.8718,6,6,ALERTA: deteccion confiable (0.87)
784,64.037,18.3157,32.057,2,0.874,6,6,ALERTA: deteccion confiable (0.87)
785,64.099,22.6101,32.2721,2,0.9116,6,6,ALERTA: deteccion confiable (0.87)
786,64.168,19.514,31.8651,2,0.7996,6,6,ALERTA: deteccion confiable (0.87)
787,64.23,22.7644,30.4897,2,0.9098,6,6,ALERTA: deteccion confiable (0.87)
788,64.303,18.3016,31.251,2,0.8995,6,6,ALERTA: deteccion confiable (0.87)
789,64.364,22.9763,30.9389,2,0.7723,6,6,ALERTA: deteccion confiable (0.87)
790,64.439,17.606,31.5912,2,0.9236,6,6,ALERTA: deteccion confiable (0.87)
791,64.496,25.0396,30.957,2,0.9363,6,6,ALERTA: deteccion confiable (0.87)
792,64.569,18.1877,32.0029,2,0.9116,6,7,ALERTA: deteccion confiable (0.87)
793,64.63,23.3285,31.2729,2,0.9354,6,7,ALERTA: deteccion confiable (0.87)
794,64.699,19.6044,31.2469,2,0.936,6,7,ALERTA: deteccion confiable (0.87)
795,64.766,20.2207,30.1609,2,0.9242,6,7,ALERTA: deteccion confiable (0.87)
796,64.834,20.0782,30.684,2,0.9257,6,7,ALERTA: deteccion confiable (0.87)
797,64.899,21.9574,31.8003,2,0.8927,6,7,ALERTA: deteccion confiable (0.87)
798,64.965,20.758,32.285,2,0.8963,6,7,ALERTA: deteccion confiable (0.87)
799,65.035,19.0781,33.617,2,0.9017,6,7,ALERTA: deteccion confiable (0.87)
800,65.097,22.5669,32.598,3,0.8008,6,7,ALERTA: deteccion confiable (0.87)
801,65.163,21.2318,33.751,3,0.7889,6,7,ALERTA: deteccion confiable (0.87)
802,65.237,18.1344,34.7419,3,0.7768,6,7,ALERTA: deteccion confiable (0.87)
803,65.305,20.411,35.4011,2,0.7287,6,7,ALERTA: deteccion confiable (0.87)
804,65.369,21.8003,33.1821,1,0.9162,6,7,ALERTA: deteccion confiable (0.87)
805,65.438,19.442,33.303,2,0.7776,6,7,ALERTA: deteccion confiable (0.87)
806,65.506,20.2486,32.809,2,0.8089,6,7,ALERTA: deteccion confiable (0.87)
807,65.557,30.1008,30.242,2,0.7881,6,7,ALERTA: deteccion confiable (0.87)
808,65.634,16.4807,31.131,1,0.9281,6,7,ALERTA: deteccion confiable (0.87)
809,65.704,19.3443,32.156,2,0.8095,6,7,ALERTA: deteccion confiable (0.87)
810,65.759,30.9023,31.5137,2,0.9047,6,7,ALERTA: deteccion confiable (0.87)
811,65.836,16.7974,31.9841,2,0.9082,6,7,ALERTA: deteccion confiable (0.91)
812,65.908,19.3555,36.2368,2,0.9024,6,7,ALERTA: deteccion confiable (0.91)
813,66.002,13.1669,33.8073,2,0.8891,6,7,ALERTA: deteccion confiable (0.91)
814,66.057,26.8817,30.5653,2,0.8937,6,7,ALERTA: deteccion confiable (0.91)
815,66.136,16.3068,33.1521,2,0.9128,6,7,ALERTA: deteccion confiable (0.91)
816,66.197,23.1772,32.9893,3,0.7692,6,7,ALERTA: deteccion confiable (0.91)
817,66.266,19.2593,29.9032,3,0.766,6,7,ALERTA: deteccion confiable (0.91)
818,66.332,21.106,30.9231,2,0.9254,6,7,ALERTA: deteccion confiable (0.91)
819,66.404,18.5635,31.9452,3,0.8755,6,7,ALERTA: deteccion confiable (0.91)
820,66.46,26.1015,29.6619,3,0.8852,6,7,ALERTA: deteccion confiable (0.91)
821,66.538,16.5713,32.275,3,0.9177,6,7,ALERTA: deteccion confiable (0.91)
822,66.595,26.0585,30.5994,3,0.9053,6,7,ALERTA: deteccion confiable (0.91)
823,66.666,18.7715,31.178,4,0.793,6,7,ALERTA: deteccion confiable (0.91)
824,66.733,20.4641,31.0149,4,0.7933,6,7,ALERTA: deteccion confiable (0.91)
825,66.797,21.6076,29.8619,3,0.8969,6,7,ALERTA: deteccion confiable (0.91)
826,66.865,19.7438,31.122,3,0.8763,6,7,ALERTA: deteccion confiable (0.91)
827,66.933,20.1248,31.4012,3,0.905,6,7,ALERTA: deteccion confiable (0.91)
828,66.998,21.2522,31.157,3,0.8464,6,7,ALERTA: deteccion confiable (0.91)
829,67.065,20.1772,31.0349,4,0.7376,6,7,ALERTA: deteccion confiable (0.91)
830,67.134,19.8165,31.698,3,0.7528,6,7,ALERTA: deteccion confiable (0.91)
831,67.197,22.1765,30.7539,3,0.7428,6,7,ALERTA: deteccion confiable (0.91)
832,67.267,18.6185,30.4871,2,0.8893,6,7,ALERTA: deteccion confiable (0.91)
833,67.331,21.5462,31.05,3,0.7339,6,7,ALERTA: deteccion confiable (0.91)
834,67.4,19.4826,33.8628,4,0.701,6,7,ALERTA: deteccion confiable (0.91)
835,67.457,25.9141,30.741,4,0.7417,6,7,ALERTA: deteccion confiable (0.91)
836,67.525,19.6072,31.9078,2,0.8343,6,7,ALERTA: deteccion confiable (0.91)
837,67.59,20.7858,30.875,3,0.6763,6,7,ALERTA: deteccion confiable (0.91)
838,67.656,20.2254,30.1361,3,0.7494,6,7,ALERTA: deteccion confiable (0.91)
839,67.724,19.9065,30.3602,3,0.7614,6,7,ALERTA: deteccion confiable (0.91)
840,67.8,16.8931,30.7498,3,0.7592,6,7,ALERTA: deteccion confiable (0.91)
841,67.867,20.1353,31.0569,3,0.7749,6,7,ALERTA: densidad alta de personas (3)
842,67.928,25.1318,32.5181,3,0.7612,6,7,ALERTA: densidad alta de personas (3)
843,67.992,21.5238,31.3799,3,0.7438,6,7,ALERTA: densidad alta de personas (3)
844,68.067,17.1727,31.8859,4,0.7862,6,7,ALERTA: densidad alta de personas (3)
845,68.135,19.7056,32.8491,4,0.8155,6,7,ALERTA: densidad alta de personas (3)
846,68.2,21.2369,34.3199,3,0.9,6,7,ALERTA: densidad alta de personas (3)
847,68.268,19.6641,33.421,3,0.886,6,7,ALERTA: densidad alta de personas (3)
848,68.335,20.3994,34.4398,3,0.8656,7,7,ALERTA: densidad alta de personas (3)
849,68.396,23.5005,34.9388,3,0.8597,7,7,ALERTA: densidad alta de personas (3)
850,68.461,21.1686,34.0941,3,0.8617,7,7,ALERTA: densidad alta de personas (3)
851,68.528,20.3,34.2832,2,0.8118,7,7,ALERTA: densidad alta de personas (3)
852,68.592,21.5834,31.806,2,0.8614,7,7,ALERTA: densidad alta de personas (3)
853,68.658,20.3534,31.611,2,0.8874,7,7,ALERTA: densidad alta de personas (3)
854,68.727,19.7675,32.541,2,0.8899,7,7,ALERTA: densidad alta de personas (3)
855,68.802,17.2506,29.4411,2,0.7784,7,7,ALERTA: densidad alta de personas (3)
856,68.864,22.49,29.505,3,0.7165,7,7,ALERTA: densidad alta de personas (3)
857,68.935,18.5093,30.5429,2,0.7441,7,7,ALERTA: densidad alta de personas (3)
858,68.998,22.1946,31.4744,2,0.7217,7,7,ALERTA: densidad alta de personas (3)
859,69.069,18.6286,33.535,2,0.75,7,7,ALERTA: densidad alta de personas (3)
860,69.133,21.5777,32.244,2,0.7438,7,7,ALERTA: densidad alta de personas (3)
861,69.202,19.2597,34.318,2,0.726,7,7,ALERTA: densidad alta de personas (3)
862,69.258,26.3776,31.0862,2,0.753,7,7,ALERTA: densidad alta de personas (3)
863,69.324,20.6381,29.51,2,0.7331,7,7,ALERTA: densidad alta de personas (3)
864,69.405,15.5931,29.711,2,0.7373,7,7,ALERTA: densidad alta de personas (3)
865,69.464,23.7226,30.699,2,0.7254,7,7,ALERTA: densidad alta de personas (3)
866,69.525,23.4032,29.4631,2,0.7216,7,7,ALERTA: densidad alta de personas (3)
867,69.591,20.2042,30.4358,2,0.7438,7,7,ALERTA: densidad alta de personas (3)
868,69.656,20.7567,29.4154,2,0.7088,7,7,ALERTA: densidad alta de personas (3)
869,69.723,19.727,30.793,2,0.7234,7,7,ALERTA: densidad alta de personas (3)
870,69.799,17.0393,28.3842,2,0.7178,7,7,ALERTA: densidad alta de personas (3)
871,69.864,20.382,29.6872,2,0.7294,7,7,ALERTA: densidad alta de personas (3)
872,69.936,18.138,29.6209,2,0.7123,7,7,ALERTA: densidad alta de personas (3)
873,69.999,21.6686,29.8219,2,0.7066,7,7,ALERTA: densidad alta de personas (3)
874,70.065,20.3144,30.1719,2,0.7317,7,7,ALERTA: densidad alta de personas (3)
875,70.133,19.3143,30.3121,2,0.7232,7,7,ALERTA: densidad alta de personas (3)
876,70.199,20.2077,30.1225,2,0.7265,7,7,ALERTA: densidad alta de personas (3)
877,70.267,19.3644,30.442,2,0.716,7,7,ALERTA: densidad alta de personas (3)
878,70.333,21.3881,30.0899,2,0.7275,7,7,ALERTA: densidad alta de personas (3)
879,70.398,20.2466,29.7301,2,0.74,7,7,ALERTA: densidad alta de personas (3)
880,70.469,18.511,30.5538,2,0.7215,7,7,ALERTA: densidad alta de personas (3)
881,70.533,21.0838,30.0438,2,0.7376,7,7,ALERTA: densidad alta de personas (3)
882,70.599,20.295,29.3987,2,0.747,7,7,ALERTA: densidad alta de personas (3)
883,70.67,18.3217,33.1798,2,0.7569,7,7,ALERTA: deteccion confiable (0.76)
884,70.729,28.3024,30.3953,2,0.7622,7,7,ALERTA: deteccion confiable (0.76)
885,70.8,18.4655,30.3428,2,0.7549,7,7,ALERTA: deteccion confiable (0.76)
886,70.87,19.028,34.7159,2,0.7328,7,7,ALERTA: deteccion confiable (0.76)
887,70.939,19.2745,35.3341,2,0.741,7,7,ALERTA: deteccion confiable (0.76)
888,71.003,21.646,35.3439,2,0.729,7,7,ALERTA: deteccion confiable (0.76)
889,71.072,19.4704,35.3708,2,0.7223,7,7,ALERTA: deteccion confiable (0.76)
890,71.14,20.6722,35.2583,2,0.7158,7,7,ALERTA: deteccion confiable (0.76)
891,71.205,20.4508,35.2721,2,0.7325,7,7,ALERTA: deteccion confiable (0.76)
892,71.264,23.4319,31.6911,2,0.739,7,7,ALERTA: deteccion confiable (0.76)
893,71.333,19.4704,32.9359,2,0.7731,7,7,ALERTA: deteccion confiable (0.76)
894,71.401,19.7499,32.805,2,0.7313,7,7,ALERTA: deteccion confiable (0.76)
895,71.468,19.8342,33.6552,2,0.7464,7,7,ALERTA: deteccion confiable (0.76)
896,71.539,18.7087,34.8351,2,0.7093,7,7,ALERTA: deteccion confiable (0.76)
897,71.601,22.5327,34.0261,2,0.6909,7,7,ALERTA: deteccion confiable (0.76)
898,71.669,19.7617,33.057,2,0.6881,7,7,ALERTA: deteccion confiable (0.76)
899,71.734,20.6902,32.4349,2,0.7108,7,7,ALERTA: deteccion confiable (0.76)
900,71.803,19.5274,31.6911,2,0.7278,7,7,ALERTA: deteccion confiable (0.76)
901,71.872,19.3969,32.902,2,0.723,7,7,ALERTA: deteccion confiable (0.76)
902,71.929,26.1657,30.2262,2,0.7223,7,7,ALERTA: deteccion confiable (0.76)
903,72.003,17.1486,31.3058,2,0.7226,7,7,ALERTA: deteccion confiable (0.76)
904,72.066,21.7618,32.3179,2,0.7334,7,7,ALERTA: deteccion confiable (0.76)
905,72.131,20.8407,29.788,2,0.7255,7,7,ALERTA: deteccion confiable (0.76)
906,72.201,18.5075,28.203,2,0.7117,7,7,ALERTA: deteccion confiable (0.76)
907,72.258,25.2997,29.1319,2,0.7136,7,7,ALERTA: deteccion confiable (0.76)
908,72.341,14.8483,28.6462,2,0.7128,7,7,ALERTA: deteccion confiable (0.76)
909,72.395,26.3289,27.957,2,0.7046,7,7,ALERTA: deteccion confiable (0.76)
910,72.47,16.9813,27.976,2,0.7121,7,7,ALERTA: deteccion confiable (0.76)
911,72.532,22.1969,28.7828,2,0.7235,7,7,ALERTA: deteccion confiable (0.76)
912,72.595,20.8834,28.096,2,0.722,7,7,ALERTA: deteccion confiable (0.76)
913,72.666,18.2302,27.8769,2,0.7346,7,7,ALERTA: deteccion confiable (0.76)
914,72.733,20.5756,28.4119,2,0.7249,7,7,ALERTA: deteccion confiable (0.76)
915,72.8,19.4682,27.8883,2,0.7239,7,7,ALERTA: deteccion confiable (0.76)
916,72.865,20.3757,27.2171,2,0.7069,7,7,ALERTA: deteccion confiable (0.76)
917,72.933,19.357,29.1479,2,0.7264,7,7,ALERTA: deteccion confiable (0.76)
918,72.998,20.5373,27.879,2,0.7127,7,7,ALERTA: deteccion confiable (0.76)
919,73.064,19.7925,29.9909,2,0.7159,7,7,ALERTA: deteccion confiable (0.76)
920,73.136,17.768,29.181,2,0.7187,7,7,ALERTA: deteccion confiable (0.76)
921,73.198,21.8604,28.3499,2,0.7238,7,7,ALERTA: deteccion confiable (0.76)
922,73.268,18.8476,29.3839,2,0.7425,7,7,ALERTA: deteccion confiable (0.76)
923,73.332,20.762,28.8,2,0.7161,7,7,ALERTA: deteccion confiable (0.76)
924,73.401,19.0592,28.96,2,0.7248,7,7,ALERTA: deteccion confiable (0.76)
925,73.465,21.023,28.1889,2,0.7142,7,7,ALERTA: deteccion confiable (0.76)
926,73.532,20.5262,28.666,1,0.9276,7,7,ALERTA: deteccion confiable (0.93)
927,73.603,18.1947,31.6579,2,0.669,7,7,ALERTA: deteccion confiable (0.93)
928,73.664,23.0441,29.9048,2,0.6729,7,7,ALERTA: deteccion confiable (0.93)
929,73.739,17.2616,31.2998,2,0.6743,7,7,ALERTA: deteccion confiable (0.93)
930,73.795,25.4401,29.0258,2,0.7149,7,7,ALERTA: deteccion confiable (0.93)
931,73.869,17.4773,28.99,2,0.7171,7,7,ALERTA: deteccion confiable (0.93)
932,73.931,22.2974,29.927,2,0.7193,7,7,ALERTA: deteccion confiable (0.93)
933,74.003,18.1081,28.7628,2,0.7022,7,7,ALERTA: deteccion confiable (0.93)
934,74.064,22.3753,28.9421,2,0.6677,7,7,ALERTA: deteccion confiable (0.93)
935,74.137,17.7276,29.7921,2,0.6705,7,7,ALERTA: deteccion confiable (0.93)
936,74.197,23.2569,28.0581,1,0.9094,7,7,ALERTA: deteccion confiable (0.93)
937,74.268,18.5041,28.9531,1,0.9074,7,7,ALERTA: deteccion confiable (0.93)
938,74.334,20.9552,30.0481,1,0.9165,7,7,ALERTA: deteccion confiable (0.93)
939,74.401,19.9278,30.571,1,0.9118,7,7,ALERTA: deteccion confiable (0.93)
940,74.468,19.9095,30.1948,1,0.911,7,7,ALERTA: deteccion confiable (0.93)
941,74.534,20.1516,29.2873,1,0.9118,7,7,ALERTA: deteccion confiable (0.93)
942,74.598,21.4993,29.2649,1,0.913,7,7,ALERTA: deteccion confiable (0.93)
943,74.674,16.6319,32.6221,1,0.9141,7,7,ALERTA: deteccion confiable (0.93)
944,74.73,25.5018,34.214,1,0.9125,7,7,ALERTA: deteccion confiable (0.93)
945,74.798,19.9441,29.5539,1,0.9153,7,7,ALERTA: deteccion confiable (0.93)
946,74.863,20.8211,29.954,1,0.92,7,7,ALERTA: deteccion confiable (0.93)
947,74.935,18.1196,30.587,1,0.9199,7,7,ALERTA: deteccion confiable (0.93)
948,74.996,22.8119,29.9189,1,0.9161,7,7,ALERTA: deteccion confiable (0.93)
949,75.066,18.7252,30.1621,1,0.917,7,7,ALERTA: deteccion confiable (0.93)
950,75.134,19.8567,36.6127,1,0.915,7,7,ALERTA: deteccion confiable (0.93)
951,75.199,20.9929,36.6657,1,0.91,7,7,ALERTA: deteccion confiable (0.93)
952,75.259,23.1718,29.0201,1,0.9119,7,7,ALERTA: deteccion confiable (0.93)
953,75.325,20.279,31.3389,1,0.9121,7,7,ALERTA: deteccion confiable (0.93)
954,75.397,18.0044,37.4539,1,0.9084,7,7,ALERTA: deteccion confiable (0.93)
955,75.458,22.4275,31.0049,1,0.9095,7,7,ALERTA: deteccion confiable (0.93)
956,75.526,19.5027,30.3512,1,0.9178,7,7,ALERTA: deteccion confiable (0.93)
957,75.593,20.0993,30.9911,1,0.9099,7,7,ALERTA: deteccion confiable (0.91)
958,75.66,19.649,31.878,1,0.912,7,7,ALERTA: deteccion confiable (0.91)
959,75.727,19.9369,31.5769,1,0.9108,7,7,ALERTA: deteccion confiable (0.91)
960,75.8,17.6564,36.6361,1,0.9104,7,7,ALERTA: deteccion confiable (0.91)
961,75.871,18.6491,42.1588,1,0.9088,7,7,ALERTA: deteccion confiable (0.91)
962,75.936,21.352,40.3681,1,0.9112,7,7,ALERTA: deteccion confiable (0.91)
963,75.997,23.0378,32.7632,1,0.9104,7,7,ALERTA: deteccion confiable (0.91)
964,76.067,18.3355,33.5796,1,0.9104,7,7,ALERTA: deteccion confiable (0.91)
965,76.133,20.0513,30.695,1,0.915,7,7,ALERTA: deteccion confiable (0.91)
966,76.197,21.6541,29.8319,1,0.9179,7,7,ALERTA: deteccion confiable (0.91)
967,76.27,17.5541,31.22,1,0.9196,7,7,ALERTA: deteccion confiable (0.91)
968,76.334,21.1681,30.5243,1,0.9216,7,7,ALERTA: deteccion confiable (0.91)
969,76.399,20.3371,30.4048,1,0.913,7,7,ALERTA: deteccion confiable (0.91)
970,76.467,19.7807,30.0691,1,0.9105,7,7,ALERTA: deteccion confiable (0.91)
971,76.533,20.1939,30.7028,1,0.9136,7,7,ALERTA: deteccion confiable (0.91)
972,76.602,19.0905,32.9187,1,0.9168,7,7,ALERTA: deteccion confiable (0.91)
973,76.664,22.1401,34.647,1,0.9153,7,7,ALERTA: deteccion confiable (0.91)
974,76.733,19.5091,32.0492,1,0.9207,7,7,ALERTA: deteccion confiable (0.91)
975,76.797,20.9921,30.6718,1,0.92,7,7,ALERTA: deteccion confiable (0.91)
976,76.866,19.2186,30.8411,1,0.9208,7,7,ALERTA: deteccion confiable (0.91)
977,76.935,19.1527,30.8182,1,0.9191,7,7,ALERTA: deteccion confiable (0.91)
978,76.999,21.0071,30.5722,1,0.9214,7,7,ALERTA: deteccion confiable (0.91)
979,77.068,19.0793,29.5198,1,0.9202,7,7,ALERTA: deteccion confiable (0.91)
980,77.134,20.2175,30.5831,1,0.926,7,7,ALERTA: deteccion confiable (0.91)
981,77.2,20.3343,30.304,1,0.9266,7,7,ALERTA: deteccion confiable (0.91)
982,77.263,21.8704,30.3531,1,0.923,7,7,ALERTA: deteccion confiable (0.91)
983,77.34,16.6157,31.5971,1,0.9209,7,7,ALERTA: deteccion confiable (0.91)
984,77.4,22.7572,31.714,1,0.9216,7,7,ALERTA: deteccion confiable (0.91)
985,77.471,18.6505,30.818,1,0.9204,7,7,ALERTA: deteccion confiable (0.91)
986,77.535,22.1223,32.3451,1,0.9222,7,7,ALERTA: deteccion confiable (0.91)
987,77.602,19.7749,31.6179,1,0.9217,7,7,ALERTA: deteccion confiable (0.92)
988,77.668,20.3381,31.7869,1,0.9221,7,7,ALERTA: deteccion confiable (0.92)
989,77.736,19.5462,30.7069,1,0.9181,7,7,ALERTA: deteccion confiable (0.92)
990,77.801,20.7005,29.9401,1,0.919,7,7,ALERTA: deteccion confiable (0.92)
991,77.867,20.3741,30.5331,1,0.9162,7,7,ALERTA: deteccion confiable (0.92)
992,77.935,19.5721,31.929,1,0.9138,7,7,ALERTA: deteccion confiable (0.92)
993,78.003,19.5145,30.7579,1,0.9142,7,7,ALERTA: deteccion confiable (0.92)
994,78.068,20.9139,31.4989,1,0.9155,7,7,ALERTA: deteccion confiable (0.92)
995,78.135,19.7997,30.777,1,0.9158,7,7,ALERTA: deteccion confiable (0.92)
996,78.199,21.0672,30.0682,1,0.915,7,7,ALERTA: deteccion confiable (0.92)
997,78.27,18.3853,29.9561,1,0.9154,7,7,ALERTA: deteccion confiable (0.92)
998,78.332,23.3868,30.4587,1,0.9201,7,7,ALERTA: deteccion confiable (0.92)
999,78.403,18.1812,29.6302,1,0.9187,7,7,ALERTA: deteccion confiable (0.92)
1000,78.467,21.3364,29.9089,1,0.9218,7,7,ALERTA: deteccion confiable (0.92)
1001,78.536,19.3457,30.2968,1,0.924,7,7,ALERTA: deteccion confiable (0.92)
1002,78.599,21.3497,30.365,1,0.9236,7,7,ALERTA: deteccion confiable (0.92)
1003,78.669,19.0946,30.1824,1,0.9203,7,7,ALERTA: deteccion confiable (0.92)
1004,78.736,19.8357,30.6554,1,0.9161,7,7,ALERTA: deteccion confiable (0.92)
1005,78.8,21.2603,30.272,1,0.9207,7,7,ALERTA: deteccion confiable (0.92)
1006,78.87,19.0967,29.995,1,0.9202,7,7,ALERTA: deteccion confiable (0.92)
1007,78.934,20.996,30.5209,1,0.9167,7,7,ALERTA: deteccion confiable (0.92)
1008,79.0,20.67,29.727,2,0.6871,7,7,ALERTA: deteccion confiable (0.92)
1009,79.067,19.7304,30.3123,2,0.6979,7,7,ALERTA: deteccion confiable (0.92)
1010,79.135,20.3915,31.2598,2,0.6616,7,7,ALERTA: deteccion confiable (0.92)
1011,79.2,20.8033,30.8201,2,0.6655,7,7,ALERTA: deteccion confiable (0.92)
1012,79.266,20.7017,30.5221,2,0.7092,7,7,ALERTA: deteccion confiable (0.92)
1013,79.336,19.1041,31.0571,2,0.697,7,7,ALERTA: deteccion confiable (0.92)
1014,79.402,20.6484,31.1122,2,0.6824,7,7,ALERTA: deteccion confiable (0.92)
1015,79.467,21.3203,30.8881,2,0.7113,7,7,ALERTA: deteccion confiable (0.92)
1016,79.534,20.0261,30.262,2,0.6833,7,7,ALERTA: deteccion confiable (0.92)
1017,79.601,19.9394,30.6611,2,0.6823,7,7,ALERTA: deteccion confiable (0.92)
1018,79.668,20.3928,30.2391,2,0.6943,7,7,ALERTA: deteccion confiable (0.92)
1019,79.733,20.5922,30.477,2,0.707,7,7,ALERTA: deteccion confiable (0.92)
1020,79.801,19.6101,29.8529,2,0.7061,7,7,ALERTA: deteccion confiable (0.92)
1021,79.867,20.5006,29.757,2,0.689,7,7,ALERTA: deteccion confiable (0.92)
1022,79.935,20.1134,31.6329,2,0.7185,7,7,ALERTA: deteccion confiable (0.92)
1023,79.993,26.5794,29.278,2,0.6972,7,7,ALERTA: deteccion confiable (0.92)
1024,80.071,16.293,29.829,2,0.7218,7,7,ALERTA: deteccion confiable (0.92)
1025,80.135,21.4565,32.0899,2,0.6982,7,7,ALERTA: deteccion confiable (0.92)
1026,80.2,21.0695,30.1821,2,0.7392,7,7,ALERTA: deteccion confiable (0.92)
1027,80.27,18.834,30.6072,2,0.732,7,7,ALERTA: deteccion confiable (0.92)
1028,80.333,21.509,31.0767,2,0.7317,7,7,ALERTA: deteccion confiable (0.92)
1029,80.402,19.6862,30.792,2,0.7218,7,7,ALERTA: deteccion confiable (0.92)
1030,80.471,19.0317,33.8261,2,0.7026,7,7,ALERTA: deteccion confiable (0.92)
1031,80.536,21.3157,33.7889,2,0.6721,7,7,ALERTA: deteccion confiable (0.92)
1032,80.6,21.5331,31.498,2,0.7113,7,7,ALERTA: deteccion confiable (0.92)
1033,80.668,19.2868,31.198,2,0.7202,7,7,ALERTA: deteccion confiable (0.92)
1034,80.733,21.5986,31.6911,2,0.7338,7,7,ALERTA: deteccion confiable (0.92)
1035,80.799,20.5089,31.0321,2,0.7005,7,7,ALERTA: deteccion confiable (0.92)
1036,80.868,19.1069,30.6797,2,0.6995,7,7,ALERTA: deteccion confiable (0.92)
1037,80.936,19.678,32.3179,2,0.7008,7,7,ALERTA: deteccion confiable (0.92)
1038,81.0,21.5086,31.78,2,0.7275,7,7,ALERTA: deteccion confiable (0.92)
1039,81.066,21.0052,31.5619,2,0.7531,7,7,ALERTA: deteccion confiable (0.75)
1040,81.135,19.2722,32.2931,2,0.7194,7,7,ALERTA: deteccion confiable (0.75)
1041,81.2,21.1605,31.3458,2,0.7302,7,7,ALERTA: deteccion confiable (0.75)
1042,81.261,23.0547,29.6907,2,0.7171,7,7,ALERTA: deteccion confiable (0.75)
1043,81.341,15.76,36.309,2,0.7042,7,7,ALERTA: deteccion confiable (0.75)
1044,81.398,25.3041,33.9489,2,0.7275,7,7,ALERTA: deteccion confiable (0.75)
1045,81.474,17.1616,36.351,2,0.7594,7,7,ALERTA: deteccion confiable (0.75)
1046,81.544,19.3847,38.3379,2,0.7232,7,7,ALERTA: deteccion confiable (0.75)
1047,81.608,21.534,34.694,2,0.7416,7,7,ALERTA: deteccion confiable (0.75)
1048,81.668,23.2807,32.9959,2,0.6953,7,7,ALERTA: deteccion confiable (0.75)
1049,81.736,20.2903,32.7501,2,0.7361,7,7,ALERTA: deteccion confiable (0.75)
1050,81.802,20.7637,32.7461,2,0.7096,7,7,ALERTA: deteccion confiable (0.75)
1051,81.868,20.6613,33.417,2,0.6961,7,7,ALERTA: deteccion confiable (0.75)
1052,81.938,19.2656,33.2482,2,0.6915,7,7,ALERTA: deteccion confiable (0.75)
1053,82.003,21.3256,33.9882,2,0.7356,7,7,ALERTA: deteccion confiable (0.75)
1054,82.069,20.6924,33.8318,2,0.6869,7,7,ALERTA: deteccion confiable (0.75)
1055,82.135,20.622,33.2949,2,0.7318,7,7,ALERTA: deteccion confiable (0.75)
1056,82.206,18.8979,34.1811,2,0.719,7,7,ALERTA: deteccion confiable (0.75)
1057,82.274,19.9724,36.211,2,0.7222,7,7,ALERTA: deteccion confiable (0.75)
1058,82.34,21.2315,38.8772,2,0.7068,7,7,ALERTA: deteccion confiable (0.75)
1059,82.403,21.6109,35.1949,2,0.7321,7,7,ALERTA: deteccion confiable (0.75)
1060,82.473,19.4043,35.5501,2,0.7242,7,7,ALERTA: deteccion confiable (0.75)
1061,82.542,19.7517,39.2292,2,0.6892,7,7,ALERTA: deteccion confiable (0.75)
1062,82.606,21.4248,36.3288,2,0.6793,7,7,ALERTA: deteccion confiable (0.75)
1063,82.667,22.7343,34.5101,2,0.731,7,7,ALERTA: deteccion confiable (0.75)
1064,82.742,17.5441,38.1279,2,0.7076,7,7,ALERTA: deteccion confiable (0.75)
1065,82.802,23.2933,33.556,2,0.6985,7,7,ALERTA: deteccion confiable (0.75)
1066,82.873,18.7801,35.1479,1,0.9321,7,7,ALERTA: deteccion confiable (0.75)
1067,82.938,21.3346,37.0188,2,0.6767,7,7,ALERTA: deteccion confiable (0.75)
1068,82.996,28.5803,32.3,2,0.6745,7,7,ALERTA: deteccion confiable (0.75)
1069,83.067,18.9146,30.3979,2,0.7016,7,7,ALERTA: deteccion confiable (0.75)
1070,83.136,19.9789,32.0668,2,0.6967,7,7,ALERTA: deteccion confiable (0.75)
1071,83.203,21.1042,32.4452,2,0.7119,7,7,ALERTA: deteccion confiable (0.75)
1072,83.269,20.3632,33.2601,2,0.7287,7,7,ALERTA: deteccion confiable (0.75)
1073,83.333,21.8657,31.8549,2,0.7233,7,7,ALERTA: deteccion confiable (0.75)
1074,83.398,20.7806,30.9331,2,0.7355,7,7,ALERTA: deteccion confiable (0.75)
1075,83.462,23.5916,30.8759,2,0.7023,7,7,ALERTA: deteccion confiable (0.75)
1076,83.537,17.1249,31.9822,2,0.7329,7,7,ALERTA: deteccion confiable (0.75)
1077,83.601,21.7756,31.1129,2,0.7228,7,7,ALERTA: deteccion confiable (0.75)
1078,83.666,20.4444,30.6339,2,0.7,7,7,ALERTA: deteccion confiable (0.75)
1079,83.735,19.1482,30.91,2,0.6849,7,7,ALERTA: deteccion confiable (0.75)
1080,83.802,20.0501,31.2259,2,0.6687,7,7,ALERTA: deteccion confiable (0.75)
1081,83.871,19.2938,33.2863,2,0.6805,7,7,ALERTA: deteccion confiable (0.75)
1082,83.936,21.1959,32.5642,2,0.7317,7,7,ALERTA: deteccion confiable (0.75)
1083,84.0,21.3729,31.666,2,0.7619,7,7,ALERTA: deteccion confiable (0.76)
1084,84.068,19.5316,29.882,2,0.7285,7,7,ALERTA: deteccion confiable (0.76)
1085,84.136,19.6294,30.123,2,0.7049,7,7,ALERTA: deteccion confiable (0.76)
1086,84.199,21.5991,29.5529,2,0.6869,7,7,ALERTA: deteccion confiable (0.76)
1087,84.271,18.0434,29.2151,2,0.6788,7,7,ALERTA: deteccion confiable (0.76)
1088,84.365,12.8889,30.8261,2,0.6786,7,7,ALERTA: deteccion confiable (0.76)
1089,84.412,32.6937,28.3222,2,0.6853,7,7,ALERTA: deteccion confiable (0.76)
1090,84.488,16.6005,28.5592,2,0.7004,7,7,ALERTA: deteccion confiable (0.76)
1091,84.549,22.8833,29.7122,2,0.6959,7,7,ALERTA: deteccion confiable (0.76)
1092,84.614,20.4219,29.3772,2,0.7103,7,7,ALERTA: deteccion confiable (0.76)
1093,84.688,17.4121,29.5241,2,0.7272,7,7,ALERTA: deteccion confiable (0.76)
1094,84.749,23.3519,29.8667,2,0.7084,7,7,ALERTA: deteccion confiable (0.76)
1095,84.822,17.8543,28.6767,2,0.7,7,7,ALERTA: deteccion confiable (0.76)
1096,84.881,23.3466,29.412,2,0.6929,7,7,ALERTA: deteccion confiable (0.76)
1097,84.953,18.192,29.4771,2,0.6929,7,7,ALERTA: deteccion confiable (0.76)
1098,85.017,21.3885,29.9289,2,0.6839,7,7,ALERTA: deteccion confiable (0.76)
1099,85.086,19.5702,29.5999,2,0.6931,7,7,ALERTA: deteccion confiable (0.76)
1100,85.146,23.4379,29.2029,2,0.6819,7,7,ALERTA: deteccion confiable (0.76)
1101,85.223,16.5372,29.6969,2,0.6915,7,7,ALERTA: deteccion confiable (0.76)
1102,85.281,24.3991,29.712,2,0.7003,7,7,ALERTA: deteccion confiable (0.76)
1103,85.355,17.5239,29.331,2,0.7014,7,7,ALERTA: deteccion confiable (0.76)
1104,85.413,24.1996,29.2296,2,0.7248,7,7,ALERTA: deteccion confiable (0.76)
1105,85.49,16.7855,28.9299,2,0.7217,7,7,ALERTA: deteccion confiable (0.76)
1106,85.548,24.8022,29.5722,2,0.6888,7,7,ALERTA: deteccion confiable (0.76)
1107,85.62,17.9999,30.1952,2,0.6937,7,7,ALERTA: deteccion confiable (0.76)
1108,85.684,21.4032,30.0748,2,0.6984,7,7,ALERTA: deteccion confiable (0.76)
1109,85.753,19.2745,29.1438,2,0.6965,7,7,ALERTA: deteccion confiable (0.76)
1110,85.817,21.2595,28.8219,2,0.7175,7,7,ALERTA: deteccion confiable (0.76)
1111,85.884,19.725,28.9779,2,0.7125,7,7,ALERTA: deteccion confiable (0.76)
1112,85.952,19.3989,29.181,2,0.6864,7,7,ALERTA: deteccion confiable (0.76)
1113,86.017,21.098,29.0868,2,0.6753,7,7,ALERTA: deteccion confiable (0.76)
1114,86.083,20.2347,29.192,2,0.7045,7,7,ALERTA: deteccion confiable (0.76)
1115,86.151,19.588,30.9858,2,0.679,7,7,ALERTA: deteccion confiable (0.76)
1116,86.221,18.8821,31.4782,2,0.7174,7,7,ALERTA: deteccion confiable (0.76)
1117,86.288,20.3765,31.7214,2,0.7058,7,7,ALERTA: deteccion confiable (0.76)
1118,86.352,22.1808,32.0859,2,0.7186,7,7,ALERTA: deteccion confiable (0.76)
1119,86.418,20.3949,30.2911,2,0.722,7,7,ALERTA: deteccion confiable (0.76)
1120,86.485,20.0449,29.7489,2,0.6921,7,7,ALERTA: deteccion confiable (0.76)
1121,86.553,19.7025,31.2898,2,0.6734,7,7,ALERTA: deteccion confiable (0.76)
1122,86.616,21.6901,29.7122,2,0.6617,7,7,ALERTA: deteccion confiable (0.76)
1123,86.687,18.3908,30.2072,1,0.9152,7,7,ALERTA: deteccion confiable (0.92)
1124,86.751,21.1945,30.5328,1,0.9175,7,7,ALERTA: deteccion confiable (0.92)
1125,86.817,20.3915,29.4909,1,0.9176,7,7,ALERTA: deteccion confiable (0.92)
1126,86.886,19.1078,29.9518,1,0.9185,7,7,ALERTA: deteccion confiable (0.92)
1127,86.952,20.3231,29.9783,1,0.9214,7,7,ALERTA: deteccion confiable (0.92)
1128,87.017,20.8425,29.1128,1,0.9201,7,7,ALERTA: deteccion confiable (0.92)
1129,87.085,19.5294,30.5438,1,0.9199,7,7,ALERTA: deteccion confiable (0.92)
1130,87.148,22.1881,32.083,1,0.9181,7,7,ALERTA: deteccion confiable (0.92)
1131,87.219,18.58,34.657,1,0.9179,7,7,ALERTA: deteccion confiable (0.92)
1132,87.285,20.4474,31.225,1,0.9192,7,7,ALERTA: deteccion confiable (0.92)
1133,87.353,19.7079,30.818,1,0.9124,7,7,ALERTA: deteccion confiable (0.92)
1134,87.417,20.9711,29.588,1,0.9059,7,7,ALERTA: deteccion confiable (0.92)
1135,87.486,19.4043,29.8603,1,0.9061,7,7,ALERTA: deteccion confiable (0.92)
1136,87.553,20.1625,30.1831,1,0.9084,7,7,ALERTA: deteccion confiable (0.92)
1137,87.618,21.2807,30.7012,1,0.9103,7,7,ALERTA: deteccion confiable (0.92)
1138,87.687,19.3577,30.5378,1,0.9093,7,7,ALERTA: deteccion confiable (0.92)
1139,87.753,20.734,31.2252,1,0.9105,7,7,ALERTA: deteccion confiable (0.92)
1140,87.818,20.9266,30.9298,1,0.9154,7,7,ALERTA: deteccion confiable (0.92)
1141,87.886,19.8799,30.9248,1,0.9115,7,7,ALERTA: deteccion confiable (0.92)
1142,87.952,21.0358,30.6702,1,0.9188,7,7,ALERTA: deteccion confiable (0.92)
1143,88.02,19.899,30.1602,1,0.9182,7,7,ALERTA: deteccion confiable (0.92)
1144,88.084,21.576,30.8471,1,0.9199,7,7,ALERTA: deteccion confiable (0.92)
1145,88.154,18.7467,29.8131,1,0.9171,7,7,ALERTA: deteccion confiable (0.92)
1146,88.216,22.2946,29.2332,1,0.9183,7,7,ALERTA: deteccion confiable (0.92)
1147,88.285,19.4103,30.5958,1,0.9185,7,7,ALERTA: deteccion confiable (0.92)
1148,88.351,20.1394,30.2842,1,0.9138,7,7,ALERTA: deteccion confiable (0.92)
1149,88.42,19.5569,29.9411,1,0.9156,7,7,ALERTA: deteccion confiable (0.92)
1150,88.486,20.389,29.8328,1,0.9145,7,7,ALERTA: deteccion confiable (0.92)
1151,88.553,20.0064,30.0181,1,0.9128,7,7,ALERTA: deteccion confiable (0.92)
1152,88.617,21.0264,30.1681,1,0.9118,7,7,ALERTA: deteccion confiable (0.92)
1153,88.684,20.0072,29.8989,1,0.9137,7,7,ALERTA: deteccion confiable (0.92)
1154,88.753,19.6505,29.6497,1,0.9119,7,7,ALERTA: deteccion confiable (0.91)
1155,88.819,20.5415,30.5238,1,0.9102,7,7,ALERTA: deteccion confiable (0.91)
1156,88.885,20.4859,30.9069,1,0.913,7,7,ALERTA: deteccion confiable (0.91)
1157,88.953,19.6498,30.6032,1,0.9147,7,7,ALERTA: deteccion confiable (0.91)
1158,89.019,20.2331,30.23,1,0.9135,7,7,ALERTA: deteccion confiable (0.91)
1159,89.086,20.0593,30.019,1,0.9146,7,7,ALERTA: deteccion confiable (0.91)
1160,89.151,20.8376,29.6369,1,0.9147,7,7,ALERTA: deteccion confiable (0.91)
1161,89.222,18.3874,29.201,1,0.9136,7,7,ALERTA: deteccion confiable (0.91)
1162,89.284,22.0859,30.1292,1,0.9154,7,7,ALERTA: deteccion confiable (0.91)
1163,89.353,18.9768,29.952,1,0.9116,7,7,ALERTA: deteccion confiable (0.91)
1164,89.416,21.3913,29.623,1,0.9143,7,7,ALERTA: deteccion confiable (0.91)
1165,89.489,17.9004,29.6693,2,0.6839,7,7,ALERTA: deteccion confiable (0.91)
1166,89.549,23.7169,30.3428,2,0.6654,7,7,ALERTA: deteccion confiable (0.91)
1167,89.619,18.6979,29.8221,2,0.6818,7,7,ALERTA: deteccion confiable (0.91)
1168,89.685,20.1695,30.1449,2,0.6984,7,7,ALERTA: deteccion confiable (0.91)
1169,89.753,19.2142,30.0031,2,0.6995,7,7,ALERTA: deteccion confiable (0.91)
1170,89.818,20.9578,29.803,2,0.6916,7,7,ALERTA: deteccion confiable (0.91)
1171,89.885,19.7177,30.4079,2,0.6739,7,7,ALERTA: deteccion confiable (0.91)
1172,89.95,20.8429,29.9277,2,0.6954,7,7,ALERTA: deteccion confiable (0.91)
1173,90.019,19.1729,29.7971,2,0.6929,7,7,ALERTA: deteccion confiable (0.91)
1174,90.085,20.5057,29.3913,2,0.6818,7,7,ALERTA: deteccion confiable (0.91)
1175,90.152,19.6418,30.612,2,0.6839,7,7,ALERTA: deteccion confiable (0.91)
1176,90.218,20.5796,30.252,2,0.6996,7,7,ALERTA: deteccion confiable (0.91)
1177,90.287,18.9488,29.5413,2,0.6683,7,7,ALERTA: deteccion confiable (0.91)
1178,90.349,23.0431,30.5021,1,0.9212,7,7,ALERTA: deteccion confiable (0.91)
1179,90.421,18.1093,29.2258,1,0.9222,7,7,ALERTA: deteccion confiable (0.91)
1180,90.486,20.5918,29.6419,1,0.9227,7,7,ALERTA: deteccion confiable (0.91)
1181,90.554,19.5967,30.6067,2,0.6802,7,7,ALERTA: deteccion confiable (0.91)
1182,90.615,22.48,29.9592,2,0.6894,7,7,ALERTA: deteccion confiable (0.91)
1183,90.689,17.6526,30.3087,2,0.6899,7,7,ALERTA: deteccion confiable (0.91)
1184,90.75,22.7469,30.0181,1,0.9234,7,7,ALERTA: deteccion confiable (0.91)
1185,90.821,18.6983,29.484,2,0.6919,7,7,ALERTA: deteccion confiable (0.91)
1186,90.886,20.9868,31.2519,1,0.9276,7,7,ALERTA: deteccion confiable (0.93)
1187,90.953,19.9251,31.1301,1,0.9245,7,7,ALERTA: deteccion confiable (0.93)
1188,91.019,20.651,30.8349,2,0.6688,7,7,ALERTA: deteccion confiable (0.93)
1189,91.086,20.296,31.2788,1,0.9297,7,7,ALERTA: deteccion confiable (0.93)
1190,91.153,20.2302,31.4748,1,0.9173,7,7,ALERTA: deteccion confiable (0.93)
1191,91.218,20.981,30.52,2,0.6651,7,7,ALERTA: deteccion confiable (0.93)
1192,91.286,19.7275,30.8928,1,0.919,7,7,ALERTA: deteccion confiable (0.93)
1193,91.351,20.9214,30.4639,1,0.9224,7,7,ALERTA: deteccion confiable (0.93)
1194,91.421,19.0302,29.8791,1,0.9226,7,7,ALERTA: deteccion confiable (0.93)
1195,91.485,21.2708,29.9411,2,0.6621,7,7,ALERTA: deteccion confiable (0.93)
1196,91.552,20.1143,30.165,2,0.6615,7,7,ALERTA: deteccion confiable (0.93)
1197,91.618,20.4742,30.1549,2,0.6882,7,7,ALERTA: deteccion confiable (0.93)
1198,91.686,19.7652,33.973,2,0.7289,7,7,ALERTA: deteccion confiable (0.93)
1199,91.744,24.8459,31.1339,2,0.7126,7,7,ALERTA: deteccion confiable (0.93)
1200,91.809,20.4955,29.1679,1,0.9198,7,7,ALERTA: deteccion confiable (0.93)
1201,91.891,17.6941,31.8589,2,0.676,7,7,ALERTA: deteccion confiable (0.93)
1202,91.946,27.1253,30.7257,1,0.9176,7,7,ALERTA: deteccion confiable (0.93)
1203,92.01,21.1118,30.025,2,0.6747,7,7,ALERTA: deteccion confiable (0.93)
1204,92.075,20.3791,29.6662,2,0.6851,7,7,ALERTA: deteccion confiable (0.93)
1205,92.144,19.2078,30.8208,2,0.701,7,7,ALERTA: deteccion confiable (0.93)
1206,92.217,17.7164,29.4678,2,0.686,7,7,ALERTA: deteccion confiable (0.93)
1207,92.285,19.5637,28.0933,2,0.6823,7,7,ALERTA: deteccion confiable (0.93)
1208,92.352,20.1811,29.1581,2,0.6919,7,7,ALERTA: deteccion confiable (0.93)
1209,92.42,19.5813,28.6667,2,0.6694,7,7,ALERTA: deteccion confiable (0.93)
1210,92.483,21.6146,28.599,1,0.9222,7,7,ALERTA: deteccion confiable (0.93)
1211,92.553,18.6036,28.2092,1,0.9229,7,7,ALERTA: deteccion confiable (0.93)
1212,92.617,20.9411,28.393,2,0.6716,7,7,ALERTA: deteccion confiable (0.93)
1213,92.688,18.577,29.0658,1,0.9225,7,7,ALERTA: deteccion confiable (0.93)
1214,92.749,23.0932,28.913,2,0.666,7,7,ALERTA: deteccion confiable (0.93)
1215,92.82,18.309,28.6582,2,0.6697,7,7,ALERTA: deteccion confiable (0.93)
1216,92.886,20.3852,30.1042,2,0.6674,7,7,ALERTA: deteccion confiable (0.93)
1217,92.951,20.6877,29.727,1,0.9166,7,7,ALERTA: deteccion confiable (0.92)
1218,93.02,18.9718,29.2361,1,0.9237,7,7,ALERTA: deteccion confiable (0.92)
1219,93.081,22.8984,29.4249,1,0.9225,7,7,ALERTA: deteccion confiable (0.92)
1220,93.158,16.347,29.4659,1,0.9176,7,7,ALERTA: deteccion confiable (0.92)
1221,93.211,28.0781,29.7692,1,0.9182,7,7,ALERTA: deteccion confiable (0.92)
1222,93.292,15.6321,29.8507,1,0.923,7,7,ALERTA: deteccion confiable (0.92)
1223,93.349,25.5565,29.9652,2,0.7752,7,7,ALERTA: deteccion confiable (0.92)
1224,93.422,17.7885,29.6471,2,0.7339,7,7,ALERTA: deteccion confiable (0.92)
1225,93.483,22.9178,29.6562,1,0.9239,7,7,ALERTA: deteccion confiable (0.92)
1226,93.558,17.685,29.5079,1,0.9214,7,7,ALERTA: deteccion confiable (0.92)
1227,93.615,24.9621,31.117,2,0.7104,7,7,ALERTA: deteccion confiable (0.92)
1228,93.688,17.6019,29.8271,3,0.5925,7,7,ALERTA: deteccion confiable (0.92)
1229,93.75,22.3284,30.0219,2,0.774,7,7,ALERTA: deteccion confiable (0.92)
1230,93.821,18.8126,30.0801,3,0.6808,7,7,ALERTA: deteccion confiable (0.92)
1231,93.884,21.964,29.9909,3,0.7,7,7,ALERTA: deteccion confiable (0.92)
1232,93.955,18.379,30.3192,3,0.7225,7,7,ALERTA: deteccion confiable (0.92)
1233,94.017,22.645,29.6972,2,0.8664,7,7,ALERTA: deteccion confiable (0.92)
1234,94.089,18.0389,29.9377,3,0.7148,7,7,ALERTA: deteccion confiable (0.92)
1235,94.151,22.3644,29.974,3,0.718,7,7,ALERTA: deteccion confiable (0.92)
1236,94.218,20.4097,31.538,3,0.722,7,7,ALERTA: deteccion confiable (0.92)
1237,94.285,20.0759,30.1208,3,0.7225,7,7,ALERTA: deteccion confiable (0.92)
1238,94.351,21.0009,32.1679,3,0.7233,7,7,ALERTA: deteccion confiable (0.92)
1239,94.425,17.5793,33.3591,2,0.8718,7,7,ALERTA: deteccion confiable (0.92)
1240,94.476,30.7911,30.4892,3,0.7304,7,7,ALERTA: deteccion confiable (0.92)
1241,94.552,17.2123,32.414,3,0.7351,7,7,ALERTA: deteccion confiable (0.92)
1242,94.62,19.6869,33.1209,2,0.8736,7,7,ALERTA: deteccion confiable (0.92)
1243,94.686,20.5002,32.8872,3,0.7419,7,7,ALERTA: deteccion confiable (0.92)
1244,94.756,19.1048,33.334,3,0.7521,7,7,ALERTA: deteccion confiable (0.92)
1245,94.824,20.2057,32.0718,3,0.755,7,7,ALERTA: deteccion confiable (0.92)
1246,94.886,22.5733,32.1851,3,0.7632,7,7,ALERTA: deteccion confiable (0.92)
1247,94.951,20.7332,31.4507,3,0.7516,7,7,ALERTA: densidad alta de personas (3)
1248,95.02,19.5296,32.7299,3,0.7475,7,7,ALERTA: densidad alta de personas (3)
1249,95.088,20.0085,33.7412,2,0.8996,7,7,ALERTA: densidad alta de personas (3)
1250,95.161,18.4822,35.65,3,0.7507,7,7,ALERTA: densidad alta de personas (3)
1251,95.22,23.8192,33.668,3,0.7175,7,7,ALERTA: densidad alta de personas (3)
1252,95.286,20.9759,33.6411,3,0.7315,7,7,ALERTA: densidad alta de personas (3)
1253,95.356,19.4667,35.6998,3,0.7385,7,7,ALERTA: densidad alta de personas (3)
1254,95.422,20.7727,34.5981,3,0.7352,7,7,ALERTA: densidad alta de personas (3)
1255,95.485,22.2528,32.567,3,0.6748,7,7,ALERTA: densidad alta de personas (3)
1256,95.553,19.8488,33.4089,3,0.7356,7,7,ALERTA: densidad alta de personas (3)
1257,95.618,21.1966,33.1328,3,0.758,7,7,ALERTA: densidad alta de personas (3)
1258,95.686,19.8349,32.5811,3,0.7577,7,7,ALERTA: densidad alta de personas (3)
1259,95.752,20.8612,32.011,3,0.7149,7,7,ALERTA: densidad alta de personas (3)
1260,95.815,21.9665,30.3569,3,0.6691,7,7,ALERTA: densidad alta de personas (3)
1261,95.885,19.1255,30.2129,3,0.6988,7,7,ALERTA: densidad alta de personas (3)
1262,95.952,20.3604,28.9259,3,0.7142,7,7,ALERTA: densidad alta de personas (3)
1263,96.019,20.2416,29.0627,3,0.6939,7,7,ALERTA: densidad alta de personas (3)
1264,96.084,20.6916,29.1414,3,0.7034,7,7,ALERTA: densidad alta de personas (3)
1265,96.155,18.9255,29.6447,3,0.7013,7,7,ALERTA: densidad alta de personas (3)
1266,96.219,21.3684,31.3401,3,0.7382,7,7,ALERTA: densidad alta de personas (3)
1267,96.288,19.5678,31.858,3,0.7311,7,7,ALERTA: densidad alta de personas (3)
1268,96.354,20.3306,31.7702,3,0.7231,7,7,ALERTA: densidad alta de personas (3)
1269,96.417,22.2353,30.966,2,0.8105,7,7,ALERTA: densidad alta de personas (3)
1270,96.487,18.8452,31.7278,2,0.8825,7,7,ALERTA: densidad alta de personas (3)
1271,96.551,21.713,31.7047,2,0.8656,7,7,ALERTA: densidad alta de personas (3)
1272,96.618,20.555,33.2439,2,0.8688,7,7,ALERTA: densidad alta de personas (3)
1273,96.68,22.4124,31.2607,2,0.8506,7,7,ALERTA: densidad alta de personas (3)
1274,96.753,18.0066,30.4,2,0.8623,7,7,ALERTA: densidad alta de personas (3)
1275,96.817,21.457,30.153,2,0.8322,7,7,ALERTA: densidad alta de personas (3)
1276,96.885,19.8531,31.1511,2,0.832,7,7,ALERTA: densidad alta de personas (3)
1277,96.953,19.8287,30.237,2,0.8676,7,7,ALERTA: deteccion confiable (0.87)
1278,97.021,20.0835,30.9172,2,0.8434,7,7,ALERTA: deteccion confiable (0.87)
1279,97.107,14.6512,30.1721,2,0.8756,7,7,ALERTA: deteccion confiable (0.87)
1280,97.164,25.5063,29.1839,2,0.8069,7,7,ALERTA: deteccion confiable (0.87)
1281,97.241,16.7316,30.2169,2,0.7949,7,7,ALERTA: deteccion confiable (0.87)
1282,97.301,23.8623,30.2181,2,0.7543,7,7,ALERTA: deteccion confiable (0.87)
1283,97.371,18.9829,30.6771,2,0.746,7,7,ALERTA: deteccion confiable (0.87)
1284,97.437,20.82,30.7119,2,0.7971,7,7,ALERTA: deteccion confiable (0.87)
1285,97.502,20.8246,30.6039,2,0.8327,7,7,ALERTA: deteccion confiable (0.87)
1286,97.568,20.9305,31.096,2,0.7365,7,7,ALERTA: deteccion confiable (0.87)
1287,97.633,20.9292,30.221,1,0.944,7,7,ALERTA: deteccion confiable (0.87)
1288,97.705,18.019,30.2522,1,0.9456,7,7,ALERTA: deteccion confiable (0.87)
1289,97.765,23.52,29.7248,1,0.9487,7,7,ALERTA: deteccion confiable (0.87)
1290,97.84,17.22,30.3059,1,0.9464,7,7,ALERTA: deteccion confiable (0.87)
1291,97.903,21.9721,30.7248,1,0.9356,7,7,ALERTA: deteccion confiable (0.87)
1292,97.972,19.3855,29.9881,1,0.9259,7,7,ALERTA: deteccion confiable (0.87)
1293,98.037,20.9661,30.9577,1,0.9149,7,7,ALERTA: deteccion confiable (0.87)
1294,98.104,20.0884,30.453,1,0.9189,7,7,ALERTA: deteccion confiable (0.87)
1295,98.169,20.7867,30.7221,1,0.9115,7,7,ALERTA: deteccion confiable (0.87)
1296,98.235,20.5192,30.1471,1,0.9034,7,7,ALERTA: deteccion confiable (0.87)
1297,98.304,19.5649,31.5347,1,0.8908,7,7,ALERTA: deteccion confiable (0.87)
1298,98.367,22.3567,30.8387,1,0.9057,7,7,ALERTA: deteccion confiable (0.87)
1299,98.434,19.8244,30.3202,1,0.9025,7,7,ALERTA: deteccion confiable (0.87)
1300,98.505,18.9699,30.3168,2,0.74,7,7,ALERTA: deteccion confiable (0.87)
1301,98.569,21.3306,30.108,2,0.7099,7,7,ALERTA: deteccion confiable (0.87)
1302,98.637,19.9269,29.52,2,0.7865,7,7,ALERTA: deteccion confiable (0.87)
1303,98.704,19.8617,31.43,2,0.7472,7,7,ALERTA: deteccion confiable (0.87)
1304,98.771,20.6304,32.1379,2,0.7375,7,7,ALERTA: deteccion confiable (0.87)
1305,98.838,20.2625,31.708,2,0.7548,7,7,ALERTA: deteccion confiable (0.87)
1306,98.904,20.53,31.883,2,0.856,7,7,ALERTA: deteccion confiable (0.87)
1307,98.97,20.7624,30.803,2,0.8659,7,7,ALERTA: deteccion confiable (0.87)
1308,99.035,20.9042,30.1499,2,0.9154,7,7,ALERTA: deteccion confiable (0.87)
1309,99.105,18.8818,31.7371,2,0.9096,7,7,ALERTA: deteccion confiable (0.87)
1310,99.162,26.2964,29.3291,2,0.9122,7,7,ALERTA: deteccion confiable (0.87)
1311,99.242,15.7803,29.8367,2,0.9156,7,7,ALERTA: deteccion confiable (0.87)
1312,99.299,25.0414,29.8231,2,0.9111,7,7,ALERTA: deteccion confiable (0.87)
1313,99.372,17.8555,29.2392,2,0.8635,7,7,ALERTA: deteccion confiable (0.87)
1314,99.435,22.0069,29.2399,2,0.8264,7,7,ALERTA: deteccion confiable (0.87)
1315,99.505,18.6174,28.8231,1,0.9317,7,7,ALERTA: deteccion confiable (0.87)
1316,99.569,21.3731,29.7682,1,0.9413,7,7,ALERTA: deteccion confiable (0.87)
1317,99.635,20.4369,29.6991,1,0.9337,7,7,ALERTA: deteccion confiable (0.87)
1318,99.701,20.3083,30.6759,1,0.9314,7,7,ALERTA: deteccion confiable (0.87)
1319,99.767,20.1337,30.107,1,0.9184,7,7,ALERTA: deteccion confiable (0.87)
1320,99.839,18.1422,31.6381,1,0.9152,7,7,ALERTA: deteccion confiable (0.87)
1321,99.903,21.5369,31.949,1,0.8943,7,7,ALERTA: deteccion confiable (0.87)
1322,99.969,20.6253,31.6551,1,0.9365,7,7,ALERTA: deteccion confiable (0.87)
1323,100.033,21.7137,30.1712,1,0.9335,7,7,ALERTA: deteccion confiable (0.87)
1324,100.107,17.5945,30.0701,1,0.932,7,7,ALERTA: deteccion confiable (0.87)
1325,100.163,25.8418,28.476,1,0.927,7,7,ALERTA: deteccion confiable (0.87)
1326,100.236,17.8588,30.0822,1,0.9124,7,7,ALERTA: deteccion confiable (0.87)
1327,100.301,20.7069,29.6428,1,0.9193,7,7,ALERTA: deteccion confiable (0.87)
1328,100.37,18.8943,30.7579,1,0.917,7,7,ALERTA: deteccion confiable (0.87)
1329,100.434,21.3985,29.7983,1,0.9104,7,7,ALERTA: deteccion confiable (0.87)
1330,100.503,19.626,30.4801,1,0.902,7,7,ALERTA: deteccion confiable (0.87)
1331,100.573,19.032,31.22,1,0.9109,7,7,ALERTA: deteccion confiable (0.87)
1332,100.635,22.2075,29.892,1,0.9074,7,7,ALERTA: deteccion confiable (0.87)
1333,100.705,18.9172,30.478,1,0.9105,7,7,ALERTA: deteccion confiable (0.87)
1334,100.769,21.7539,29.8319,1,0.9131,7,7,ALERTA: deteccion confiable (0.87)
1335,100.838,19.2115,30.2572,1,0.9102,7,7,ALERTA: deteccion confiable (0.87)
1336,100.905,20.5478,30.731,1,0.9096,7,7,ALERTA: deteccion confiable (0.87)
1337,100.972,20.1898,30.653,1,0.9141,7,7,ALERTA: deteccion confiable (0.91)
1338,101.036,21.3552,31.0609,1,0.9104,7,7,ALERTA: deteccion confiable (0.91)
1339,101.103,19.7507,30.622,1,0.9114,7,7,ALERTA: deteccion confiable (0.91)
1340,101.172,19.5531,33.3562,1,0.9093,7,7,ALERTA: deteccion confiable (0.91)
1341,101.228,25.8359,30.8118,1,0.9081,7,7,ALERTA: deteccion confiable (0.91)
1342,101.305,16.6458,29.973,1,0.9064,7,7,ALERTA: deteccion confiable (0.91)
1343,101.371,20.1045,30.1301,1,0.903,7,7,ALERTA: deteccion confiable (0.91)
1344,101.438,20.1807,29.8202,1,0.9105,7,7,ALERTA: deteccion confiable (0.91)
1345,101.503,20.8234,30.4558,1,0.9105,7,7,ALERTA: deteccion confiable (0.91)
1346,101.572,19.4526,30.1609,1,0.9089,7,7,ALERTA: deteccion confiable (0.91)
1347,101.636,21.6736,29.639,1,0.9062,7,7,ALERTA: deteccion confiable (0.91)
1348,101.701,20.6036,31.1077,1,0.8815,7,7,ALERTA: deteccion confiable (0.91)
1349,101.772,18.638,31.09,1,0.919,7,7,ALERTA: deteccion confiable (0.91)
1350,101.839,20.3657,32.3341,1,0.8968,7,7,ALERTA: deteccion confiable (0.91)
1351,101.905,20.6923,32.1341,1,0.9222,7,7,ALERTA: deteccion confiable (0.91)
1352,101.968,21.8956,29.8939,1,0.9248,7,7,ALERTA: deteccion confiable (0.91)
1353,102.041,18.306,30.535,1,0.9243,7,7,ALERTA: deteccion confiable (0.91)
1354,102.103,22.2109,30.9539,1,0.9349,7,7,ALERTA: deteccion confiable (0.91)
1355,102.17,20.0565,29.6953,1,0.9309,7,7,ALERTA: deteccion confiable (0.91)
1356,102.236,20.9741,31.9412,1,0.927,7,7,ALERTA: deteccion confiable (0.91)
1357,102.307,18.6286,31.4608,1,0.9305,7,7,ALERTA: deteccion confiable (0.91)
1358,102.368,23.1001,32.1221,1,0.9182,7,7,ALERTA: deteccion confiable (0.91)
1359,102.439,18.5701,31.769,1,0.8996,7,7,ALERTA: deteccion confiable (0.91)
1360,102.504,21.2431,31.244,1,0.9109,7,7,ALERTA: deteccion confiable (0.91)
1361,102.57,20.7517,30.2382,1,0.9054,7,7,ALERTA: deteccion confiable (0.91)
1362,102.639,19.581,30.9501,1,0.9056,7,7,ALERTA: deteccion confiable (0.91)
1363,102.701,22.2846,30.731,1,0.9002,7,7,ALERTA: deteccion confiable (0.91)
1364,102.768,20.233,30.1971,1,0.9054,7,7,ALERTA: deteccion confiable (0.91)
1365,102.84,18.1508,30.9961,1,0.907,7,7,ALERTA: deteccion confiable (0.91)
1366,102.904,21.3406,30.9651,2,0.7024,7,7,ALERTA: deteccion confiable (0.91)
1367,102.968,21.5202,30.6139,2,0.7242,7,7,ALERTA: deteccion confiable (0.91)
1368,103.033,20.6996,30.5831,2,0.7703,7,7,ALERTA: deteccion confiable (0.77)
1369,103.104,18.6408,31.3051,2,0.7076,7,7,ALERTA: deteccion confiable (0.77)
1370,103.168,21.5323,30.1549,2,0.7456,7,7,ALERTA: deteccion confiable (0.77)
1371,103.241,17.8059,30.3681,2,0.7901,7,7,ALERTA: deteccion confiable (0.77)
1372,103.302,22.8995,30.8139,2,0.8305,7,7,ALERTA: deteccion confiable (0.77)
1373,103.371,19.5802,31.0481,2,0.8297,7,7,ALERTA: deteccion confiable (0.77)
1374,103.436,20.946,30.364,2,0.7848,7,7,ALERTA: deteccion confiable (0.77)
1375,103.505,19.7115,30.9639,2,0.8046,7,7,ALERTA: deteccion confiable (0.77)
1376,103.568,22.0459,30.3149,2,0.8552,7,7,ALERTA: deteccion confiable (0.77)
1377,103.638,18.6725,30.5212,2,0.8393,7,7,ALERTA: deteccion confiable (0.77)
1378,103.706,20.0978,30.6661,2,0.8411,7,7,ALERTA: deteccion confiable (0.77)
1379,103.769,21.7638,30.6551,2,0.862,7,7,ALERTA: deteccion confiable (0.77)
1380,103.841,18.5518,30.5521,2,0.8669,7,7,ALERTA: deteccion confiable (0.77)
1381,103.903,22.1484,30.582,2,0.8431,7,7,ALERTA: deteccion confiable (0.77)
1382,103.971,20.1001,30.196,2,0.8282,7,7,ALERTA: deteccion confiable (0.77)
1383,104.037,20.6068,29.927,2,0.8457,7,7,ALERTA: deteccion confiable (0.77)
1384,104.105,19.8705,30.0081,2,0.8626,7,7,ALERTA: deteccion confiable (0.77)
1385,104.171,20.5014,30.4198,2,0.8527,7,7,ALERTA: deteccion confiable (0.77)
1386,104.238,20.2199,30.5479,2,0.8142,7,7,ALERTA: deteccion confiable (0.77)
1387,104.305,19.9346,30.8957,2,0.8085,7,7,ALERTA: deteccion confiable (0.77)
1388,104.367,23.8332,29.566,2,0.8222,7,7,ALERTA: deteccion confiable (0.77)
1389,104.441,17.6509,29.7098,2,0.8,7,7,ALERTA: deteccion confiable (0.77)
1390,104.501,22.8005,29.9323,2,0.7817,7,7,ALERTA: deteccion confiable (0.77)
1391,104.572,18.7618,29.6299,2,0.8372,7,7,ALERTA: deteccion confiable (0.77)
1392,104.637,20.918,29.9132,2,0.8301,7,7,ALERTA: deteccion confiable (0.77)
1393,104.705,19.5791,29.022,2,0.8626,7,7,ALERTA: deteccion confiable (0.77)
1394,104.769,21.6679,29.4311,2,0.8232,7,7,ALERTA: deteccion confiable (0.77)
1395,104.841,17.9782,30.0112,2,0.7943,7,7,ALERTA: deteccion confiable (0.77)
1396,104.901,23.566,29.1998,2,0.7152,7,7,ALERTA: deteccion confiable (0.77)
1397,104.972,18.2336,28.935,2,0.7878,7,7,ALERTA: deteccion confiable (0.77)
1398,105.036,21.4366,29.7852,2,0.8632,7,7,ALERTA: deteccion confiable (0.86)
1399,105.106,18.9355,30.0298,2,0.8652,7,7,ALERTA: deteccion confiable (0.86)
1400,105.171,20.6071,30.2088,2,0.8974,7,7,ALERTA: deteccion confiable (0.86)
1401,105.238,20.2229,30.4182,2,0.857,7,7,ALERTA: deteccion confiable (0.86)
1402,105.306,19.5163,30.4163,2,0.8538,7,7,ALERTA: deteccion confiable (0.86)
1403,105.364,24.1548,29.4752,2,0.8874,7,7,ALERTA: deteccion confiable (0.86)
1404,105.437,17.6731,33.5171,2,0.8972,7,7,ALERTA: deteccion confiable (0.86)
1405,105.505,19.7862,30.4868,2,0.8955,7,7,ALERTA: deteccion confiable (0.86)
1406,105.568,22.801,30.0601,2,0.904,7,7,ALERTA: deteccion confiable (0.86)
1407,105.639,18.3371,29.6209,2,0.9082,7,7,ALERTA: deteccion confiable (0.86)
1408,105.702,21.9221,29.7012,2,0.9127,7,7,ALERTA: deteccion confiable (0.86)
1409,105.771,19.5183,30.118,2,0.9079,7,7,ALERTA: deteccion confiable (0.86)
1410,105.836,20.842,29.9439,2,0.9036,7,7,ALERTA: deteccion confiable (0.86)
1411,105.902,20.1433,30.1762,2,0.9046,7,7,ALERTA: deteccion confiable (0.86)
1412,105.97,19.6444,29.6812,2,0.9073,7,7,ALERTA: deteccion confiable (0.86)
1413,106.036,20.4917,30.1979,2,0.9075,7,7,ALERTA: deteccion confiable (0.86)
1414,106.105,19.3406,29.9683,2,0.9032,7,7,ALERTA: deteccion confiable (0.86)
1415,106.169,21.1882,29.181,2,0.8966,7,7,ALERTA: deteccion confiable (0.86)
1416,106.237,19.7592,29.6459,2,0.8885,7,7,ALERTA: deteccion confiable (0.86)
1417,106.304,19.7901,29.6509,2,0.8892,7,7,ALERTA: deteccion confiable (0.86)
1418,106.369,21.3239,29.6659,2,0.8847,7,7,ALERTA: deteccion confiable (0.86)
1419,106.437,19.4201,29.5072,2,0.8984,7,7,ALERTA: deteccion confiable (0.86)
1420,106.505,19.6484,30.432,2,0.8957,7,7,ALERTA: deteccion confiable (0.86)
1421,106.571,20.9217,30.5827,2,0.9013,7,7,ALERTA: deteccion confiable (0.86)
1422,106.638,19.9525,30.3259,2,0.9122,7,7,ALERTA: deteccion confiable (0.86)
1423,106.703,20.8473,30.915,2,0.9055,7,7,ALERTA: deteccion confiable (0.86)
1424,106.771,19.8645,30.7658,2,0.8988,7,7,ALERTA: deteccion confiable (0.86)
1425,106.837,20.2364,30.036,2,0.8891,7,7,ALERTA: deteccion confiable (0.86)
1426,106.902,21.2893,30.0071,2,0.8938,7,7,ALERTA: deteccion confiable (0.86)
1427,106.968,20.5174,30.1898,2,0.892,7,7,ALERTA: deteccion confiable (0.86)
1428,107.036,19.5157,30.1499,2,0.8944,7,7,ALERTA: deteccion confiable (0.86)
1429,107.103,19.9453,29.8328,2,0.8749,7,7,ALERTA: deteccion confiable (0.87)
1430,107.168,21.691,29.7031,2,0.8753,7,7,ALERTA: deteccion confiable (0.87)
1431,107.238,18.5884,28.9717,2,0.8338,7,7,ALERTA: deteccion confiable (0.87)
1432,107.303,20.9342,28.913,2,0.6753,7,7,ALERTA: deteccion confiable (0.87)
1433,107.37,19.9577,28.595,2,0.8703,7,7,ALERTA: deteccion confiable (0.87)
1434,107.437,20.1519,29.8541,2,0.8772,7,7,ALERTA: deteccion confiable (0.87)
1435,107.505,19.3795,29.9001,2,0.876,7,7,ALERTA: deteccion confiable (0.87)
1436,107.563,24.3202,29.3241,2,0.8755,7,7,ALERTA: deteccion confiable (0.87)
1437,107.644,15.4388,28.2671,2,0.8678,7,7,ALERTA: deteccion confiable (0.87)
1438,107.7,25.4725,29.9189,2,0.8409,7,7,ALERTA: deteccion confiable (0.87)
1439,107.769,19.2372,30.535,2,0.8676,7,7,ALERTA: deteccion confiable (0.87)
1440,107.833,21.3384,29.418,2,0.8663,7,7,ALERTA: deteccion confiable (0.87)
1441,107.903,18.8715,32.2199,2,0.7446,7,7,ALERTA: deteccion confiable (0.87)
1442,107.963,23.9038,28.6489,2,0.702,7,7,ALERTA: deteccion confiable (0.87)
1443,108.044,15.297,28.5852,1,0.91,7,7,ALERTA: deteccion confiable (0.87)
1444,108.1,25.8071,28.3971,1,0.9068,7,7,ALERTA: deteccion confiable (0.87)
1445,108.174,17.4633,28.7411,1,0.9035,7,7,ALERTA: deteccion confiable (0.87)
1446,108.235,22.6533,28.8069,1,0.9063,7,7,ALERTA: deteccion confiable (0.87)
1447,108.307,17.716,28.8503,1,0.9098,7,7,ALERTA: deteccion confiable (0.87)
1448,108.367,23.3052,28.1479,1,0.9148,7,7,ALERTA: deteccion confiable (0.87)
1449,108.438,18.2946,28.6391,1,0.9116,7,7,ALERTA: deteccion confiable (0.87)
1450,108.506,19.3065,30.1042,1,0.9061,7,7,ALERTA: deteccion confiable (0.87)
1451,108.567,22.8165,28.7049,1,0.9075,7,7,ALERTA: deteccion confiable (0.87)
1452,108.642,17.016,30.087,1,0.9076,7,7,ALERTA: deteccion confiable (0.87)
1453,108.702,23.0278,29.8307,1,0.9063,7,7,ALERTA: deteccion confiable (0.87)
1454,108.769,20.4892,29.1128,1,0.9079,7,7,ALERTA: deteccion confiable (0.87)
1455,108.838,18.9067,29.088,2,0.8629,7,7,ALERTA: deteccion confiable (0.87)
1456,108.902,21.3229,29.9661,2,0.8907,7,7,ALERTA: deteccion confiable (0.87)
1457,108.975,17.6888,31.2898,2,0.8589,7,7,ALERTA: deteccion confiable (0.87)
1458,109.029,26.8781,31.2691,2,0.8728,7,7,ALERTA: deteccion confiable (0.87)
1459,109.099,18.9501,30.7908,2,0.8806,7,7,ALERTA: deteccion confiable (0.87)
1460,109.167,19.7959,30.4949,2,0.8258,8,7,ALERTA: deteccion confiable (0.83)
1461,109.234,19.9669,31.728,2,0.8583,8,7,ALERTA: deteccion confiable (0.83)
1462,109.304,19.1626,30.7631,2,0.8947,8,7,ALERTA: deteccion confiable (0.83)
1463,109.37,20.5868,31.1749,2,0.906,8,7,ALERTA: deteccion confiable (0.83)
1464,109.438,19.8945,31.6851,2,0.9093,8,7,ALERTA: deteccion confiable (0.83)
1465,109.506,19.6498,34.0769,2,0.9206,8,7,ALERTA: deteccion confiable (0.83)
1466,109.569,22.6831,32.532,2,0.9221,8,7,ALERTA: deteccion confiable (0.83)
1467,109.635,20.4328,31.6038,2,0.9226,8,7,ALERTA: deteccion confiable (0.83)
1468,109.702,20.0247,31.2479,2,0.9125,8,7,ALERTA: deteccion confiable (0.83)
1469,109.77,20.012,31.0574,2,0.9189,8,7,ALERTA: deteccion confiable (0.83)
1470,109.836,20.4885,31.8558,2,0.9249,8,7,ALERTA: deteccion confiable (0.83)
1471,109.903,20.1341,31.776,2,0.9247,8,7,ALERTA: deteccion confiable (0.83)
1472,109.971,19.9247,30.6239,2,0.9035,8,7,ALERTA: deteccion confiable (0.83)
1473,110.036,20.8307,30.9472,2,0.8841,8,7,ALERTA: deteccion confiable (0.83)
1474,110.1,21.3474,29.5901,2,0.8876,8,7,ALERTA: deteccion confiable (0.83)
1475,110.17,19.185,32.1119,2,0.7999,8,7,ALERTA: deteccion confiable (0.83)
1476,110.233,21.7122,29.953,1,0.9264,8,7,ALERTA: deteccion confiable (0.83)
1477,110.304,18.7413,29.3431,1,0.9254,8,7,ALERTA: deteccion confiable (0.83)
1478,110.368,21.8016,29.8362,1,0.9198,8,7,ALERTA: deteccion confiable (0.83)
1479,110.437,19.2976,29.8238,1,0.9296,8,7,ALERTA: deteccion confiable (0.83)
1480,110.503,20.6787,29.7799,1,0.9306,8,7,ALERTA: deteccion confiable (0.83)
1481,110.571,19.7645,31.1251,1,0.9358,8,7,ALERTA: deteccion confiable (0.83)
1482,110.637,20.9454,31.1098,1,0.9289,8,7,ALERTA: deteccion confiable (0.83)
1483,110.702,20.7473,31.323,1,0.9312,8,7,ALERTA: deteccion confiable (0.83)
1484,110.77,19.9473,30.6633,1,0.9257,8,7,ALERTA: deteccion confiable (0.83)
1485,110.836,20.6868,30.5169,1,0.9244,8,7,ALERTA: deteccion confiable (0.83)
1486,110.906,18.8058,32.145,1,0.9227,8,7,ALERTA: deteccion confiable (0.83)
1487,110.97,21.7661,31.2603,2,0.8095,8,7,ALERTA: deteccion confiable (0.83)
1488,111.037,20.1742,30.894,2,0.7363,8,7,ALERTA: deteccion confiable (0.83)
1489,111.105,19.9901,31.6901,2,0.852,8,7,ALERTA: deteccion confiable (0.83)
1490,111.166,23.2212,31.4114,2,0.8536,8,7,ALERTA: deteccion confiable (0.83)
1491,111.238,18.1504,31.801,2,0.9117,8,7,ALERTA: deteccion confiable (0.91)
1492,111.302,21.7581,31.6319,2,0.9225,8,7,ALERTA: deteccion confiable (0.91)
1493,111.37,19.9693,31.3599,2,0.9247,8,7,ALERTA: deteccion confiable (0.91)
1494,111.436,20.6067,30.9861,2,0.9284,8,7,ALERTA: deteccion confiable (0.91)
1495,111.502,20.3103,30.4539,2,0.9315,8,7,ALERTA: deteccion confiable (0.91)
1496,111.569,20.1552,30.0422,2,0.9321,8,7,ALERTA: deteccion confiable (0.91)
1497,111.635,20.5512,30.9401,2,0.9321,8,7,ALERTA: deteccion confiable (0.91)
1498,111.704,19.6228,35.718,2,0.9349,8,7,ALERTA: deteccion confiable (0.91)
1499,111.766,22.6738,30.2773,2,0.924,8,7,ALERTA: deteccion confiable (0.91)
1500,111.84,17.4975,30.6737,2,0.9168,8,7,ALERTA: deteccion confiable (0.91)
1501,111.903,21.7936,31.795,2,0.9116,8,7,ALERTA: deteccion confiable (0.91)
1502,111.971,19.7879,31.1668,2,0.8949,8,7,ALERTA: deteccion confiable (0.91)
1503,112.038,20.7105,31.1911,2,0.9083,8,7,ALERTA: deteccion confiable (0.91)
1504,112.105,20.331,31.2381,2,0.9146,8,7,ALERTA: deteccion confiable (0.91)
1505,112.171,20.7057,30.4849,2,0.9175,8,7,ALERTA: deteccion confiable (0.91)
1506,112.235,21.341,29.9881,2,0.9086,8,7,ALERTA: deteccion confiable (0.91)
1507,112.307,18.4707,31.5242,2,0.8989,8,7,ALERTA: deteccion confiable (0.91)
1508,112.369,22.852,30.2179,2,0.8964,8,7,ALERTA: deteccion confiable (0.91)
1509,112.439,18.9918,30.2839,2,0.8913,8,7,ALERTA: deteccion confiable (0.91)
1510,112.507,19.7846,33.5119,2,0.8643,8,7,ALERTA: deteccion confiable (0.91)
1511,112.567,23.4758,31.4128,2,0.8153,8,7,ALERTA: deteccion confiable (0.91)
1512,112.637,19.088,30.23,2,0.8521,8,8,ALERTA: deteccion confiable (0.91)
1513,112.702,20.956,30.612,2,0.8618,8,8,ALERTA: deteccion confiable (0.91)
1514,112.771,19.8937,31.518,2,0.881,8,8,ALERTA: deteccion confiable (0.91)
1515,112.837,20.509,31.0848,2,0.886,8,8,ALERTA: deteccion confiable (0.91)
1516,112.905,19.9613,29.8698,2,0.8778,8,8,ALERTA: deteccion confiable (0.91)
1517,112.968,21.9,30.108,2,0.864,8,8,ALERTA: deteccion confiable (0.91)
1518,113.038,18.8655,30.062,1,0.9101,8,8,ALERTA: deteccion confiable (0.91)
1519,113.11,18.2262,36.2811,1,0.9075,8,8,ALERTA: deteccion confiable (0.91)
1520,113.169,24.1656,30.0772,1,0.9178,8,8,ALERTA: deteccion confiable (0.91)
1521,113.239,18.7003,31.4338,1,0.9151,8,8,ALERTA: deteccion confiable (0.92)
1522,113.306,20.0901,32.1822,1,0.9225,8,8,ALERTA: deteccion confiable (0.92)
1523,113.37,21.6572,31.3802,1,0.9284,8,8,ALERTA: deteccion confiable (0.92)
1524,113.439,19.1117,31.338,1,0.9265,8,8,ALERTA: deteccion confiable (0.92)
1525,113.504,21.113,30.7221,1,0.9283,8,8,ALERTA: deteccion confiable (0.92)
1526,113.571,20.4116,30.163,1,0.9186,8,8,ALERTA: deteccion confiable (0.92)
1527,113.639,19.492,31.497,1,0.9154,8,8,ALERTA: deteccion confiable (0.92)
1528,113.704,21.3274,31.961,1,0.8948,8,8,ALERTA: deteccion confiable (0.92)
1529,113.771,19.9167,30.8151,1,0.9029,8,8,ALERTA: deteccion confiable (0.92)
1530,113.838,20.3883,31.1067,1,0.8939,8,8,ALERTA: deteccion confiable (0.92)
1531,113.904,20.3401,31.1487,1,0.8946,8,8,ALERTA: deteccion confiable (0.92)
1532,113.97,20.9236,30.9372,1,0.9057,8,8,ALERTA: deteccion confiable (0.92)
1533,114.036,20.5787,29.4058,1,0.8944,8,8,ALERTA: deteccion confiable (0.92)
1534,114.107,18.5687,31.2099,1,0.8992,8,8,ALERTA: deteccion confiable (0.92)
1535,114.169,22.7081,29.6607,2,0.7536,8,8,ALERTA: deteccion confiable (0.92)
1536,114.238,19.2895,30.7353,2,0.8,8,8,ALERTA: deteccion confiable (0.92)
1537,114.303,20.7888,31.2781,2,0.8289,8,8,ALERTA: deteccion confiable (0.92)
1538,114.371,20.2065,30.8859,2,0.8571,8,8,ALERTA: deteccion confiable (0.92)
1539,114.437,20.8555,29.897,2,0.8774,8,8,ALERTA: deteccion confiable (0.92)
1540,114.505,19.6541,30.5932,2,0.8892,8,8,ALERTA: deteccion confiable (0.92)
1541,114.571,20.4511,30.6759,2,0.8818,8,8,ALERTA: deteccion confiable (0.92)
1542,114.637,20.5779,30.4279,2,0.8759,8,8,ALERTA: deteccion confiable (0.92)
1543,114.704,20.1625,30.7939,2,0.8599,8,8,ALERTA: deteccion confiable (0.92)
1544,114.77,20.4737,30.3738,2,0.8325,8,8,ALERTA: deteccion confiable (0.92)
1545,114.836,20.2159,30.452,2,0.7925,8,8,ALERTA: deteccion confiable (0.92)
1546,114.906,19.2522,31.5907,2,0.7752,8,8,ALERTA: deteccion confiable (0.92)
1547,114.969,21.5351,30.401,2,0.8323,8,8,ALERTA: deteccion confiable (0.92)
1548,115.038,19.5706,30.4699,2,0.7747,8,8,ALERTA: deteccion confiable (0.92)
1549,115.104,20.3174,30.4089,2,0.8773,8,8,ALERTA: deteccion confiable (0.92)
1550,115.169,21.486,29.8512,2,0.871,8,8,ALERTA: deteccion confiable (0.92)
1551,115.238,19.1149,30.601,2,0.873,8,8,ALERTA: deteccion confiable (0.92)
1552,115.304,20.7688,31.2049,2,0.8482,8,8,ALERTA: deteccion confiable (0.85)
1553,115.37,20.4654,30.3428,2,0.884,8,8,ALERTA: deteccion confiable (0.85)
1554,115.437,20.3954,30.2312,2,0.8625,8,8,ALERTA: deteccion confiable (0.85)
1555,115.503,20.4638,30.241,2,0.8588,8,8,ALERTA: deteccion confiable (0.85)
1556,115.571,19.6452,30.345,2,0.8637,8,8,ALERTA: deteccion confiable (0.85)
1557,115.636,21.0531,30.7508,2,0.8447,8,8,ALERTA: deteccion confiable (0.85)
1558,115.705,19.1329,32.485,2,0.8514,8,8,ALERTA: deteccion confiable (0.85)
1559,115.77,21.5485,30.9334,2,0.852,8,8,ALERTA: deteccion confiable (0.85)
1560,115.838,19.5057,31.3711,3,0.7071,8,8,ALERTA: deteccion confiable (0.85)
1561,115.906,20.1361,32.2952,3,0.694,8,8,ALERTA: deteccion confiable (0.85)
1562,115.966,24.0061,29.8831,2,0.8297,8,8,ALERTA: deteccion confiable (0.85)
1563,116.041,17.445,31.07,2,0.8257,8,8,ALERTA: deteccion confiable (0.85)
1564,116.105,21.6072,32.1238,2,0.8277,8,8,ALERTA: deteccion confiable (0.85)
1565,116.17,20.8652,31.0812,2,0.8065,8,8,ALERTA: deteccion confiable (0.85)
1566,116.239,19.7044,30.3261,2,0.8084,8,8,ALERTA: deteccion confiable (0.85)
1567,116.304,20.859,31.2412,2,0.8488,8,8,ALERTA: deteccion confiable (0.85)
1568,116.37,20.7227,30.606,2,0.8265,8,8,ALERTA: deteccion confiable (0.85)
1569,116.437,20.0816,31.0881,2,0.8773,8,8,ALERTA: deteccion confiable (0.85)
1570,116.505,19.9764,31.5857,3,0.7347,8,8,ALERTA: deteccion confiable (0.85)
1571,116.571,20.6104,30.925,3,0.7525,8,8,ALERTA: deteccion confiable (0.85)
1572,116.639,19.7836,31.2691,3,0.7407,8,8,ALERTA: deteccion confiable (0.85)
1573,116.703,21.4454,30.175,3,0.7255,8,8,ALERTA: deteccion confiable (0.85)
1574,116.771,20.0871,30.9482,3,0.7058,8,8,ALERTA: deteccion confiable (0.85)
1575,116.834,21.8995,29.0532,3,0.6874,8,8,ALERTA: deteccion confiable (0.85)
1576,116.906,18.4556,30.6909,2,0.8099,8,8,ALERTA: deteccion confiable (0.85)
1577,116.968,22.8995,29.9809,2,0.7752,8,8,ALERTA: deteccion confiable (0.85)
1578,117.041,17.9568,31.3728,1,0.9056,8,8,ALERTA: deteccion confiable (0.85)
1579,117.104,21.9849,31.0531,2,0.6852,8,8,ALERTA: deteccion confiable (0.85)
1580,117.171,20.2575,30.8537,2,0.6615,8,8,ALERTA: deteccion confiable (0.85)
1581,117.236,21.2156,30.103,1,0.9107,8,8,ALERTA: deteccion confiable (0.85)
1582,117.306,18.8434,31.43,1,0.9068,8,8,ALERTA: deteccion confiable (0.91)
1583,117.369,22.0799,30.4649,1,0.9048,8,8,ALERTA: deteccion confiable (0.91)
1584,117.438,19.1512,32.0141,1,0.9094,8,8,ALERTA: deteccion confiable (0.91)
1585,117.504,20.5608,31.1999,1,0.9136,8,8,ALERTA: deteccion confiable (0.91)
1586,117.571,20.6485,31.1,1,0.9139,8,8,ALERTA: deteccion confiable (0.91)
1587,117.635,20.833,29.6161,1,0.9148,8,8,ALERTA: deteccion confiable (0.91)
1588,117.704,18.9865,30.5982,1,0.9137,8,8,ALERTA: deteccion confiable (0.91)
1589,117.772,19.6139,31.79,1,0.9131,8,8,ALERTA: deteccion confiable (0.91)
1590,117.841,19.2889,31.563,1,0.9113,8,8,ALERTA: deteccion confiable (0.91)
1591,117.906,20.6188,31.8909,1,0.9103,8,8,ALERTA: deteccion confiable (0.91)
1592,117.97,21.1153,30.0059,2,0.6605,8,8,ALERTA: deteccion confiable (0.91)
1593,118.038,19.5305,30.6423,2,0.6686,8,8,ALERTA: deteccion confiable (0.91)
1594,118.104,20.3397,30.6361,2,0.6609,8,8,ALERTA: deteccion confiable (0.91)
1595,118.172,19.7211,30.6861,2,0.6619,8,8,ALERTA: deteccion confiable (0.91)
1596,118.238,20.2778,31.22,2,0.6636,8,8,ALERTA: deteccion confiable (0.91)
1597,118.306,19.4244,31.148,2,0.669,8,8,ALERTA: deteccion confiable (0.91)
1598,118.37,21.5568,30.113,2,0.6722,8,8,ALERTA: deteccion confiable (0.91)
1599,118.441,18.3315,30.7772,2,0.6697,8,8,ALERTA: deteccion confiable (0.91)
1600,118.505,21.1444,30.848,2,0.6657,8,8,ALERTA: deteccion confiable (0.91)
1601,118.566,22.4093,28.9559,2,0.6601,8,8,ALERTA: deteccion confiable (0.91)
1602,118.64,17.295,30.9629,2,0.6618,8,8,ALERTA: deteccion confiable (0.91)
1603,118.704,21.3983,31.0831,2,0.6591,8,8,ALERTA: deteccion confiable (0.91)
1604,118.771,19.8224,30.529,2,0.6598,8,8,ALERTA: deteccion confiable (0.91)
1605,118.836,20.2413,29.6011,1,0.9095,8,8,ALERTA: deteccion confiable (0.91)
1606,118.905,19.1619,31.4691,2,0.6619,8,8,ALERTA: deteccion confiable (0.91)
1607,118.968,21.5619,30.8521,2,0.6689,8,8,ALERTA: deteccion confiable (0.91)
1608,119.036,19.3462,28.899,2,0.6616,8,8,ALERTA: deteccion confiable (0.91)
1609,119.106,18.3952,30.787,2,0.6643,8,8,ALERTA: deteccion confiable (0.91)
1610,119.167,23.7484,29.424,2,0.6662,8,8,ALERTA: deteccion confiable (0.91)
1611,119.242,16.9613,29.449,2,0.6628,8,8,ALERTA: deteccion confiable (0.91)
1612,119.299,24.7579,28.5199,2,0.6676,8,8,ALERTA: deteccion confiable (0.91)
1613,119.375,16.7544,29.9001,3,0.5908,8,8,ALERTA: densidad alta de personas (3)
1614,119.434,23.4758,30.0741,3,0.6128,8,8,ALERTA: densidad alta de personas (3)
1615,119.51,16.8472,29.8111,3,0.6121,8,8,ALERTA: densidad alta de personas (3)
1616,119.566,24.9938,29.1877,3,0.6185,8,8,ALERTA: densidad alta de personas (3)
1617,119.643,16.4117,29.1979,3,0.5973,8,8,ALERTA: densidad alta de personas (3)
1618,119.702,23.723,29.8359,2,0.662,8,8,ALERTA: densidad alta de personas (3)
1619,119.773,18.1749,29.6822,1,0.9078,8,8,ALERTA: densidad alta de personas (3)
1620,119.836,21.4481,29.2101,2,0.6597,8,8,ALERTA: densidad alta de personas (3)
1621,119.908,18.1597,31.1999,1,0.8977,8,8,ALERTA: densidad alta de personas (3)
1622,119.966,24.4613,28.9912,1,0.8937,8,8,ALERTA: densidad alta de personas (3)
1623,120.04,17.6193,30.498,1,0.9004,8,8,ALERTA: densidad alta de personas (3)
1624,120.105,20.9701,31.7221,1,0.9033,8,8,ALERTA: densidad alta de personas (3)
1625,120.169,21.3955,30.4971,1,0.9092,8,8,ALERTA: densidad alta de personas (3)
1626,120.238,19.5947,29.7611,1,0.9283,8,8,ALERTA: densidad alta de personas (3)
1627,120.303,21.0649,30.3521,1,0.9199,8,8,ALERTA: densidad alta de personas (3)
1628,120.373,18.8922,33.134,1,0.9245,8,8,ALERTA: densidad alta de personas (3)
1629,120.432,23.7281,30.1571,2,0.6874,8,8,ALERTA: densidad alta de personas (3)
1630,120.504,18.5302,29.912,2,0.6694,8,8,ALERTA: densidad alta de personas (3)
1631,120.57,20.417,30.5829,2,0.6965,8,8,ALERTA: densidad alta de personas (3)
1632,120.636,20.6369,30.8132,2,0.6886,8,8,ALERTA: densidad alta de personas (3)
1633,120.706,19.1466,31.9469,2,0.6846,8,8,ALERTA: densidad alta de personas (3)
1634,120.767,23.0393,30.1998,1,0.9265,8,8,ALERTA: densidad alta de personas (3)
1635,120.837,18.9258,29.5849,1,0.9238,8,8,ALERTA: densidad alta de personas (3)
1636,120.903,20.3841,29.4421,1,0.924,8,8,ALERTA: densidad alta de personas (3)
1637,120.969,20.7991,29.9501,2,0.686,8,8,ALERTA: densidad alta de personas (3)
1638,121.037,19.4033,29.7761,1,0.9293,8,8,ALERTA: densidad alta de personas (3)
1639,121.103,20.5943,29.3629,2,0.6854,8,8,ALERTA: densidad alta de personas (3)
1640,121.168,20.9511,29.7959,1,0.9281,8,8,ALERTA: densidad alta de personas (3)
1641,121.239,18.5031,30.0429,1,0.9258,8,8,ALERTA: densidad alta de personas (3)
1642,121.305,20.4445,30.709,1,0.9261,8,8,ALERTA: densidad alta de personas (3)
1643,121.37,20.7688,30.323,3,0.5904,8,8,ALERTA: densidad alta de personas (3)
1644,121.441,18.4346,30.3507,2,0.6789,8,8,ALERTA: densidad alta de personas (3)
1645,121.503,22.3799,30.5459,2,0.6732,8,8,ALERTA: densidad alta de personas (3)
1646,121.57,20.5028,29.665,1,0.9312,8,8,ALERTA: deteccion confiable (0.93)
1647,121.638,19.45,29.062,1,0.9304,8,8,ALERTA: deteccion confiable (0.93)
1648,121.705,20.2159,29.9268,1,0.9289,8,8,ALERTA: deteccion confiable (0.93)
1649,121.77,20.6127,30.0279,2,0.6764,8,8,ALERTA: deteccion confiable (0.93)
1650,121.839,19.7398,30.0429,3,0.5892,8,8,ALERTA: deteccion confiable (0.93)
1651,121.906,20.0044,30.6311,1,0.9294,8,8,ALERTA: deteccion confiable (0.93)
1652,121.968,22.4694,29.1121,2,0.6655,8,8,ALERTA: deteccion confiable (0.93)
1653,122.036,19.263,29.6772,2,0.6671,8,8,ALERTA: deteccion confiable (0.93)
1654,122.103,20.1398,29.8688,3,0.6096,8,8,ALERTA: deteccion confiable (0.93)
1655,122.17,19.9159,29.8071,3,0.5934,8,8,ALERTA: deteccion confiable (0.93)
1656,122.237,20.1001,29.876,3,0.5943,8,8,ALERTA: deteccion confiable (0.93)
1657,122.303,20.3472,30.247,2,0.7019,8,8,ALERTA: deteccion confiable (0.93)
1658,122.37,20.5272,30.103,3,0.606,8,8,ALERTA: deteccion confiable (0.93)
1659,122.436,20.4378,30.0179,2,0.6836,8,8,ALERTA: deteccion confiable (0.93)
1660,122.504,19.5296,30.7999,1,0.9222,8,8,ALERTA: deteccion confiable (0.93)
1661,122.572,20.0446,30.895,2,0.6887,8,8,ALERTA: deteccion confiable (0.93)
1662,122.637,21.034,29.3448,3,0.5856,8,8,ALERTA: deteccion confiable (0.93)
1663,122.702,20.7443,29.2799,2,0.6771,8,8,ALERTA: deteccion confiable (0.93)
1664,122.771,19.0789,29.4149,2,0.6831,8,8,ALERTA: deteccion confiable (0.93)
1665,122.839,19.8142,30.9892,2,0.6823,8,8,ALERTA: deteccion confiable (0.93)
1666,122.905,20.3033,31.3399,1,0.9313,8,8,ALERTA: deteccion confiable (0.93)
1667,122.969,21.5893,29.2668,1,0.9312,8,8,ALERTA: deteccion confiable (0.93)
1668,123.036,19.8468,29.2461,2,0.6786,8,8,ALERTA: deteccion confiable (0.93)
1669,123.106,19.1128,29.8703,2,0.6757,8,8,ALERTA: deteccion confiable (0.93)
1670,123.169,22.315,29.757,2,0.6768,8,8,ALERTA: deteccion confiable (0.93)
1671,123.24,18.2679,30.616,2,0.6676,8,8,ALERTA: deteccion confiable (0.93)
1672,123.304,21.3845,31.0547,1,0.9203,8,8,ALERTA: deteccion confiable (0.93)
1673,123.371,20.4366,29.774,1,0.9168,8,8,ALERTA: deteccion confiable (0.93)
1674,123.438,20.0148,30.0562,1,0.9084,8,8,ALERTA: deteccion confiable (0.93)
1675,123.507,19.4632,32.1512,1,0.9084,8,8,ALERTA: deteccion confiable (0.93)
1676,123.571,21.4302,30.4778,1,0.9135,8,8,ALERTA: deteccion confiable (0.91)
1677,123.639,19.7542,31.7268,1,0.9104,8,8,ALERTA: deteccion confiable (0.91)
1678,123.703,21.3706,30.1247,1,0.9084,8,8,ALERTA: deteccion confiable (0.91)
1679,123.77,20.0907,30.215,1,0.8951,8,8,ALERTA: deteccion confiable (0.91)
1680,123.838,19.6746,29.6299,1,0.8941,8,8,ALERTA: deteccion confiable (0.91)
1681,123.906,19.3174,31.312,1,0.8943,8,8,ALERTA: deteccion confiable (0.91)
1682,123.97,22.633,30.3411,1,0.8863,8,8,ALERTA: deteccion confiable (0.91)
1683,124.039,19.0549,30.0999,1,0.8957,8,8,ALERTA: deteccion confiable (0.91)
1684,124.106,20.2179,31.055,1,0.8947,8,8,ALERTA: deteccion confiable (0.91)
1685,124.172,20.3499,30.4089,1,0.8902,8,8,ALERTA: deteccion confiable (0.91)
1686,124.239,20.0216,30.3133,1,0.8853,8,8,ALERTA: deteccion confiable (0.91)
1687,124.306,20.081,30.1678,1,0.8835,8,8,ALERTA: deteccion confiable (0.91)
1688,124.373,20.3347,30.8201,1,0.8911,8,8,ALERTA: deteccion confiable (0.91)
1689,124.438,20.8451,29.5238,1,0.9029,8,8,ALERTA: deteccion confiable (0.91)
1690,124.508,19.0419,30.6461,1,0.906,8,8,ALERTA: deteccion confiable (0.91)
1691,124.57,22.1896,30.2551,1,0.9091,8,8,ALERTA: deteccion confiable (0.91)
1692,124.64,18.9126,30.045,1,0.9154,8,8,ALERTA: deteccion confiable (0.91)
1693,124.706,20.3438,30.8852,1,0.9217,8,8,ALERTA: deteccion confiable (0.91)
1694,124.772,21.2685,31.0509,1,0.9339,8,8,ALERTA: deteccion confiable (0.91)
1695,124.84,19.4997,30.4971,1,0.936,8,8,ALERTA: deteccion confiable (0.91)
1696,124.907,20.1999,31.7142,1,0.9309,8,8,ALERTA: deteccion confiable (0.91)
1697,124.972,21.4105,30.894,1,0.9308,8,8,ALERTA: deteccion confiable (0.91)
1698,125.04,20.016,30.5581,1,0.93,8,8,ALERTA: deteccion confiable (0.91)
1699,125.102,22.4756,30.968,1,0.9283,8,8,ALERTA: deteccion confiable (0.91)
1700,125.177,17.4019,30.8681,1,0.9206,8,8,ALERTA: deteccion confiable (0.91)
1701,125.237,23.8977,29.8929,1,0.9287,8,8,ALERTA: deteccion confiable (0.91)
1702,125.311,17.7198,31.6188,1,0.9389,8,8,ALERTA: deteccion confiable (0.91)
1703,125.371,23.7389,30.7209,1,0.9426,8,8,ALERTA: deteccion confiable (0.91)
1704,125.441,19.1219,30.957,1,0.9495,8,8,ALERTA: deteccion confiable (0.91)
1705,125.504,22.1591,30.9281,1,0.9479,8,8,ALERTA: deteccion confiable (0.91)
1706,125.574,19.2219,31.1837,1,0.9512,8,8,ALERTA: deteccion confiable (0.95)
1707,125.641,20.4863,31.189,1,0.9512,8,8,ALERTA: deteccion confiable (0.95)
1708,125.708,20.4098,30.755,1,0.9442,8,8,ALERTA: deteccion confiable (0.95)
1709,125.772,21.7013,30.5569,1,0.9408,8,8,ALERTA: deteccion confiable (0.95)
1710,125.839,20.429,30.684,1,0.942,8,8,ALERTA: deteccion confiable (0.95)
1711,125.908,19.7445,31.368,1,0.9364,8,8,ALERTA: deteccion confiable (0.95)
1712,125.969,22.9489,30.2799,1,0.9334,8,8,ALERTA: deteccion confiable (0.95)
1713,126.041,18.5965,31.5361,1,0.9329,8,8,ALERTA: deteccion confiable (0.95)
1714,126.107,20.6275,31.338,1,0.9387,8,8,ALERTA: deteccion confiable (0.95)
1715,126.17,22.1631,30.4539,1,0.923,8,8,ALERTA: deteccion confiable (0.95)
1716,126.244,18.0369,31.1968,1,0.9205,8,8,ALERTA: deteccion confiable (0.95)
1717,126.305,22.9263,31.0102,1,0.9263,8,8,ALERTA: deteccion confiable (0.95)
1718,126.375,18.9373,30.9889,1,0.9255,8,8,ALERTA: deteccion confiable (0.95)
1719,126.44,20.946,30.7941,1,0.9277,8,8,ALERTA: deteccion confiable (0.95)
1720,126.505,21.5059,31.728,1,0.9378,8,8,ALERTA: deteccion confiable (0.95)
1721,126.574,19.4905,30.8712,1,0.935,8,8,ALERTA: deteccion confiable (0.95)
1722,126.64,20.6805,30.23,1,0.9342,8,8,ALERTA: deteccion confiable (0.95)
1723,126.707,20.1215,30.5829,1,0.9329,8,8,ALERTA: deteccion confiable (0.95)
1724,126.773,20.6561,30.7908,1,0.93,8,8,ALERTA: deteccion confiable (0.95)
1725,126.841,19.6448,30.1909,1,0.9271,8,8,ALERTA: deteccion confiable (0.95)
1726,126.907,20.5061,30.1607,1,0.9235,8,8,ALERTA: deteccion confiable (0.95)
1727,126.974,20.2032,30.6001,1,0.9194,8,8,ALERTA: deteccion confiable (0.95)
1728,127.038,21.3941,31.3668,1,0.9217,8,8,ALERTA: deteccion confiable (0.95)
1729,127.109,18.5443,30.6499,1,0.9213,8,8,ALERTA: deteccion confiable (0.95)
1730,127.172,22.31,30.148,1,0.9241,8,8,ALERTA: deteccion confiable (0.95)
1731,127.242,18.8047,30.364,1,0.9214,8,8,ALERTA: deteccion confiable (0.95)
1732,127.305,21.6906,29.8531,1,0.922,8,8,ALERTA: deteccion confiable (0.95)
1733,127.376,18.5457,30.2498,1,0.9178,8,8,ALERTA: deteccion confiable (0.95)
1734,127.436,23.6083,30.3392,1,0.9152,8,8,ALERTA: deteccion confiable (0.95)
1735,127.509,17.9006,30.9048,1,0.918,8,8,ALERTA: deteccion confiable (0.95)
1736,127.572,21.9323,29.99,1,0.926,8,8,ALERTA: deteccion confiable (0.95)
1737,127.641,19.364,30.8449,1,0.9285,8,8,ALERTA: deteccion confiable (0.93)
1738,127.708,19.9286,30.9691,1,0.9307,8,8,ALERTA: deteccion confiable (0.93)
1739,127.773,21.081,30.8311,1,0.9309,8,8,ALERTA: deteccion confiable (0.93)
1740,127.841,19.7324,30.2958,1,0.9292,8,8,ALERTA: deteccion confiable (0.93)
1741,127.908,20.2084,30.5388,1,0.9287,8,8,ALERTA: deteccion confiable (0.93)
1742,127.973,21.2472,30.4482,1,0.931,8,8,ALERTA: deteccion confiable (0.93)
1743,128.038,21.2499,30.6339,1,0.9328,8,8,ALERTA: deteccion confiable (0.93)
1744,128.11,17.9762,30.4832,1,0.9277,8,8,ALERTA: deteccion confiable (0.93)
1745,128.172,22.0153,31.049,1,0.9332,8,8,ALERTA: deteccion confiable (0.93)
1746,128.242,19.1681,30.8912,1,0.931,8,8,ALERTA: deteccion confiable (0.93)
1747,128.307,21.0034,30.9992,1,0.9321,8,8,ALERTA: deteccion confiable (0.93)
1748,128.373,20.5448,30.1089,1,0.9334,8,8,ALERTA: deteccion confiable (0.93)
1749,128.438,21.0389,30.035,1,0.9314,8,8,ALERTA: deteccion confiable (0.93)
1750,128.512,17.5319,31.723,1,0.9317,8,8,ALERTA: deteccion confiable (0.93)
1751,128.571,23.9803,30.4403,1,0.9324,8,8,ALERTA: deteccion confiable (0.93)
1752,128.638,20.3041,29.3911,1,0.9334,8,8,ALERTA: deteccion confiable (0.93)
1753,128.711,17.7825,30.8149,1,0.9347,8,8,ALERTA: deteccion confiable (0.93)
1754,128.771,23.8287,29.701,1,0.9342,8,8,ALERTA: deteccion confiable (0.93)
1755,128.845,17.3391,30.2038,1,0.9322,8,8,ALERTA: deteccion confiable (0.93)
1756,128.905,23.0187,30.2989,1,0.9334,8,8,ALERTA: deteccion confiable (0.93)
1757,128.97,20.8732,30.128,1,0.9355,8,8,ALERTA: deteccion confiable (0.93)
1758,129.042,18.0355,29.7501,1,0.9367,8,8,ALERTA: deteccion confiable (0.93)
1759,129.107,21.0877,30.8843,1,0.933,8,8,ALERTA: deteccion confiable (0.93)
1760,129.173,20.4981,30.0169,1,0.9314,8,8,ALERTA: deteccion confiable (0.93)
1761,129.241,19.8586,30.282,1,0.933,8,8,ALERTA: deteccion confiable (0.93)
1762,129.31,19.0111,30.705,1,0.9364,8,8,ALERTA: deteccion confiable (0.93)
1763,129.372,22.437,29.9101,1,0.9349,8,8,ALERTA: deteccion confiable (0.93)
1764,129.446,17.4724,30.906,1,0.9338,8,8,ALERTA: deteccion confiable (0.93)
1765,129.501,26.4543,29.0239,1,0.9339,8,8,ALERTA: deteccion confiable (0.93)
1766,129.575,17.5759,30.4661,1,0.9345,8,8,ALERTA: deteccion confiable (0.93)
1767,129.637,22.2316,30.0758,1,0.9363,8,8,ALERTA: deteccion confiable (0.93)
1768,129.71,17.8158,30.4699,1,0.9367,8,8,ALERTA: deteccion confiable (0.94)
1769,129.769,23.5183,29.6528,1,0.9342,8,8,ALERTA: deteccion confiable (0.94)
1770,129.842,17.9579,30.426,1,0.9359,8,8,ALERTA: deteccion confiable (0.94)
1771,129.907,20.9925,30.9598,1,0.9331,8,8,ALERTA: deteccion confiable (0.94)
1772,129.975,19.7422,30.6661,1,0.9357,8,8,ALERTA: deteccion confiable (0.94)
1773,130.04,20.9614,30.5994,1,0.9364,8,8,ALERTA: deteccion confiable (0.94)
1774,130.11,18.7649,31.2901,1,0.9345,8,8,ALERTA: deteccion confiable (0.94)
1775,130.172,22.3214,30.0,1,0.9354,8,8,ALERTA: deteccion confiable (0.94)
1776,130.242,18.7406,31.5909,1,0.9368,8,8,ALERTA: deteccion confiable (0.94)
1777,130.309,20.2827,32.0568,2,0.8948,8,8,ALERTA: deteccion confiable (0.94)
1778,130.374,21.3019,31.687,2,0.9307,8,8,ALERTA: deteccion confiable (0.94)
1779,130.44,20.577,31.404,2,0.938,8,8,ALERTA: deteccion confiable (0.94)
1780,130.508,20.0574,31.178,2,0.932,8,8,ALERTA: deteccion confiable (0.94)
1781,130.573,20.9306,31.4412,2,0.9289,9,8,ALERTA: deteccion confiable (0.94)
1782,130.641,20.0464,31.4088,2,0.9216,9,8,ALERTA: deteccion confiable (0.94)
1783,130.709,20.1784,32.0559,2,0.91,9,8,ALERTA: deteccion confiable (0.94)
1784,130.771,22.4416,31.9438,2,0.8732,9,9,ALERTA: deteccion confiable (0.94)
1785,130.844,18.1334,31.3451,2,0.8823,9,9,ALERTA: deteccion confiable (0.94)
1786,130.905,22.9385,30.791,1,0.9209,9,9,ALERTA: deteccion confiable (0.94)
1787,130.974,19.6746,30.8619,1,0.9254,9,9,ALERTA: deteccion confiable (0.94)
1788,131.037,21.9216,30.7651,1,0.9316,9,9,ALERTA: deteccion confiable (0.94)
1789,131.107,18.9309,29.99,1,0.9326,9,9,ALERTA: deteccion confiable (0.94)
1790,131.174,20.233,30.185,1,0.928,9,9,ALERTA: deteccion confiable (0.94)
1791,131.239,20.7546,29.8791,1,0.9345,9,9,ALERTA: deteccion confiable (0.94)
1792,131.312,17.8687,31.0171,1,0.9277,9,9,ALERTA: deteccion confiable (0.94)
1793,131.371,23.5916,31.0068,1,0.9186,9,9,ALERTA: deteccion confiable (0.94)
1794,131.443,18.3419,30.714,1,0.9363,9,9,ALERTA: deteccion confiable (0.94)
1795,131.508,21.1596,31.491,2,0.9196,9,9,ALERTA: deteccion confiable (0.94)
1796,131.571,22.2171,30.283,2,0.9242,9,9,ALERTA: deteccion confiable (0.94)
1797,131.643,18.0048,30.5271,2,0.9187,9,9,ALERTA: deteccion confiable (0.94)
1798,131.702,24.0738,29.5038,2,0.9199,9,9,ALERTA: deteccion confiable (0.94)
1799,131.776,17.322,30.3948,2,0.9158,9,9,ALERTA: deteccion confiable (0.92)
1800,131.838,22.813,29.7351,2,0.909,9,9,ALERTA: deteccion confiable (0.92)
1801,131.91,18.2123,31.2128,2,0.9141,9,9,ALERTA: deteccion confiable (0.92)
1802,131.973,22.3016,31.9579,2,0.9141,9,9,ALERTA: deteccion confiable (0.92)
1803,132.041,19.8231,31.1739,2,0.9265,9,9,ALERTA: deteccion confiable (0.92)
1804,132.11,19.1821,32.1517,2,0.9268,9,9,ALERTA: deteccion confiable (0.92)
1805,132.173,21.9463,30.901,2,0.9368,9,9,ALERTA: deteccion confiable (0.92)
1806,132.242,19.4081,33.428,2,0.929,9,9,ALERTA: deteccion confiable (0.92)
1807,132.307,20.787,31.2161,2,0.9316,9,9,ALERTA: deteccion confiable (0.92)
1808,132.374,20.4007,30.8361,2,0.9299,9,9,ALERTA: deteccion confiable (0.92)
1809,132.442,19.5468,31.2347,2,0.9324,9,9,ALERTA: deteccion confiable (0.92)
1810,132.508,20.5376,31.4293,2,0.9299,9,9,ALERTA: deteccion confiable (0.92)
1811,132.572,21.7146,30.488,2,0.9268,9,9,ALERTA: deteccion confiable (0.92)
1812,132.641,19.1798,30.0241,2,0.9222,9,9,ALERTA: deteccion confiable (0.92)
1813,132.707,21.255,30.767,2,0.9122,9,9,ALERTA: deteccion confiable (0.92)
1814,132.774,20.4106,30.9339,2,0.8724,9,9,ALERTA: deteccion confiable (0.92)
1815,132.843,19.3908,30.6168,2,0.7838,9,9,ALERTA: deteccion confiable (0.92)
1816,132.908,21.3402,31.1568,1,0.9328,9,9,ALERTA: deteccion confiable (0.92)
1817,132.973,20.6569,29.7658,1,0.9355,9,9,ALERTA: deteccion confiable (0.92)
1818,133.041,20.061,30.2579,1,0.9387,9,9,ALERTA: deteccion confiable (0.92)
1819,133.106,20.7584,30.3311,1,0.9379,9,9,ALERTA: deteccion confiable (0.92)
1820,133.175,19.1898,29.6779,1,0.9363,9,9,ALERTA: deteccion confiable (0.92)
1821,133.24,20.8439,30.2141,1,0.9361,9,9,ALERTA: deteccion confiable (0.92)
1822,133.311,18.4721,30.838,1,0.9379,9,9,ALERTA: deteccion confiable (0.92)
1823,133.372,22.6773,30.3321,1,0.9391,9,9,ALERTA: deteccion confiable (0.92)
1824,133.443,18.3891,30.0639,1,0.939,9,9,ALERTA: deteccion confiable (0.92)
1825,133.507,21.1462,31.249,1,0.937,9,9,ALERTA: deteccion confiable (0.92)
1826,133.567,23.9222,31.1601,1,0.9365,9,9,ALERTA: deteccion confiable (0.92)
1827,133.644,16.4493,28.543,1,0.9369,9,9,ALERTA: deteccion confiable (0.92)
1828,133.705,22.8682,30.067,1,0.9377,9,9,ALERTA: deteccion confiable (0.92)
1829,133.775,18.8187,29.9642,1,0.937,9,9,ALERTA: deteccion confiable (0.92)
1830,133.841,20.1541,30.695,1,0.9372,9,9,ALERTA: deteccion confiable (0.94)
1831,133.909,19.6052,30.915,1,0.9372,9,9,ALERTA: deteccion confiable (0.94)
1832,133.974,21.0132,30.165,1,0.9368,9,9,ALERTA: deteccion confiable (0.94)
1833,134.041,19.8875,30.6597,1,0.936,9,9,ALERTA: deteccion confiable (0.94)
1834,134.107,20.5893,30.4601,1,0.9357,9,9,ALERTA: deteccion confiable (0.94)
1835,134.175,19.3511,30.0839,1,0.935,9,9,ALERTA: deteccion confiable (0.94)
1836,134.241,20.5699,30.4,1,0.9351,9,9,ALERTA: deteccion confiable (0.94)
1837,134.311,18.879,30.3752,1,0.9358,9,9,ALERTA: deteccion confiable (0.94)
1838,134.369,25.2327,29.0492,1,0.9343,9,9,ALERTA: deteccion confiable (0.94)
1839,134.444,16.8657,27.792,1,0.9353,9,9,ALERTA: deteccion confiable (0.94)
1840,134.506,21.8843,29.9499,1,0.9351,9,9,ALERTA: deteccion confiable (0.94)
1841,134.575,19.2508,29.7952,1,0.9349,9,9,ALERTA: deteccion confiable (0.94)
1842,134.638,21.2242,29.3932,1,0.9338,9,9,ALERTA: deteccion confiable (0.94)
1843,134.71,17.8696,30.251,1,0.9323,9,9,ALERTA: deteccion confiable (0.94)
1844,134.773,21.6273,30.6072,1,0.9343,9,9,ALERTA: deteccion confiable (0.94)
1845,134.843,18.657,29.8507,1,0.9304,9,9,ALERTA: deteccion confiable (0.94)
1846,134.907,21.2288,30.7639,1,0.9311,9,9,ALERTA: deteccion confiable (0.94)
1847,134.975,19.506,31.0481,1,0.9359,9,9,ALERTA: deteccion confiable (0.94)
1848,135.041,20.9079,31.1358,1,0.9332,9,9,ALERTA: deteccion confiable (0.94)
1849,135.109,19.5537,31.3029,1,0.9178,9,9,ALERTA: deteccion confiable (0.94)
1850,135.176,20.5914,32.6829,1,0.9272,9,9,ALERTA: deteccion confiable (0.94)
1851,135.238,22.4196,31.5068,1,0.9121,9,9,ALERTA: deteccion confiable (0.94)
1852,135.312,17.6847,32.1438,1,0.9104,9,9,ALERTA: deteccion confiable (0.94)
1853,135.373,23.0894,31.498,1,0.8916,9,9,ALERTA: deteccion confiable (0.94)
1854,135.443,19.2442,30.6411,1,0.9039,9,9,ALERTA: deteccion confiable (0.94)
1855,135.508,21.0416,31.3969,1,0.901,9,9,ALERTA: deteccion confiable (0.94)
1856,135.574,20.4023,31.1549,1,0.9111,9,9,ALERTA: deteccion confiable (0.94)
1857,135.64,20.6475,29.4788,1,0.9129,9,9,ALERTA: deteccion confiable (0.94)
1858,135.711,18.8682,33.8871,1,0.916,9,9,ALERTA: deteccion confiable (0.94)
1859,135.77,24.2437,31.208,1,0.9181,9,9,ALERTA: deteccion confiable (0.94)
1860,135.844,17.4444,29.731,1,0.9124,9,9,ALERTA: deteccion confiable (0.91)
1861,135.903,23.8722,29.5022,1,0.9142,9,9,ALERTA: deteccion confiable (0.91)
1862,135.973,19.3181,30.4282,1,0.9139,9,9,ALERTA: deteccion confiable (0.91)
1863,136.037,21.1184,30.5243,1,0.9151,9,9,ALERTA: deteccion confiable (0.91)
1864,136.11,17.8775,31.0719,1,0.9133,9,9,ALERTA: deteccion confiable (0.91)
1865,136.172,22.0342,32.0311,1,0.9147,9,9,ALERTA: deteccion confiable (0.91)
1866,136.24,19.8708,30.067,1,0.9118,9,9,ALERTA: deteccion confiable (0.91)
1867,136.306,20.4759,30.7209,1,0.9191,9,9,ALERTA: deteccion confiable (0.91)
1868,136.376,18.7165,31.3239,1,0.9131,9,9,ALERTA: deteccion confiable (0.91)
1869,136.439,22.1891,30.0598,1,0.9168,9,9,ALERTA: deteccion confiable (0.91)
1870,136.51,18.2465,30.5119,1,0.9138,9,9,ALERTA: deteccion confiable (0.91)
1871,136.573,22.1131,30.0641,1,0.9156,9,9,ALERTA: deteccion confiable (0.91)
1872,136.643,18.8583,29.6788,1,0.9144,9,9,ALERTA: deteccion confiable (0.91)
1873,136.707,20.9105,29.7048,1,0.9151,9,9,ALERTA: deteccion confiable (0.91)
1874,136.772,21.3311,29.808,1,0.9132,9,9,ALERTA: deteccion confiable (0.91)
1875,136.843,18.4308,29.758,1,0.9133,9,9,ALERTA: deteccion confiable (0.91)
1876,136.903,22.779,29.9623,1,0.9111,9,9,ALERTA: deteccion confiable (0.91)
1877,136.981,16.1857,31.6389,1,0.9123,9,9,ALERTA: deteccion confiable (0.91)
1878,137.037,25.2429,30.8197,1,0.9086,9,9,ALERTA: deteccion confiable (0.91)
1879,137.107,18.2057,30.8349,1,0.9096,9,9,ALERTA: deteccion confiable (0.91)
1880,137.172,20.7413,29.5119,1,0.9105,9,9,ALERTA: deteccion confiable (0.91)
1881,137.241,19.1198,28.985,1,0.9091,9,9,ALERTA: deteccion confiable (0.91)
1882,137.308,19.5653,29.5341,1,0.9092,9,9,ALERTA: deteccion confiable (0.91)
1883,137.375,19.7656,29.9263,1,0.9058,9,9,ALERTA: deteccion confiable (0.91)
1884,137.441,20.4617,29.753,1,0.9048,9,9,ALERTA: deteccion confiable (0.91)
1885,137.509,19.6243,30.525,1,0.9029,9,9,ALERTA: deteccion confiable (0.91)
1886,137.571,22.9231,29.974,1,0.9048,9,9,ALERTA: deteccion confiable (0.91)
1887,137.645,17.4259,30.8869,1,0.9031,9,9,ALERTA: deteccion confiable (0.91)
1888,137.704,23.4858,30.4441,1,0.9047,9,9,ALERTA: deteccion confiable (0.91)
1889,137.771,19.4734,30.4677,1,0.9041,9,9,ALERTA: deteccion confiable (0.91)
1890,137.843,17.7894,30.5867,1,0.9038,9,9,ALERTA: deteccion confiable (0.91)
1891,137.909,20.6395,30.6692,1,0.9048,9,9,ALERTA: deteccion confiable (0.90)
1892,137.975,19.9785,30.3991,1,0.9038,9,9,ALERTA: deteccion confiable (0.90)
1893,138.043,19.8145,31.857,1,0.9043,9,9,ALERTA: deteccion confiable (0.90)
1894,138.105,22.0776,31.379,1,0.9044,9,9,ALERTA: deteccion confiable (0.90)
1895,138.177,17.9468,30.3731,1,0.9019,9,9,ALERTA: deteccion confiable (0.90)
1896,138.239,22.3383,30.015,1,0.9048,9,9,ALERTA: deteccion confiable (0.90)
1897,138.309,18.5251,30.8669,1,0.9049,9,9,ALERTA: deteccion confiable (0.90)
1898,138.374,21.4665,30.0369,1,0.9007,9,9,ALERTA: deteccion confiable (0.90)
1899,138.44,20.2278,29.9439,1,0.9036,9,9,ALERTA: deteccion confiable (0.90)
1900,138.51,18.7807,30.4101,1,0.9049,9,9,ALERTA: deteccion confiable (0.90)
1901,138.574,20.9753,31.002,1,0.9069,9,9,ALERTA: deteccion confiable (0.90)
1902,138.636,22.1283,28.5211,1,0.9071,9,9,ALERTA: deteccion confiable (0.90)
1903,138.711,16.7247,29.6519,1,0.9065,9,9,ALERTA: deteccion confiable (0.90)
1904,138.768,24.5182,28.8241,1,0.9059,9,9,ALERTA: deteccion confiable (0.90)
1905,138.846,16.1488,29.8398,1,0.9054,9,9,ALERTA: deteccion confiable (0.90)
1906,138.903,24.4492,28.8908,1,0.9047,9,9,ALERTA: deteccion confiable (0.90)
1907,138.977,17.2256,30.443,1,0.9021,9,9,ALERTA: deteccion confiable (0.90)
1908,139.038,22.6829,29.0849,1,0.9023,9,9,ALERTA: deteccion confiable (0.90)
1909,139.106,19.0334,30.026,1,0.9031,9,9,ALERTA: deteccion confiable (0.90)
1910,139.175,20.0035,29.1657,1,0.9025,9,9,ALERTA: deteccion confiable (0.90)
1911,139.24,20.2082,29.3231,1,0.9033,9,9,ALERTA: deteccion confiable (0.90)
1912,139.309,19.1498,30.0851,1,0.9052,9,9,ALERTA: deteccion confiable (0.90)
1913,139.375,19.9518,29.8293,1,0.9059,9,9,ALERTA: deteccion confiable (0.90)
1914,139.442,19.7891,29.6237,1,0.9055,9,9,ALERTA: deteccion confiable (0.90)
1915,139.504,21.7823,30.9451,1,0.9037,9,9,ALERTA: deteccion confiable (0.90)
1916,139.573,18.8762,29.6249,1,0.9065,9,9,ALERTA: deteccion confiable (0.90)
1917,139.64,19.8031,29.6228,1,0.9049,9,9,ALERTA: deteccion confiable (0.90)
1918,139.705,20.5291,29.259,1,0.908,9,9,ALERTA: deteccion confiable (0.90)
1919,139.774,19.0814,30.0231,1,0.909,9,9,ALERTA: deteccion confiable (0.90)
1920,139.838,21.0539,29.1319,1,0.9087,9,9,ALERTA: deteccion confiable (0.90)
1921,139.912,17.3683,30.648,1,0.9087,9,9,ALERTA: deteccion confiable (0.91)
1922,139.97,24.8739,29.3691,1,0.9111,9,9,ALERTA: deteccion confiable (0.91)
1923,140.047,16.4125,34.421,1,0.9116,9,9,ALERTA: deteccion confiable (0.91)
1924,140.102,26.3352,29.588,1,0.9117,9,9,ALERTA: deteccion confiable (0.91)
1925,140.174,17.8502,30.8542,1,0.9113,9,9,ALERTA: deteccion confiable (0.91)
1926,140.24,20.1811,29.2008,1,0.9107,9,9,ALERTA: deteccion confiable (0.91)
1927,140.312,17.91,31.0569,1,0.9047,9,9,ALERTA: deteccion confiable (0.91)
1928,140.37,23.8418,28.0981,1,0.9047,9,9,ALERTA: deteccion confiable (0.91)
1929,140.445,16.6695,28.966,1,0.9063,9,9,ALERTA: deteccion confiable (0.91)
1930,140.505,23.2558,30.7631,1,0.9035,9,9,ALERTA: deteccion confiable (0.91)
1931,140.572,19.5844,29.5029,1,0.8957,9,9,ALERTA: deteccion confiable (0.91)
1932,140.642,18.4634,30.576,1,0.8962,9,9,ALERTA: deteccion confiable (0.91)
1933,140.706,20.9718,30.607,1,0.8949,9,9,ALERTA: deteccion confiable (0.91)
1934,140.77,21.8378,28.8708,1,0.9017,9,9,ALERTA: deteccion confiable (0.91)
1935,140.846,16.742,30.9832,1,0.9011,9,9,ALERTA: deteccion confiable (0.91)
1936,140.906,23.3863,31.275,1,0.8955,9,9,ALERTA: deteccion confiable (0.91)
1937,140.974,19.1051,31.3296,1,0.9019,9,9,ALERTA: deteccion confiable (0.91)
1938,141.037,21.8041,30.2129,1,0.8974,9,9,ALERTA: deteccion confiable (0.91)
1939,141.11,17.7007,30.539,1,0.899,9,9,ALERTA: deteccion confiable (0.91)
1940,141.169,22.9985,29.5978,2,0.6788,9,9,ALERTA: deteccion confiable (0.91)
1941,141.245,16.9653,28.7051,2,0.7023,9,9,ALERTA: deteccion confiable (0.91)
1942,141.304,23.3775,29.2931,2,0.7042,9,9,ALERTA: deteccion confiable (0.91)
1943,141.378,17.2562,29.7971,2,0.6747,9,9,ALERTA: deteccion confiable (0.91)
1944,141.439,22.1931,30.0794,3,0.6224,9,9,ALERTA: deteccion confiable (0.91)
1945,141.511,18.1788,29.629,2,0.6988,9,9,ALERTA: deteccion confiable (0.91)
1946,141.569,25.1048,29.418,3,0.6484,9,9,ALERTA: deteccion confiable (0.91)
1947,141.647,16.0262,30.8392,3,0.6627,9,9,ALERTA: deteccion confiable (0.91)
1948,141.703,25.3448,30.1797,3,0.6331,9,9,ALERTA: deteccion confiable (0.91)
1949,141.775,18.1511,29.7389,2,0.7309,9,9,ALERTA: deteccion confiable (0.91)
1950,141.838,21.2789,29.3632,2,0.7325,9,9,ALERTA: deteccion confiable (0.91)
1951,141.91,18.2142,30.1929,2,0.683,9,9,ALERTA: deteccion confiable (0.91)
1952,141.972,21.8981,30.6151,2,0.6656,9,9,ALERTA: deteccion confiable (0.91)
1953,142.043,18.1232,31.532,2,0.7187,9,9,ALERTA: deteccion confiable (0.91)
1954,142.103,23.0532,33.324,2,0.7894,9,9,ALERTA: deteccion confiable (0.79)
1955,142.169,20.3046,29.4578,2,0.8325,9,9,ALERTA: deteccion confiable (0.79)
1956,142.246,16.4541,29.417,2,0.8361,9,9,ALERTA: deteccion confiable (0.79)
1957,142.306,22.7987,31.1592,2,0.8355,9,9,ALERTA: deteccion confiable (0.79)
1958,142.373,20.8133,29.7289,2,0.827,9,9,ALERTA: deteccion confiable (0.79)
1959,142.442,18.6989,29.9661,2,0.8254,9,9,ALERTA: deteccion confiable (0.79)
1960,142.508,20.4771,30.0128,2,0.8138,9,9,ALERTA: deteccion confiable (0.79)
1961,142.572,20.8452,29.3679,2,0.8113,9,9,ALERTA: deteccion confiable (0.79)
1962,142.64,19.5005,29.6793,1,0.9141,9,9,ALERTA: deteccion confiable (0.79)
1963,142.711,18.1958,30.5452,1,0.9154,9,9,ALERTA: deteccion confiable (0.79)
1964,142.771,23.4593,29.665,1,0.9166,9,9,ALERTA: deteccion confiable (0.79)
1965,142.842,18.3145,29.897,1,0.9112,9,9,ALERTA: deteccion confiable (0.79)
1966,142.905,21.5435,30.211,1,0.9093,9,9,ALERTA: deteccion confiable (0.79)
1967,142.973,19.2976,30.3178,1,0.9162,9,9,ALERTA: deteccion confiable (0.79)
1968,143.042,19.0567,29.7811,1,0.9161,9,9,ALERTA: deteccion confiable (0.79)
1969,143.108,20.1434,30.5333,1,0.9145,9,9,ALERTA: deteccion confiable (0.79)
1970,143.172,21.6982,30.4711,1,0.9138,9,9,ALERTA: deteccion confiable (0.79)
1971,143.243,18.2176,31.0569,2,0.6963,9,9,ALERTA: deteccion confiable (0.79)
1972,143.308,20.8741,31.6291,2,0.6537,9,9,ALERTA: deteccion confiable (0.79)
1973,143.371,21.7353,30.9842,1,0.9082,9,9,ALERTA: deteccion confiable (0.79)
1974,143.443,18.2579,30.9644,2,0.705,9,9,ALERTA: deteccion confiable (0.79)
1975,143.508,21.0535,30.3571,2,0.6613,9,9,ALERTA: deteccion confiable (0.79)
1976,143.574,20.6313,30.7209,1,0.9051,9,9,ALERTA: deteccion confiable (0.79)
1977,143.642,19.6101,31.0199,1,0.9108,9,9,ALERTA: deteccion confiable (0.79)
1978,143.706,21.2229,30.6041,1,0.9158,9,9,ALERTA: deteccion confiable (0.79)
1979,143.777,18.7039,31.58,1,0.9126,9,9,ALERTA: deteccion confiable (0.79)
1980,143.834,25.3909,31.8191,1,0.9142,9,9,ALERTA: deteccion confiable (0.79)
1981,143.91,16.6937,31.168,1,0.9099,9,9,ALERTA: deteccion confiable (0.79)
1982,143.973,22.5928,29.9048,1,0.9225,9,9,ALERTA: deteccion confiable (0.79)
1983,144.039,20.2659,30.5817,1,0.9092,9,9,ALERTA: deteccion confiable (0.79)
1984,144.108,19.1065,31.5552,1,0.9202,9,9,ALERTA: deteccion confiable (0.92)
1985,144.174,20.4398,34.0691,1,0.9177,9,9,ALERTA: deteccion confiable (0.92)
1986,144.232,24.039,28.8892,1,0.9239,9,9,ALERTA: deteccion confiable (0.92)
1987,144.309,16.5797,29.774,1,0.9184,9,9,ALERTA: deteccion confiable (0.92)
1988,144.372,21.6897,29.669,1,0.9203,9,9,ALERTA: deteccion confiable (0.92)
1989,144.441,19.2879,30.4949,1,0.9209,9,9,ALERTA: deteccion confiable (0.92)
1990,144.509,19.3975,29.6838,1,0.9169,9,9,ALERTA: deteccion confiable (0.92)
1991,144.576,19.859,30.4389,1,0.9245,9,9,ALERTA: deteccion confiable (0.92)
1992,144.64,20.9481,29.3899,1,0.9187,9,9,ALERTA: deteccion confiable (0.92)
1993,144.712,18.4604,31.3921,1,0.9227,9,9,ALERTA: deteccion confiable (0.92)
1994,144.771,24.028,29.8681,1,0.919,9,9,ALERTA: deteccion confiable (0.92)
1995,144.845,17.6348,30.992,1,0.9263,9,9,ALERTA: deteccion confiable (0.92)
1996,144.905,23.065,31.7209,1,0.9226,9,9,ALERTA: deteccion confiable (0.92)
1997,144.979,17.7154,31.009,1,0.9211,9,9,ALERTA: deteccion confiable (0.92)
1998,145.039,23.3847,31.3931,1,0.9215,9,9,ALERTA: deteccion confiable (0.92)
1999,145.112,17.6635,32.4411,1,0.9207,9,9,ALERTA: deteccion confiable (0.92)
2000,145.173,22.734,31.1551,1,0.9248,9,9,ALERTA: deteccion confiable (0.92)
2001,145.24,20.088,31.2147,1,0.9159,9,9,ALERTA: deteccion confiable (0.92)
2002,145.314,17.3695,32.4202,1,0.9222,9,9,ALERTA: deteccion confiable (0.92)
2003,145.37,25.7064,29.9389,1,0.9196,9,9,ALERTA: deteccion confiable (0.92)
2004,145.44,18.6696,29.5281,1,0.9207,9,9,ALERTA: deteccion confiable (0.92)
2005,145.509,19.1894,31.2498,1,0.909,9,9,ALERTA: deteccion confiable (0.92)
2006,145.57,23.3529,30.5748,1,0.9055,9,9,ALERTA: deteccion confiable (0.92)
2007,145.64,18.9628,30.545,2,0.8172,9,9,ALERTA: deteccion confiable (0.92)
2008,145.712,17.9889,30.5469,2,0.8362,9,9,ALERTA: deteccion confiable (0.92)
2009,145.769,24.9825,29.4271,2,0.7824,9,9,ALERTA: deteccion confiable (0.92)
2010,145.844,17.071,29.4762,2,0.8078,9,9,ALERTA: deteccion confiable (0.92)
2011,145.906,22.3804,31.0512,3,0.6574,9,9,ALERTA: deteccion confiable (0.92)
2012,145.973,20.1146,31.147,3,0.7078,9,9,ALERTA: deteccion confiable (0.92)
2013,146.04,19.908,31.0721,3,0.6778,9,9,ALERTA: deteccion confiable (0.92)
2014,146.106,20.424,30.8783,3,0.7697,9,9,ALERTA: deteccion confiable (0.92)
2015,146.173,20.2294,30.1559,3,0.7771,9,9,ALERTA: densidad alta de personas (3)
2016,146.243,18.6449,31.2979,3,0.7818,9,9,ALERTA: densidad alta de personas (3)
2017,146.306,22.1015,30.1301,3,0.7813,9,9,ALERTA: densidad alta de personas (3)
2018,146.373,20.3744,30.5879,3,0.7805,9,9,ALERTA: densidad alta de personas (3)
2019,146.442,18.9937,30.098,3,0.7857,9,9,ALERTA: densidad alta de personas (3)
2020,146.506,21.5016,30.6222,3,0.7801,9,9,ALERTA: densidad alta de personas (3)
2021,146.574,18.9642,30.0548,3,0.7431,9,9,ALERTA: densidad alta de personas (3)
2022,146.644,19.1608,32.084,3,0.7313,9,9,ALERTA: densidad alta de personas (3)
2023,146.708,21.7179,31.4491,2,0.8287,9,9,ALERTA: densidad alta de personas (3)
2024,146.775,20.065,30.8561,3,0.6614,9,9,ALERTA: densidad alta de personas (3)
2025,146.843,20.0324,30.9849,2,0.6727,9,9,ALERTA: densidad alta de personas (3)
2026,146.907,21.2246,31.1959,1,0.9189,9,9,ALERTA: densidad alta de personas (3)
2027,146.972,20.8037,30.9727,1,0.9181,9,9,ALERTA: densidad alta de personas (3)
2028,147.043,18.6345,32.439,1,0.9151,9,9,ALERTA: densidad alta de personas (3)
2029,147.106,21.473,32.2409,1,0.9156,9,9,ALERTA: densidad alta de personas (3)
2030,147.173,20.452,31.2419,1,0.8981,9,9,ALERTA: densidad alta de personas (3)
2031,147.242,19.404,31.091,1,0.9077,9,9,ALERTA: densidad alta de personas (3)
2032,147.308,20.4779,31.3051,1,0.919,9,9,ALERTA: densidad alta de personas (3)
2033,147.374,20.445,29.727,1,0.9281,9,9,ALERTA: densidad alta de personas (3)
2034,147.441,20.0501,29.4693,1,0.9197,9,9,ALERTA: densidad alta de personas (3)
2035,147.511,18.9054,30.0951,1,0.9069,9,9,ALERTA: densidad alta de personas (3)
2036,147.573,22.2163,29.994,1,0.9025,9,9,ALERTA: densidad alta de personas (3)
2037,147.645,18.3106,31.831,2,0.8315,9,9,ALERTA: densidad alta de personas (3)
2038,147.706,23.1599,30.9651,2,0.8515,9,9,ALERTA: densidad alta de personas (3)
2039,147.773,20.209,30.0241,2,0.8662,9,9,ALERTA: densidad alta de personas (3)
2040,147.842,19.7218,31.0118,2,0.8257,9,9,ALERTA: densidad alta de personas (3)
2041,147.907,20.9293,32.46,2,0.8915,9,9,ALERTA: densidad alta de personas (3)
2042,147.977,19.2701,31.98,2,0.8887,9,9,ALERTA: densidad alta de personas (3)
2043,148.042,20.8702,31.7919,2,0.9125,9,9,ALERTA: densidad alta de personas (3)
2044,148.111,19.7297,32.34,2,0.9145,9,9,ALERTA: densidad alta de personas (3)
2045,148.176,21.1462,31.729,2,0.9026,9,9,ALERTA: deteccion confiable (0.90)
2046,148.244,19.8266,31.2719,2,0.9036,9,9,ALERTA: deteccion confiable (0.90)
2047,148.31,20.4127,31.5692,2,0.9062,9,9,ALERTA: deteccion confiable (0.90)
2048,148.372,22.6259,30.633,2,0.8699,9,9,ALERTA: deteccion confiable (0.90)
2049,148.444,18.16,31.6699,1,0.9192,9,9,ALERTA: deteccion confiable (0.90)
2050,148.509,21.3466,30.8139,1,0.9215,9,9,ALERTA: deteccion confiable (0.90)
2051,148.572,21.2948,29.9201,1,0.9206,9,9,ALERTA: deteccion confiable (0.90)
2052,148.647,17.1224,31.311,1,0.9187,9,9,ALERTA: deteccion confiable (0.90)
2053,148.706,24.0999,31.0369,1,0.9188,9,9,ALERTA: deteccion confiable (0.90)
2054,148.773,20.2466,29.3467,1,0.9197,9,9,ALERTA: deteccion confiable (0.90)
2055,148.846,17.7238,30.7648,1,0.9161,9,9,ALERTA: deteccion confiable (0.90)
2056,148.903,24.5039,29.5119,1,0.9164,9,9,ALERTA: deteccion confiable (0.90)
2057,148.98,16.7065,31.1768,1,0.913,9,9,ALERTA: deteccion confiable (0.90)
2058,149.038,24.1041,29.9652,1,0.9142,9,9,ALERTA: deteccion confiable (0.90)
2059,149.115,16.5349,32.0451,1,0.913,9,9,ALERTA: deteccion confiable (0.90)
2060,149.169,26.963,29.078,1,0.9126,9,9,ALERTA: deteccion confiable (0.90)
2061,149.244,17.068,30.493,1,0.9129,9,9,ALERTA: deteccion confiable (0.90)
2062,149.308,21.3368,31.0369,1,0.9138,9,9,ALERTA: deteccion confiable (0.90)
2063,149.375,19.9068,30.4592,1,0.9125,9,9,ALERTA: deteccion confiable (0.90)
2064,149.445,19.0916,30.6499,1,0.9096,9,9,ALERTA: deteccion confiable (0.90)
2065,149.507,21.7453,29.9931,1,0.9111,9,9,ALERTA: deteccion confiable (0.90)
2066,149.575,20.362,29.5963,1,0.9124,9,9,ALERTA: deteccion confiable (0.90)
2067,149.644,18.9988,30.1287,1,0.9127,9,9,ALERTA: deteccion confiable (0.90)
2068,149.709,20.4813,30.092,1,0.9143,9,9,ALERTA: deteccion confiable (0.90)
2069,149.774,20.7633,30.4549,1,0.9121,9,9,ALERTA: deteccion confiable (0.90)
2070,149.842,19.4541,30.431,1,0.9114,9,9,ALERTA: deteccion confiable (0.90)
2071,149.91,19.6048,30.5722,1,0.9104,9,9,ALERTA: deteccion confiable (0.90)
2072,149.972,22.0289,29.7999,1,0.9111,9,9,ALERTA: deteccion confiable (0.90)
2073,150.047,17.128,29.4349,1,0.9131,9,9,ALERTA: deteccion confiable (0.90)
2074,150.106,23.4896,29.7632,1,0.9134,9,9,ALERTA: deteccion confiable (0.90)
2075,150.172,19.7037,28.631,1,0.9145,9,9,ALERTA: deteccion confiable (0.90)
2076,150.243,18.2133,29.7961,1,0.9137,9,9,ALERTA: deteccion confiable (0.91)
2077,150.306,21.5894,29.002,1,0.9128,9,9,ALERTA: deteccion confiable (0.91)
2078,150.376,19.2716,30.1871,1,0.9122,9,9,ALERTA: deteccion confiable (0.91)
2079,150.441,20.6886,29.557,1,0.9125,9,9,ALERTA: deteccion confiable (0.91)
2080,150.51,19.1559,30.4761,1,0.9131,9,9,ALERTA: deteccion confiable (0.91)
2081,150.574,20.9784,30.0491,1,0.9121,9,9,ALERTA: deteccion confiable (0.91)
2082,150.642,19.3674,30.2088,1,0.912,9,9,ALERTA: deteccion confiable (0.91)
2083,150.709,19.9577,29.5439,1,0.9102,9,9,ALERTA: deteccion confiable (0.91)
2084,150.774,20.65,29.9752,1,0.9115,9,9,ALERTA: deteccion confiable (0.91)
2085,150.842,19.4821,29.613,1,0.9102,9,9,ALERTA: deteccion confiable (0.91)
2086,150.909,19.8986,30.1251,1,0.9108,9,9,ALERTA: deteccion confiable (0.91)
2087,150.976,20.1972,30.5402,1,0.9114,9,9,ALERTA: deteccion confiable (0.91)
2088,151.043,19.6738,30.6861,1,0.9128,9,9,ALERTA: deteccion confiable (0.91)
2089,151.111,19.478,31.1673,1,0.9113,9,9,ALERTA: deteccion confiable (0.91)
2090,151.17,24.6907,29.016,1,0.9121,9,9,ALERTA: deteccion confiable (0.91)
2091,151.246,16.614,28.8651,1,0.9109,9,9,ALERTA: deteccion confiable (0.91)
2092,151.306,23.0644,30.2978,1,0.9121,9,9,ALERTA: deteccion confiable (0.91)
2093,151.375,19.0691,29.9261,1,0.9133,9,9,ALERTA: deteccion confiable (0.91)
2094,151.441,20.2122,30.2348,1,0.9127,9,9,ALERTA: deteccion confiable (0.91)
2095,151.511,18.5912,30.616,1,0.9097,9,9,ALERTA: deteccion confiable (0.91)
2096,151.577,20.2184,30.0999,1,0.913,9,9,ALERTA: deteccion confiable (0.91)
2097,151.639,21.8828,29.1009,1,0.9121,9,9,ALERTA: deteccion confiable (0.91)
2098,151.711,17.8587,29.9821,1,0.9127,9,9,ALERTA: deteccion confiable (0.91)
2099,151.774,21.9567,30.0689,1,0.9118,9,9,ALERTA: deteccion confiable (0.91)
2100,151.841,19.4826,29.4011,1,0.9107,9,9,ALERTA: deteccion confiable (0.91)
2101,151.91,19.2319,30.1421,1,0.9093,9,9,ALERTA: deteccion confiable (0.91)
2102,151.972,22.5171,28.9428,1,0.9079,9,9,ALERTA: deteccion confiable (0.91)
2103,152.043,18.4569,29.449,1,0.9063,9,9,ALERTA: deteccion confiable (0.91)
2104,152.113,18.4661,30.2649,1,0.9087,9,9,ALERTA: deteccion confiable (0.91)
2105,152.172,23.6021,30.4341,1,0.9072,9,9,ALERTA: deteccion confiable (0.91)
2106,152.245,17.8002,31.2159,1,0.9068,9,9,ALERTA: deteccion confiable (0.91)
2107,152.308,21.2612,30.015,1,0.909,9,9,ALERTA: deteccion confiable (0.91)
2108,152.374,20.1677,29.9089,1,0.9099,9,9,ALERTA: deteccion confiable (0.91)
2109,152.442,19.4624,29.6628,1,0.912,9,9,ALERTA: deteccion confiable (0.91)
2110,152.507,20.6619,30.3721,1,0.9119,9,9,ALERTA: deteccion confiable (0.91)
2111,152.575,19.7005,29.566,1,0.9113,9,9,ALERTA: deteccion confiable (0.91)
2112,152.643,19.1389,29.695,1,0.9118,9,9,ALERTA: deteccion confiable (0.91)
2113,152.706,21.5722,30.242,1,0.9112,9,9,ALERTA: deteccion confiable (0.91)
2114,152.775,19.6742,31.0128,1,0.9125,9,9,ALERTA: deteccion confiable (0.91)
2115,152.843,19.2046,31.0977,1,0.9104,9,9,ALERTA: deteccion confiable (0.91)
2116,152.911,19.4289,30.3009,1,0.9114,9,9,ALERTA: deteccion confiable (0.91)
2117,152.975,20.9412,30.0498,1,0.9112,9,9,ALERTA: deteccion confiable (0.91)
2118,153.045,18.9369,30.1921,1,0.9121,9,9,ALERTA: deteccion confiable (0.91)
2119,153.108,21.3052,30.5731,1,0.9126,9,9,ALERTA: deteccion confiable (0.91)
2120,153.175,19.8906,29.5732,1,0.914,9,9,ALERTA: deteccion confiable (0.91)
2121,153.243,19.1377,30.0939,1,0.9112,9,9,ALERTA: deteccion confiable (0.91)
2122,153.31,19.5978,30.4241,1,0.9114,9,9,ALERTA: deteccion confiable (0.91)
2123,153.375,20.7969,29.3481,1,0.9107,9,9,ALERTA: deteccion confiable (0.91)
2124,153.437,21.7321,28.4688,1,0.9107,9,9,ALERTA: deteccion confiable (0.91)
2125,153.515,16.2166,29.4209,1,0.91,9,9,ALERTA: deteccion confiable (0.91)
2126,153.569,27.8342,28.945,1,0.9091,9,9,ALERTA: deteccion confiable (0.91)
2127,153.642,17.7195,28.96,1,0.9099,9,9,ALERTA: deteccion confiable (0.91)
2128,153.71,19.195,29.7379,1,0.9079,9,9,ALERTA: deteccion confiable (0.91)
2129,153.777,19.7765,30.8189,1,0.9103,9,9,ALERTA: deteccion confiable (0.91)
2130,153.839,22.1145,29.789,1,0.9081,9,9,ALERTA: deteccion confiable (0.91)
2131,153.911,18.2292,30.942,1,0.907,9,9,ALERTA: deteccion confiable (0.91)
2132,153.976,20.8391,30.6132,1,0.9087,9,9,ALERTA: deteccion confiable (0.91)
2133,154.042,20.2162,29.758,1,0.91,9,9,ALERTA: deteccion confiable (0.91)
2134,154.111,18.9322,30.5898,1,0.9099,9,9,ALERTA: deteccion confiable (0.91)
2135,154.177,20.47,30.7901,1,0.9087,9,9,ALERTA: deteccion confiable (0.91)
2136,154.244,19.8157,30.484,1,0.9074,9,9,ALERTA: deteccion confiable (0.91)
2137,154.311,20.1899,30.7581,1,0.908,9,9,ALERTA: deteccion confiable (0.91)
2138,154.371,23.7601,29.2211,1,0.9115,9,9,ALERTA: deteccion confiable (0.91)
2139,154.446,17.1978,31.4169,1,0.91,9,9,ALERTA: deteccion confiable (0.91)
2140,154.508,22.1366,32.0299,1,0.9071,9,9,ALERTA: deteccion confiable (0.91)
2141,154.574,20.7276,31.3368,1,0.9093,9,9,ALERTA: deteccion confiable (0.91)
2142,154.645,18.3757,29.6199,1,0.9074,9,9,ALERTA: deteccion confiable (0.91)
2143,154.706,22.6568,29.7182,1,0.9094,9,9,ALERTA: deteccion confiable (0.91)
2144,154.777,18.4662,30.5181,1,0.9055,9,9,ALERTA: deteccion confiable (0.91)
2145,154.844,19.9773,31.157,1,0.9083,9,9,ALERTA: deteccion confiable (0.91)
2146,154.911,20.3982,31.359,1,0.9079,9,9,ALERTA: deteccion confiable (0.91)
2147,154.976,21.1462,30.766,1,0.9128,9,9,ALERTA: deteccion confiable (0.91)
2148,155.044,19.8808,30.901,1,0.9078,9,9,ALERTA: deteccion confiable (0.91)
2149,155.11,20.4498,31.7781,1,0.9126,9,9,ALERTA: deteccion confiable (0.91)
2150,155.176,20.7865,30.5052,1,0.9111,9,9,ALERTA: deteccion confiable (0.91)
2151,155.242,20.5506,31.4128,1,0.9091,9,9,ALERTA: deteccion confiable (0.91)
2152,155.309,19.8148,31.647,1,0.9085,9,9,ALERTA: deteccion confiable (0.91)
2153,155.375,20.6817,30.9012,1,0.9058,9,9,ALERTA: deteccion confiable (0.91)
2154,155.444,19.0574,30.3659,1,0.9057,9,9,ALERTA: deteccion confiable (0.91)
2155,155.509,21.0667,29.911,1,0.91,9,9,ALERTA: deteccion confiable (0.91)
2156,155.575,20.2212,30.0863,1,0.9094,9,9,ALERTA: deteccion confiable (0.91)
2157,155.641,20.4875,29.3579,1,0.9105,9,9,ALERTA: deteccion confiable (0.91)
2158,155.714,17.6729,31.9519,1,0.9162,9,9,ALERTA: deteccion confiable (0.91)
2159,155.773,23.9,31.1558,1,0.9139,9,9,ALERTA: deteccion confiable (0.91)
2160,155.844,18.6762,30.72,1,0.9193,9,9,ALERTA: deteccion confiable (0.91)
2161,155.911,19.9036,31.4019,1,0.9218,9,9,ALERTA: deteccion confiable (0.91)
2162,155.975,21.8398,31.2741,1,0.9277,9,9,ALERTA: deteccion confiable (0.91)
2163,156.045,19.1545,31.1391,1,0.9313,9,9,ALERTA: deteccion confiable (0.91)
2164,156.11,20.928,31.507,1,0.9287,9,9,ALERTA: deteccion confiable (0.91)
2165,156.176,20.8764,31.1663,1,0.9292,9,9,ALERTA: deteccion confiable (0.91)
2166,156.245,19.3935,30.9711,1,0.9308,9,9,ALERTA: deteccion confiable (0.91)
2167,156.308,22.0718,31.2328,1,0.927,9,9,ALERTA: deteccion confiable (0.91)
2168,156.38,18.0333,31.7202,1,0.9328,9,9,ALERTA: deteccion confiable (0.93)
2169,156.437,25.699,29.5863,1,0.9339,9,9,ALERTA: deteccion confiable (0.93)
2170,156.516,16.3045,30.0019,1,0.9307,9,9,ALERTA: deteccion confiable (0.93)
2171,156.571,26.3566,29.1491,1,0.9327,9,9,ALERTA: deteccion confiable (0.93)
2172,156.643,18.0996,29.7191,1,0.9273,9,9,ALERTA: deteccion confiable (0.93)
2173,156.708,20.7253,32.6781,1,0.9249,9,9,ALERTA: deteccion confiable (0.93)
2174,156.778,19.1582,31.2579,1,0.928,9,9,ALERTA: deteccion confiable (0.93)
2175,156.844,20.3294,31.601,1,0.9238,9,9,ALERTA: deteccion confiable (0.93)
2176,156.908,21.7728,31.4898,1,0.9288,9,9,ALERTA: deteccion confiable (0.93)
2177,156.978,18.8616,31.6768,1,0.9305,9,9,ALERTA: deteccion confiable (0.93)
2178,157.039,23.1289,29.8171,1,0.9324,9,9,ALERTA: deteccion confiable (0.93)
2179,157.115,17.0876,32.2413,1,0.9277,9,9,ALERTA: deteccion confiable (0.93)
2180,157.169,27.2396,29.9368,1,0.9219,9,9,ALERTA: deteccion confiable (0.93)
2181,157.24,18.3722,30.5982,1,0.919,9,9,ALERTA: deteccion confiable (0.93)
2182,157.306,20.4332,30.293,1,0.9185,9,9,ALERTA: deteccion confiable (0.93)
2183,157.373,19.9104,30.8752,1,0.9183,9,9,ALERTA: deteccion confiable (0.93)
2184,157.437,21.3356,30.3884,1,0.9243,9,9,ALERTA: deteccion confiable (0.93)
2185,157.511,17.5614,30.8471,1,0.9251,9,9,ALERTA: deteccion confiable (0.93)
2186,157.57,24.0465,28.9679,1,0.9292,9,9,ALERTA: deteccion confiable (0.93)
2187,157.641,18.3928,30.4549,1,0.9248,9,9,ALERTA: deteccion confiable (0.93)
2188,157.709,19.9005,31.059,1,0.9271,9,9,ALERTA: deteccion confiable (0.93)
2189,157.772,21.6962,30.2532,1,0.9246,9,9,ALERTA: deteccion confiable (0.93)
2190,157.841,19.1322,30.4921,1,0.9271,9,9,ALERTA: deteccion confiable (0.93)
2191,157.907,20.2322,29.2408,1,0.9251,9,9,ALERTA: deteccion confiable (0.93)
2192,157.975,19.6209,30.3731,1,0.9216,9,9,ALERTA: deteccion confiable (0.93)
2193,158.042,19.9425,31.1968,1,0.9225,9,9,ALERTA: deteccion confiable (0.93)
2194,158.108,19.986,30.9832,1,0.9215,9,9,ALERTA: deteccion confiable (0.93)
2195,158.175,20.1187,29.3641,1,0.9205,9,9,ALERTA: deteccion confiable (0.93)
2196,158.245,18.7814,29.7029,1,0.9217,9,9,ALERTA: deteccion confiable (0.93)
2197,158.31,20.5521,30.2291,1,0.9256,9,9,ALERTA: deteccion confiable (0.93)
2198,158.372,22.7873,29.6409,1,0.9202,9,9,ALERTA: deteccion confiable (0.93)
2199,158.446,17.551,31.924,1,0.9152,9,9,ALERTA: deteccion confiable (0.92)
2200,158.508,21.9804,31.445,1,0.9119,9,9,ALERTA: deteccion confiable (0.92)
2201,158.573,20.9245,29.1862,1,0.9033,9,9,ALERTA: deteccion confiable (0.92)
2202,158.643,18.6217,29.7441,1,0.9073,9,9,ALERTA: deteccion confiable (0.92)
2203,158.705,22.0443,30.498,1,0.9081,9,9,ALERTA: deteccion confiable (0.92)
2204,158.771,20.3733,30.2751,1,0.9122,9,9,ALERTA: deteccion confiable (0.92)
2205,158.842,18.3455,31.882,1,0.9066,9,9,ALERTA: deteccion confiable (0.92)
2206,158.904,22.0569,29.964,1,0.9067,9,9,ALERTA: deteccion confiable (0.92)
2207,158.974,18.7797,30.1809,1,0.9065,9,9,ALERTA: deteccion confiable (0.92)
2208,159.042,19.3165,31.4691,1,0.9049,9,9,ALERTA: deteccion confiable (0.92)
2209,159.105,21.5198,29.901,1,0.9024,9,9,ALERTA: deteccion confiable (0.92)
2210,159.175,19.1278,29.3601,1,0.9036,9,9,ALERTA: deteccion confiable (0.92)
2211,159.241,20.2078,29.2389,1,0.9017,9,9,ALERTA: deteccion confiable (0.92)
2212,159.324,15.0082,46.2201,1,0.8998,9,9,ALERTA: deteccion confiable (0.92)
2213,159.412,14.2444,34.7412,1,0.9007,9,9,ALERTA: deteccion confiable (0.92)
2214,159.471,23.9607,33.8309,1,0.8991,9,9,ALERTA: deteccion confiable (0.92)
2215,159.539,19.4481,33.8101,1,0.9031,9,9,ALERTA: deteccion confiable (0.92)
2216,159.605,20.483,33.515,1,0.9038,9,9,ALERTA: deteccion confiable (0.92)
2217,159.672,20.2151,31.93,1,0.9028,9,9,ALERTA: deteccion confiable (0.92)
2218,159.743,18.2246,32.6931,1,0.9039,9,9,ALERTA: deteccion confiable (0.92)
2219,159.81,19.976,33.232,1,0.9087,9,9,ALERTA: deteccion confiable (0.92)
2220,159.868,24.0425,32.6042,1,0.9137,9,9,ALERTA: deteccion confiable (0.92)
2221,159.938,18.8309,31.0581,1,0.9104,9,9,ALERTA: deteccion confiable (0.92)
2222,160.002,21.8169,29.474,1,0.9121,9,9,ALERTA: deteccion confiable (0.92)
2223,160.07,19.0495,31.3981,1,0.9081,9,9,ALERTA: deteccion confiable (0.92)
2224,160.138,19.4133,31.7252,1,0.9127,9,9,ALERTA: deteccion confiable (0.92)
2225,160.202,21.1029,29.8491,1,0.913,9,9,ALERTA: deteccion confiable (0.92)
2226,160.268,20.2151,29.8953,1,0.9098,9,9,ALERTA: deteccion confiable (0.92)
2227,160.336,19.4099,29.7358,1,0.9081,9,9,ALERTA: deteccion confiable (0.92)
2228,160.405,19.2256,30.7169,1,0.908,9,9,ALERTA: deteccion confiable (0.92)
2229,160.471,19.897,28.4879,1,0.9071,9,9,ALERTA: deteccion confiable (0.91)
2230,160.545,17.4731,28.7838,1,0.9076,9,9,ALERTA: deteccion confiable (0.91)
2231,160.611,20.2321,30.561,1,0.9087,9,9,ALERTA: deteccion confiable (0.91)
2232,160.67,23.4875,31.4481,1,0.9108,9,9,ALERTA: deteccion confiable (0.91)
2233,160.739,19.0053,33.04,1,0.9151,9,9,ALERTA: deteccion confiable (0.91)
2234,160.803,21.5152,30.6947,1,0.9124,9,9,ALERTA: deteccion confiable (0.91)
2235,160.878,17.1485,31.6081,1,0.915,9,9,ALERTA: deteccion confiable (0.91)
2236,160.937,23.5244,31.0528,1,0.918,9,9,ALERTA: deteccion confiable (0.91)
2237,161.005,19.3277,30.4272,1,0.9179,9,9,ALERTA: deteccion confiable (0.91)
2238,161.075,18.885,30.7658,1,0.9176,9,9,ALERTA: deteccion confiable (0.91)
2239,161.137,21.5308,30.0319,1,0.9186,9,9,ALERTA: deteccion confiable (0.91)
2240,161.214,16.6741,30.1282,1,0.9177,9,9,ALERTA: deteccion confiable (0.91)
2241,161.271,24.5869,30.051,1,0.9194,9,9,ALERTA: deteccion confiable (0.91)
2242,161.345,17.1165,29.906,1,0.9184,9,9,ALERTA: deteccion confiable (0.91)
2243,161.407,22.3259,30.6079,1,0.9191,9,9,ALERTA: deteccion confiable (0.91)
2244,161.477,18.6132,29.578,1,0.9156,9,9,ALERTA: deteccion confiable (0.91)
2245,161.545,19.591,34.0528,1,0.9157,9,9,ALERTA: deteccion confiable (0.91)
2246,161.603,24.7691,29.7749,1,0.9159,9,9,ALERTA: deteccion confiable (0.91)
2247,161.684,15.7032,31.1592,1,0.9119,9,9,ALERTA: deteccion confiable (0.91)
2248,161.739,25.7081,30.8359,1,0.9169,9,9,ALERTA: deteccion confiable (0.91)
2249,161.811,17.9318,31.4701,1,0.911,9,9,ALERTA: deteccion confiable (0.91)
2250,161.878,20.2417,30.5731,1,0.9111,9,9,ALERTA: deteccion confiable (0.91)
2251,161.945,19.7312,30.9191,1,0.9039,9,9,ALERTA: deteccion confiable (0.91)
2252,162.009,21.3721,30.535,1,0.903,9,9,ALERTA: deteccion confiable (0.91)
2253,162.076,20.3169,30.5741,1,0.9142,9,9,ALERTA: deteccion confiable (0.91)
2254,162.145,19.2382,30.8287,1,0.9154,9,9,ALERTA: deteccion confiable (0.91)
2255,162.211,20.5326,30.7281,1,0.9194,9,9,ALERTA: deteccion confiable (0.91)
2256,162.277,20.5947,30.3271,1,0.9265,9,9,ALERTA: deteccion confiable (0.91)
2257,162.343,20.7382,30.6058,1,0.9283,9,9,ALERTA: deteccion confiable (0.91)
2258,162.415,18.3938,32.2421,1,0.9298,9,9,ALERTA: deteccion confiable (0.91)
2259,162.475,23.7131,31.4679,1,0.9415,9,9,ALERTA: deteccion confiable (0.94)
2260,162.545,18.9855,30.6759,1,0.9337,9,9,ALERTA: deteccion confiable (0.94)
2261,162.611,20.7134,30.163,1,0.9223,9,9,ALERTA: deteccion confiable (0.94)
2262,162.678,19.9819,30.0949,1,0.9172,9,9,ALERTA: deteccion confiable (0.94)
2263,162.74,22.5978,31.4898,1,0.9238,9,9,ALERTA: deteccion confiable (0.94)
2264,162.812,18.3373,31.0981,1,0.9214,9,9,ALERTA: deteccion confiable (0.94)
2265,162.877,21.0159,31.0578,1,0.9201,9,9,ALERTA: deteccion confiable (0.94)
2266,162.941,21.3219,31.4908,1,0.9157,9,9,ALERTA: deteccion confiable (0.94)
2267,163.011,19.2938,31.3339,1,0.9132,9,9,ALERTA: deteccion confiable (0.94)
2268,163.075,21.4511,32.1622,1,0.9095,9,9,ALERTA: deteccion confiable (0.94)
2269,163.144,19.3747,33.7498,1,0.909,9,9,ALERTA: deteccion confiable (0.94)
2270,163.203,24.4475,32.0299,1,0.9117,9,9,ALERTA: deteccion confiable (0.94)
2271,163.268,20.8983,31.321,1,0.9153,9,9,ALERTA: deteccion confiable (0.94)
2272,163.336,19.3367,32.9762,2,0.778,9,9,ALERTA: deteccion confiable (0.94)
2273,163.401,21.081,30.884,2,0.7698,9,9,ALERTA: deteccion confiable (0.94)
2274,163.48,15.8801,29.6462,2,0.7922,9,9,ALERTA: deteccion confiable (0.94)
2275,163.542,22.1562,31.3108,2,0.8276,9,9,ALERTA: deteccion confiable (0.94)
2276,163.615,17.9511,31.9109,2,0.8445,9,9,ALERTA: deteccion confiable (0.94)
2277,163.675,23.3945,31.7509,2,0.8605,9,9,ALERTA: deteccion confiable (0.94)
2278,163.748,18.1189,31.8689,2,0.8691,9,9,ALERTA: deteccion confiable (0.94)
2279,163.811,21.6755,31.5762,2,0.8624,9,9,ALERTA: deteccion confiable (0.94)
2280,163.877,20.5134,30.52,2,0.8687,9,9,ALERTA: deteccion confiable (0.94)
2281,163.944,20.0103,30.9002,2,0.8499,9,9,ALERTA: deteccion confiable (0.94)
2282,164.004,24.0403,28.888,2,0.8485,9,9,ALERTA: deteccion confiable (0.94)
2283,164.08,17.0016,31.841,2,0.8822,9,9,ALERTA: deteccion confiable (0.94)
2284,164.143,21.8099,32.3577,2,0.8347,9,9,ALERTA: deteccion confiable (0.94)
2285,164.211,19.9334,31.3489,2,0.8486,9,9,ALERTA: deteccion confiable (0.94)
2286,164.278,20.2371,31.0109,2,0.8015,9,9,ALERTA: deteccion confiable (0.94)
2287,164.344,20.3288,30.129,2,0.8309,9,9,ALERTA: deteccion confiable (0.94)
2288,164.409,21.2391,30.3171,2,0.8706,9,9,ALERTA: deteccion confiable (0.94)
2289,164.478,19.0731,31.5659,2,0.8459,9,9,ALERTA: deteccion confiable (0.85)
2290,164.543,20.9687,31.3091,2,0.8788,9,9,ALERTA: deteccion confiable (0.85)
2291,164.609,20.6987,30.4537,2,0.8579,9,9,ALERTA: deteccion confiable (0.85)
2292,164.677,19.7573,30.8979,2,0.8848,9,9,ALERTA: deteccion confiable (0.85)
2293,164.742,20.6975,31.415,2,0.8733,9,9,ALERTA: deteccion confiable (0.85)
2294,164.811,19.7164,30.848,3,0.7131,9,9,ALERTA: deteccion confiable (0.85)
2295,164.878,20.4826,32.1419,2,0.8848,9,9,ALERTA: deteccion confiable (0.85)
2296,164.954,16.9961,41.8038,3,0.7562,9,9,ALERTA: deteccion confiable (0.85)
2297,165.043,14.1499,37.703,3,0.7616,9,9,ALERTA: deteccion confiable (0.85)
2298,165.145,11.9619,73.2601,3,0.8018,9,9,ALERTA: deteccion confiable (0.85)
2299,165.211,21.0958,40.4091,3,0.8076,9,9,ALERTA: deteccion confiable (0.85)
2300,165.273,22.1425,36.9511,3,0.7725,9,9,ALERTA: deteccion confiable (0.85)
2301,165.337,21.2751,34.462,3,0.7565,9,9,ALERTA: deteccion confiable (0.85)
2302,165.405,19.7973,34.333,3,0.7611,9,9,ALERTA: deteccion confiable (0.85)
2303,165.473,19.5385,34.1821,3,0.7905,9,9,ALERTA: deteccion confiable (0.85)
2304,165.539,20.0767,34.6723,3,0.8437,9,9,ALERTA: deteccion confiable (0.85)
2305,165.603,21.267,34.7757,3,0.8378,9,9,ALERTA: deteccion confiable (0.85)
2306,165.671,20.2385,35.3878,3,0.8101,9,9,ALERTA: deteccion confiable (0.85)
2307,165.738,20.0731,30.3712,3,0.8279,9,9,ALERTA: deteccion confiable (0.85)
2308,165.812,17.2025,30.7181,3,0.8418,9,9,ALERTA: deteccion confiable (0.85)
2309,165.872,23.2186,30.9849,3,0.8353,9,9,ALERTA: deteccion confiable (0.85)
2310,165.946,17.6582,30.6211,3,0.8482,9,9,ALERTA: deteccion confiable (0.85)
2311,166.007,23.1342,30.2269,3,0.8112,9,9,ALERTA: deteccion confiable (0.85)
2312,166.078,18.2939,31.266,3,0.8168,9,9,ALERTA: deteccion confiable (0.85)
2313,166.135,25.1901,30.6249,3,0.8492,9,9,ALERTA: deteccion confiable (0.85)
2314,166.214,16.1711,29.66,3,0.7614,9,9,ALERTA: deteccion confiable (0.85)
2315,166.275,22.6495,33.3388,2,0.8243,9,9,ALERTA: deteccion confiable (0.85)
2316,166.341,20.2404,30.4379,2,0.8804,9,9,ALERTA: deteccion confiable (0.85)
2317,166.41,19.0183,29.3818,2,0.898,9,9,ALERTA: deteccion confiable (0.85)
2318,166.478,20.2671,31.4019,2,0.8979,9,9,ALERTA: deteccion confiable (0.85)
2319,166.546,19.4808,32.701,2,0.8944,9,9,ALERTA: deteccion confiable (0.89)
2320,166.611,21.0283,31.7907,2,0.8939,9,9,ALERTA: deteccion confiable (0.89)
2321,166.679,19.6413,32.4948,2,0.8906,9,9,ALERTA: deteccion confiable (0.89)
2322,166.745,20.5069,31.338,2,0.8888,9,9,ALERTA: deteccion confiable (0.89)
2323,166.813,19.7812,30.036,2,0.8873,9,9,ALERTA: deteccion confiable (0.89)
2324,166.88,19.8389,31.4322,2,0.8878,9,9,ALERTA: deteccion confiable (0.89)
2325,166.942,22.4609,30.9651,2,0.8944,9,9,ALERTA: deteccion confiable (0.89)
2326,167.012,18.7257,31.0011,2,0.8886,9,9,ALERTA: deteccion confiable (0.89)
2327,167.08,19.8204,32.4728,2,0.8828,9,9,ALERTA: deteccion confiable (0.89)
2328,167.146,21.1188,31.5514,2,0.8822,9,9,ALERTA: deteccion confiable (0.89)
2329,167.21,21.1444,30.755,2,0.8935,9,9,ALERTA: deteccion confiable (0.89)
2330,167.277,20.9877,30.0598,2,0.9101,9,9,ALERTA: deteccion confiable (0.89)
2331,167.346,19.2001,30.9389,2,0.9054,9,9,ALERTA: deteccion confiable (0.89)
2332,167.41,21.2495,29.788,2,0.9022,9,9,ALERTA: deteccion confiable (0.89)
2333,167.478,19.6665,30.807,2,0.8964,9,9,ALERTA: deteccion confiable (0.89)
2334,167.545,20.0413,33.2131,2,0.8948,9,9,ALERTA: deteccion confiable (0.89)
2335,167.611,20.829,31.0669,2,0.874,9,9,ALERTA: deteccion confiable (0.89)
2336,167.679,19.8107,30.714,3,0.7492,9,9,ALERTA: deteccion confiable (0.89)
2337,167.747,19.5581,31.1229,3,0.7845,9,9,ALERTA: deteccion confiable (0.89)
2338,167.81,21.9893,30.8859,3,0.8144,9,9,ALERTA: deteccion confiable (0.89)
2339,167.881,18.7818,30.746,3,0.8303,9,9,ALERTA: deteccion confiable (0.89)
2340,167.944,21.8026,30.9901,3,0.8462,9,9,ALERTA: deteccion confiable (0.89)
2341,168.01,20.4211,29.6161,3,0.8631,9,9,ALERTA: deteccion confiable (0.89)
2342,168.078,20.5015,31.0493,3,0.8581,9,9,ALERTA: deteccion confiable (0.89)
2343,168.144,20.0184,31.1518,3,0.8591,9,9,ALERTA: deteccion confiable (0.89)
2344,168.214,19.1151,30.246,3,0.8462,9,9,ALERTA: deteccion confiable (0.89)
2345,168.278,21.4951,30.4523,3,0.8498,9,9,ALERTA: deteccion confiable (0.89)
2346,168.346,19.4216,30.205,3,0.861,9,9,ALERTA: deteccion confiable (0.89)
2347,168.411,20.9868,30.1871,3,0.8691,9,9,ALERTA: deteccion confiable (0.89)
2348,168.482,18.6247,30.93,3,0.8746,9,9,ALERTA: deteccion confiable (0.89)
2349,168.541,23.9233,30.8752,3,0.8635,9,9,ALERTA: deteccion confiable (0.89)
2350,168.615,17.7649,30.7541,3,0.8645,9,9,ALERTA: densidad alta de personas (3)
2351,168.677,22.3423,32.3861,3,0.8618,9,9,ALERTA: densidad alta de personas (3)
2352,168.75,18.1433,30.6978,3,0.8683,9,9,ALERTA: densidad alta de personas (3)
2353,168.806,25.8338,29.907,3,0.8651,9,9,ALERTA: densidad alta de personas (3)
2354,168.883,16.8785,30.4739,3,0.8288,9,9,ALERTA: densidad alta de personas (3)
2355,168.941,24.3209,30.036,3,0.8246,9,9,ALERTA: densidad alta de personas (3)
2356,169.013,18.1532,31.1151,3,0.8011,9,9,ALERTA: densidad alta de personas (3)
2357,169.078,21.0628,31.3942,3,0.7629,9,9,ALERTA: densidad alta de personas (3)
2358,169.143,20.9838,30.8783,3,0.7357,9,9,ALERTA: densidad alta de personas (3)
2359,169.212,19.555,30.1838,3,0.7423,9,9,ALERTA: densidad alta de personas (3)
2360,169.278,20.3961,31.8208,3,0.7143,9,9,ALERTA: densidad alta de personas (3)
2361,169.348,18.9646,30.4651,3,0.6614,9,9,ALERTA: densidad alta de personas (3)
2362,169.41,22.1731,30.5297,2,0.7356,9,9,ALERTA: densidad alta de personas (3)
2363,169.481,18.8232,30.8859,2,0.7105,9,9,ALERTA: densidad alta de personas (3)
2364,169.545,21.4661,30.3431,2,0.7023,9,9,ALERTA: densidad alta de personas (3)
2365,169.618,17.7872,31.1949,2,0.7064,9,9,ALERTA: densidad alta de personas (3)
2366,169.671,28.3036,29.566,2,0.7,9,9,ALERTA: densidad alta de personas (3)
2367,169.75,16.0589,28.6589,2,0.7047,9,9,ALERTA: densidad alta de personas (3)
2368,169.805,26.2062,29.5737,2,0.7058,9,9,ALERTA: densidad alta de personas (3)
2369,169.886,15.6942,30.8588,2,0.7241,9,9,ALERTA: densidad alta de personas (3)
2370,169.941,25.9579,31.359,2,0.7252,9,9,ALERTA: densidad alta de personas (3)
2371,170.016,17.3663,34.349,2,0.7222,9,9,ALERTA: densidad alta de personas (3)
2372,170.076,23.4544,31.302,2,0.7224,9,9,ALERTA: densidad alta de personas (3)
2373,170.146,18.9031,31.5683,2,0.7283,9,9,ALERTA: densidad alta de personas (3)
2374,170.209,21.8641,30.4441,2,0.7194,9,9,ALERTA: densidad alta de personas (3)
2375,170.278,19.1939,30.2789,2,0.7132,9,9,ALERTA: densidad alta de personas (3)
2376,170.346,19.7555,31.9059,2,0.7205,9,9,ALERTA: densidad alta de personas (3)
2377,170.41,21.5708,31.2231,2,0.7134,9,9,ALERTA: densidad alta de personas (3)
2378,170.48,19.4927,31.256,2,0.709,9,9,ALERTA: densidad alta de personas (3)
2379,170.546,20.1959,32.419,2,0.7177,9,9,ALERTA: densidad alta de personas (3)
2380,170.611,21.3927,31.7802,2,0.744,9,9,ALERTA: densidad alta de personas (3)
2381,170.681,18.9351,32.239,2,0.7544,9,9,ALERTA: deteccion confiable (0.75)
2382,170.745,21.409,32.3112,2,0.762,9,9,ALERTA: deteccion confiable (0.75)
2383,170.814,19.2593,30.638,2,0.7223,9,9,ALERTA: deteccion confiable (0.75)
2384,170.877,21.7998,31.1139,2,0.6945,9,9,ALERTA: deteccion confiable (0.75)
2385,170.942,26.7007,31.513,1,0.918,9,9,ALERTA: deteccion confiable (0.75)
2386,171.009,20.6747,30.844,2,0.6655,9,9,ALERTA: deteccion confiable (0.75)
2387,171.08,18.7375,33.8609,2,0.6852,9,9,ALERTA: deteccion confiable (0.75)
2388,171.143,25.9647,31.9817,2,0.7082,9,9,ALERTA: deteccion confiable (0.75)
2389,171.215,18.05,33.8001,1,0.9217,9,9,ALERTA: deteccion confiable (0.75)
2390,171.28,21.4759,33.551,2,0.7719,9,9,ALERTA: deteccion confiable (0.75)
2391,171.349,19.6139,33.2417,3,0.8088,9,9,ALERTA: deteccion confiable (0.75)
2392,171.412,22.0269,31.6801,3,0.77,9,9,ALERTA: deteccion confiable (0.75)
2393,171.481,19.2067,32.563,3,0.7334,9,9,ALERTA: deteccion confiable (0.75)
2394,171.548,20.4369,32.927,2,0.8434,9,9,ALERTA: deteccion confiable (0.75)
2395,171.611,22.0809,31.5099,3,0.8073,9,9,ALERTA: deteccion confiable (0.75)
2396,171.686,17.2426,30.8399,3,0.8555,9,9,ALERTA: deteccion confiable (0.75)
2397,171.743,25.4466,31.806,3,0.8432,9,9,ALERTA: deteccion confiable (0.75)
2398,171.817,17.5384,30.926,3,0.8435,9,9,ALERTA: deteccion confiable (0.75)
2399,171.877,23.7902,30.587,3,0.8398,9,9,ALERTA: deteccion confiable (0.75)
2400,171.95,18.0698,31.5559,3,0.8734,9,9,ALERTA: deteccion confiable (0.75)
2401,172.01,23.7479,31.364,3,0.8914,9,9,ALERTA: deteccion confiable (0.75)
2402,172.081,18.9481,31.6801,3,0.8757,9,9,ALERTA: deteccion confiable (0.75)
2403,172.148,20.1064,32.3288,3,0.8715,9,9,ALERTA: deteccion confiable (0.75)
2404,172.212,21.2319,31.4031,3,0.8647,9,9,ALERTA: deteccion confiable (0.75)
2405,172.281,19.7334,31.3621,3,0.8619,9,9,ALERTA: deteccion confiable (0.75)
2406,172.346,21.157,31.4009,3,0.8526,9,9,ALERTA: deteccion confiable (0.75)
2407,172.413,20.0984,30.582,3,0.8361,9,9,ALERTA: deteccion confiable (0.75)
2408,172.479,20.8676,30.7209,3,0.8063,9,9,ALERTA: deteccion confiable (0.75)
2409,172.548,19.2478,30.689,3,0.7762,9,9,ALERTA: deteccion confiable (0.75)
2410,172.611,22.3799,31.3189,3,0.7155,9,9,ALERTA: deteccion confiable (0.75)
2411,172.682,18.5051,30.473,2,0.8351,9,9,ALERTA: deteccion confiable (0.84)
2412,172.744,22.1768,31.728,3,0.674,9,9,ALERTA: deteccion confiable (0.84)
2413,172.814,19.1394,30.1762,2,0.7283,9,9,ALERTA: deteccion confiable (0.84)
2414,172.876,22.6132,29.855,1,0.9414,9,9,ALERTA: deteccion confiable (0.84)
2415,172.948,18.3049,29.4778,1,0.9461,9,9,ALERTA: deteccion confiable (0.84)
2416,173.008,23.4593,29.532,1,0.9438,9,9,ALERTA: deteccion confiable (0.84)
