frame_id,timestamp_seg,fps,tiempo_inferencia_ms,cantidad_personas,confianza_promedio_frame
1,77.317,7.5939,109.7031,1,0.8675
2,77.444,32.8352,26.1111,1,0.86
3,77.51,32.2208,23.9139,1,0.8575
4,77.583,17.9285,26.3162,1,0.8683
5,77.647,19.7452,25.6891,1,0.8754
6,77.716,20.6066,26.8948,1,0.8696
7,77.786,20.1922,26.9728,1,0.8785
8,77.85,21.222,26.8981,1,0.8681
9,77.915,19.4995,24.6189,1,0.8648
10,77.988,16.9894,26.1447,1,0.8633
11,78.051,20.2193,27.071,1,0.8776
12,78.127,16.1836,28.527,1,0.8726
13,78.183,23.7981,26.6042,1,0.8589
14,78.264,14.9196,28.625,1,0.8423
15,78.317,25.9229,26.2511,1,0.8369
16,78.398,14.9269,29.5291,1,0.8426
17,78.451,25.9693,25.188,1,0.8548
18,78.517,18.9732,27.514,1,0.8568
19,78.591,16.713,25.615,1,0.8526
20,78.653,20.8767,26.6449,1,0.8476
21,78.721,18.4027,27.4718,1,0.8477
22,78.791,17.606,26.9697,1,0.8473
23,78.855,20.071,26.8171,1,0.8472
24,78.919,20.1244,25.624,1,0.8242
25,78.993,16.7098,26.8102,2,0.6575
26,79.048,24.6669,24.9977,2,0.8568
27,79.125,15.727,26.4661,2,0.7584
28,79.182,23.401,25.4982,2,0.8616
29,79.265,14.5671,27.0343,2,0.8763
30,79.314,28.3761,24.6851,2,0.8856
31,79.392,15.4159,26.3321,2,0.8709
32,79.452,21.9213,25.8231,2,0.8912
33,79.518,19.149,25.4989,2,0.8865
34,79.584,19.1942,25.1498,2,0.8828
35,79.66,16.1407,25.0521,2,0.8805
36,79.713,25.3923,24.4308,3,0.8073
37,79.793,15.2793,25.3549,3,0.8404
38,79.848,24.0871,23.603,2,0.882
39,79.924,16.0741,24.446,2,0.8846
40,79.98,23.4572,23.926,2,0.8775
41,80.051,17.7095,23.875,2,0.8655
42,80.123,16.9718,24.7233,2,0.8829
43,80.183,21.4873,24.1132,2,0.8803
44,80.259,16.1692,25.3901,2,0.8649
45,80.314,24.4207,23.468,2,0.8837
46,80.392,15.4593,24.6511,2,0.884
47,80.45,23.0366,24.3912,2,0.8797
48,80.525,16.1731,25.079,2,0.7391
49,80.58,24.2595,24.231,2,0.8343
50,80.662,14.6272,26.104,2,0.8849
51,80.711,29.0901,23.3641,2,0.9032
52,80.792,14.7621,24.6389,2,0.8751
53,80.85,22.8728,24.148,2,0.8722
54,80.925,16.154,24.353,2,0.8599
55,80.981,24.0033,23.9418,2,0.85
56,81.057,15.9773,24.642,2,0.8578
57,81.117,21.7827,24.075,2,0.855
58,81.19,16.7056,25.0089,2,0.7615
59,81.25,21.6928,24.467,2,0.6811
60,81.326,16.1054,24.5702,2,0.7413
61,81.382,23.8698,24.2729,3,0.6664
62,81.462,15.0843,26.123,3,0.5967
63,81.514,25.8791,24.1981,2,0.7496
64,81.591,15.8637,25.806,2,0.6869
65,81.652,21.3406,25.842,2,0.6874
66,81.724,17.0571,25.342,2,0.6849
67,81.785,21.0731,25.3279,3,0.5996
68,81.857,17.3849,26.4313,1,0.8354
69,81.917,21.735,25.1369,1,0.837
70,81.991,16.4002,25.701,1,0.8284
71,82.052,21.438,25.0731,1,0.8377
72,82.119,18.6617,23.7229,1,0.8395
73,82.183,20.0554,23.355,1,0.8492
74,82.257,16.4576,23.7169,1,0.8497
75,82.315,22.9831,24.498,1,0.8932
76,82.392,15.8489,25.5308,1,0.9026
77,82.451,22.2231,24.8201,1,0.9124
78,82.52,18.2782,25.2492,1,0.9169
79,82.592,17.2762,26.0179,1,0.9168
80,82.653,21.1398,25.8863,1,0.9021
81,82.718,19.6278,25.9981,1,0.8753
82,82.792,16.6603,25.0361,1,0.9042
83,82.851,22.4633,24.467,1,0.9017
84,82.925,16.5199,24.3893,1,0.8599
85,82.982,23.2829,24.724,1,0.8731
86,83.056,16.6045,24.5008,1,0.839
87,83.117,20.9801,24.0631,1,0.8793
88,83.19,16.8144,25.027,2,0.6353
89,83.253,20.5956,23.9549,3,0.6401
90,83.321,18.3097,24.2631,1,0.9211
91,83.388,18.7455,23.9019,1,0.9295
92,83.456,18.5071,24.955,1,0.8728
93,83.52,19.7499,25.8939,1,0.9155
94,83.587,18.7536,24.5998,2,0.6684
95,83.659,17.0681,25.4011,1,0.9029
96,83.714,24.6847,23.9661,1,0.9038
97,83.791,15.6896,24.6079,1,0.9022
98,83.853,21.0575,24.8759,1,0.8977
99,83.921,18.1498,24.8358,1,0.8988
100,83.986,19.7597,24.7629,1,0.9123
101,84.058,17.2301,24.57,1,0.9317
102,84.116,22.3116,23.982,1,0.9221
103,84.163,29.991,23.3338,1,0.9271
104,84.243,15.1002,24.9662,1,0.923
105,84.297,25.0118,23.9921,1,0.9297
106,84.375,15.4452,24.5578,1,0.8133
107,84.431,24.1908,23.9978,1,0.8954
108,84.5,18.059,23.6332,1,0.9229
109,84.566,18.9576,24.215,1,0.915
110,84.643,15.7336,24.92,1,0.8777
111,84.697,24.983,23.8571,1,0.8583
112,84.776,15.3208,24.8499,1,0.8829
113,84.831,24.4737,23.7367,1,0.891
114,84.907,15.9762,24.7612,1,0.8756
115,84.97,20.6329,24.7302,1,0.8654
116,85.035,19.4549,25.1558,1,0.8471
117,85.107,17.0745,25.2879,1,0.8705
118,85.164,23.5211,23.6537,1,0.8915
119,85.241,15.8063,24.7738,1,0.8892
120,85.302,21.0252,25.2459,1,0.8913
121,85.374,17.1118,24.929,1,0.8968
122,85.434,21.8178,24.1838,1,0.8989
123,85.506,17.0283,25.2931,1,0.903
124,85.568,21.0301,25.0201,1,0.9125
125,85.64,17.0219,25.3029,1,0.9106
126,85.703,20.3116,25.0208,1,0.8989
127,85.772,18.1954,24.9591,1,0.8341
128,85.836,19.8357,24.564,1,0.7973
129,85.906,17.996,24.2932,1,0.8765
130,85.97,19.6644,24.7812,1,0.859
131,86.041,17.5615,26.166,1,0.9094
132,86.098,22.8274,25.2361,1,0.91
133,86.175,15.861,24.823,1,0.917
134,86.234,22.3598,24.9631,1,0.9247
135,86.305,17.441,25.4741,2,0.7262
136,86.368,20.3522,25.403,2,0.8674
137,86.441,16.9084,25.2502,3,0.742
138,86.501,21.5661,24.3859,3,0.72
139,86.577,16.2872,26.0961,3,0.6624
140,86.633,23.7383,24.2708,3,0.6854
141,86.706,16.6642,25.975,2,0.8977
142,86.772,19.2663,25.588,3,0.7461
143,86.837,19.5814,25.5151,3,0.7429
144,86.907,17.8384,25.0752,2,0.6856
145,86.972,19.6216,23.9539,2,0.6825
146,87.037,19.4879,24.404,2,0.6727
147,87.099,20.5444,24.2488,2,0.6761
148,87.173,16.6365,24.076,2,0.6798
149,87.236,20.1784,25.291,2,0.6825
150,87.307,17.5058,26.4623,1,0.9378
151,87.351,33.5089,23.4382,1,0.9376
152,87.425,16.4633,24.0729,1,0.944
153,87.485,21.7562,24.3149,1,0.9228
154,87.556,17.5082,24.2341,1,0.9401
155,87.619,20.3978,24.4181,1,0.9145
156,87.689,17.534,23.3068,1,0.9205
157,87.753,20.1959,24.049,1,0.9264
158,87.825,17.0614,24.95,1,0.9398
159,87.885,21.4357,24.0579,1,0.9385
160,87.957,17.1232,24.756,1,0.9271
161,88.02,20.5943,24.5109,1,0.9078
162,88.09,17.6307,24.884,1,0.9298
163,88.149,22.2005,23.706,2,0.8768
164,88.23,14.9408,26.0148,2,0.9112
165,88.281,27.1083,23.4511,2,0.9212
166,88.364,14.3404,25.9619,2,0.9288
167,88.413,28.2262,23.6239,2,0.9408
168,88.491,15.6632,24.0977,3,0.7817
169,88.553,20.6731,24.0462,3,0.8197
170,88.626,16.9537,25.9972,3,0.8608
171,88.683,22.9316,24.235,3,0.8295
172,88.76,15.7741,24.7529,3,0.8752
173,88.816,23.8317,24.008,4,0.6717
174,88.889,17.0672,23.7889,3,0.7827
175,88.955,18.8499,24.8809,3,0.7108
176,89.023,18.6126,24.889,2,0.8349
177,89.088,19.3626,25.3851,2,0.7135
178,89.154,19.1468,25.4328,2,0.6941
179,89.222,18.6356,25.2159,2,0.6698
180,89.288,19.1475,25.0909,1,0.9176
181,89.326,40.838,23.015,1,0.9177
182,89.408,14.542,24.5061,2,0.8444
183,89.468,21.646,24.3549,2,0.8291
184,89.539,17.6351,23.8609,1,0.938
185,89.605,19.0828,25.0192,2,0.8695
186,89.675,17.6728,24.7459,2,0.7712
187,89.735,21.8961,26.104,2,0.87
188,89.806,17.4373,24.8301,2,0.8723
189,89.871,19.629,23.596,2,0.8643
190,89.935,19.8842,23.253,2,0.6919
191,90.008,16.8217,25.0919,2,0.8581
192,90.069,21.1426,24.7459,2,0.8144
193,90.135,19.0766,25.66,2,0.8647
194,90.179,33.3811,23.2182,2,0.8161
195,90.262,14.3459,26.2241,2,0.8608
196,90.315,25.5299,23.7091,2,0.8442
197,90.395,15.0046,24.2639,3,0.6998
198,90.452,23.521,24.3781,3,0.8142
199,90.521,17.8695,24.1911,3,0.7634
200,90.587,19.099,24.4219,2,0.8815
201,90.658,17.4517,24.5211,1,0.9124
202,90.715,23.189,23.679,2,0.8416
203,90.792,15.7241,26.0172,2,0.813
204,90.852,21.8489,24.5581,2,0.7889
205,90.926,16.3175,24.667,2,0.7134
206,90.986,21.5363,24.5028,2,0.7466
207,91.057,17.417,25.2442,1,0.8834
208,91.119,20.9257,24.6677,2,0.7526
209,91.193,16.5281,25.3,2,0.7958
210,91.254,21.5639,25.1691,2,0.8111
211,91.315,20.9079,23.8519,2,0.7295
212,91.39,16.3726,24.668,2,0.7362
213,91.455,19.6228,24.967,1,0.8769
214,91.521,18.9563,24.404,1,0.8326
215,91.586,19.6056,24.7531,1,0.8537
216,91.66,16.6558,25.8949,1,0.8877
217,91.714,24.809,23.8578,1,0.8818
218,91.795,14.8275,25.3041,1,0.8707
219,91.852,23.6244,23.9999,1,0.8738
220,91.926,16.338,24.7619,1,0.8733
221,91.984,23.0904,24.2891,2,0.6396
222,92.058,16.459,24.3762,2,0.7299
223,92.117,22.1803,24.339,2,0.6945
224,92.196,15.3624,25.0199,2,0.644
225,92.251,24.4308,23.766,2,0.6734
226,92.323,16.9941,24.6241,3,0.5844
227,92.388,19.5895,24.303,3,0.6783
228,92.456,18.3627,25.089,3,0.6574
229,92.519,20.1824,24.4269,4,0.6416
230,92.59,17.6001,24.4372,4,0.6911
231,92.657,18.6219,24.7962,3,0.8145
232,92.72,20.3894,24.4851,3,0.8625
233,92.793,16.8564,25.2569,3,0.8446
234,92.853,21.5834,25.028,3,0.8327
235,92.925,17.4307,25.7661,3,0.8626
236,92.988,20.254,25.1431,4,0.7342
237,93.058,17.6578,26.0103,4,0.7701
238,93.12,20.7219,25.2049,4,0.8017
239,93.191,17.6001,24.6599,4,0.7468
240,93.255,19.7949,25.64,5,0.7501
241,93.321,19.1285,25.5821,5,0.7618
242,93.388,18.7224,24.3931,5,0.7661
243,93.457,18.0888,24.4312,4,0.8272
244,93.521,19.809,25.1031,4,0.8392
245,93.59,18.0298,25.2199,4,0.7898
246,93.657,18.8292,25.4159,4,0.7985
247,93.721,20.1057,24.4739,3,0.8824
248,93.792,17.1274,24.8668,3,0.8802
249,93.854,20.8454,24.8961,3,0.8784
250,93.923,18.0578,24.5402,3,0.8699
251,93.987,19.8528,24.7641,3,0.8601
252,94.057,17.8638,24.513,3,0.8274
253,94.118,21.2404,24.0021,3,0.8024
254,94.193,16.2396,25.1138,2,0.9047
255,94.252,22.2761,24.0567,3,0.8039
256,94.322,17.7462,24.874,4,0.7106
257,94.39,18.424,24.6232,3,0.8127
258,94.457,18.9272,25.995,5,0.6651
259,94.52,20.0713,24.4501,3,0.8856
260,94.591,17.4256,25.485,3,0.8861
261,94.656,19.4192,24.9059,3,0.8991
262,94.723,18.8904,24.461,3,0.8951
263,94.787,19.8016,24.3011,3,0.8955
264,94.86,16.9771,24.9391,3,0.8974
265,94.919,21.9703,24.9531,3,0.9018
266,94.993,16.7384,25.5001,4,0.8114
267,95.055,20.656,25.3909,3,0.908
268,95.125,17.8448,25.3041,4,0.7835
269,95.187,20.5867,25.2302,4,0.7702
270,95.258,17.4402,25.1682,2,0.9004
271,95.323,19.6525,25.9562,3,0.774
272,95.389,19.0265,24.3199,3,0.8477
273,95.458,18.029,24.5969,3,0.865
274,95.519,21.2284,24.8659,3,0.8776
275,95.591,17.1875,24.637,3,0.8723
276,95.655,19.7546,24.8621,4,0.7577
277,95.716,21.3333,26.6831,4,0.7697
278,95.789,16.9173,23.989,3,0.8739
279,95.855,19.0316,24.7569,3,0.8782
280,95.911,23.3509,23.0601,3,0.8806
281,95.993,14.7826,23.8609,3,0.8638
282,96.049,23.8794,23.2682,3,0.87
283,96.125,15.8361,23.9642,4,0.7558
284,96.187,20.862,24.5972,5,0.7363
285,96.258,17.4182,24.694,4,0.803
286,96.32,21.0731,24.1189,5,0.7182
287,96.393,16.7749,24.9429,4,0.7707
288,96.456,20.4174,24.6351,3,0.8798
289,96.495,38.74,23.232,3,0.8811
290,96.577,14.6129,24.5531,3,0.8743
291,96.633,23.8703,24.2481,4,0.7662
292,96.71,15.8682,24.2538,4,0.7589
293,96.768,22.5276,24.6239,4,0.7987
294,96.843,16.2864,25.203,4,0.7971
295,96.902,22.5944,24.9152,4,0.7695
296,96.979,15.4791,25.2979,3,0.8829
297,97.034,24.2647,24.5149,3,0.8821
298,97.108,16.6634,24.6449,3,0.8746
299,97.168,21.5824,24.7271,4,0.7713
300,97.242,16.6609,25.0833,4,0.7978
301,97.304,20.5638,24.3332,4,0.7305
302,97.375,17.5892,24.9259,3,0.7765
303,97.434,22.3389,24.7402,3,0.765
304,97.517,14.4067,26.015,3,0.7751
305,97.563,30.9916,23.3779,3,0.7737
306,97.646,14.4057,25.3241,3,0.7753
307,97.699,25.5892,23.814,2,0.912
308,97.778,15.2061,24.415,2,0.89
309,97.834,24.2372,24.266,4,0.6944
310,97.908,16.4824,24.1339,4,0.7021
311,97.972,20.1812,24.169,2,0.8806
312,98.042,17.7085,25.7108,2,0.8977
313,98.102,21.6408,24.569,2,0.8986
314,98.147,32.222,23.3889,2,0.8912
315,98.23,14.4257,24.8461,2,0.8869
316,98.283,25.4186,23.6392,2,0.8831
317,98.362,15.2991,25.5458,2,0.88
318,98.418,23.8049,23.972,2,0.8848
319,98.498,15.178,25.5759,2,0.8851
320,98.549,26.5174,23.9379,2,0.8936
321,98.631,14.7055,26.1493,2,0.8935
322,98.683,26.3389,23.9811,2,0.8995
323,98.761,15.5133,24.404,2,0.9047
324,98.817,23.7744,23.9921,2,0.8977
325,98.897,15.0613,26.0861,3,0.7681
326,98.95,25.236,24.1783,3,0.7772
327,99.028,15.7379,24.7591,2,0.8994
328,99.085,22.8368,24.6539,2,0.901
329,99.158,17.0504,25.31,2,0.889
330,99.22,20.6552,24.729,2,0.8919
331,99.291,17.555,24.9372,2,0.9061
332,99.354,20.265,24.7498,2,0.9012
333,99.424,17.6202,24.7731,3,0.7296
334,99.487,20.2171,23.9401,2,0.8832
335,99.555,18.5919,23.9129,2,0.8935
336,99.626,17.5211,25.1808,2,0.8897
337,99.687,21.2812,25.207,2,0.8895
338,99.757,17.6716,24.79,2,0.8881
339,99.824,18.9437,25.7242,2,0.8876
340,99.889,19.5077,24.173,2,0.8892
341,99.956,18.4986,25.099,2,0.8909
342,100.026,17.8502,25.2481,2,0.8918
343,100.086,21.6082,23.823,2,0.8932
344,100.161,16.4244,24.4837,2,0.8953
345,100.216,24.1324,23.8299,2,0.8952
346,100.295,15.418,24.879,2,0.8982
347,100.351,23.7197,24.0819,2,0.9021
348,100.428,15.732,25.7368,2,0.8994
349,100.483,24.1191,24.4849,2,0.9066
350,100.563,15.0853,25.651,2,0.906
351,100.617,24.8504,23.5758,2,0.8925
352,100.693,16.2375,24.7369,2,0.8957
353,100.751,22.6367,24.4668,2,0.8925
354,100.832,14.7804,25.7831,3,0.7492
355,100.883,27.3733,24.1952,2,0.892
356,100.961,15.5049,24.369,3,0.7584
357,101.018,23.1043,24.8549,3,0.7516
358,101.095,15.6868,25.2099,3,0.783
359,101.151,23.7387,24.375,3,0.7806
360,101.229,15.6397,25.759,3,0.8457
361,101.286,23.3475,24.4999,4,0.7443
362,101.362,16.0254,25.034,3,0.7958
363,101.419,23.3154,24.704,3,0.8183
364,101.493,16.426,24.6441,4,0.7321
365,101.554,21.3498,25.0258,3,0.791
366,101.628,16.5807,26.2179,3,0.8449
367,101.687,22.1137,25.5313,3,0.8428
368,101.759,17.191,25.64,3,0.8578
369,101.824,19.4957,25.8203,3,0.7397
370,101.889,19.4685,25.2109,3,0.6959
371,101.959,17.8846,25.0578,3,0.7111
372,102.022,20.4662,25.0781,4,0.6051
373,102.092,17.5455,24.3061,3,0.8162
374,102.156,20.2454,24.473,3,0.8808
375,102.224,18.2852,24.6699,5,0.7046
376,102.286,20.5723,24.5061,5,0.7117
377,102.36,16.848,24.8561,5,0.7104
378,102.42,21.1959,23.9,4,0.7112
379,102.493,17.0868,24.703,4,0.717
380,102.554,21.0556,24.3897,4,0.7463
381,102.626,17.3052,24.7979,4,0.7464
382,102.688,20.483,24.617,5,0.7687
383,102.763,16.3201,24.4429,5,0.7697
384,102.817,25.0646,24.466,5,0.8147
385,102.895,15.6189,24.6472,5,0.8326
386,102.952,23.0501,24.6804,5,0.8571
387,103.029,15.9147,25.3751,5,0.8482
388,103.085,23.601,24.071,5,0.8494
389,103.161,16.1093,24.2989,5,0.841
390,103.219,22.5779,24.7459,5,0.8193
391,103.295,16.0444,24.441,5,0.7529
392,103.351,23.8646,23.9549,4,0.8098
393,103.429,15.5157,25.5239,4,0.8226
394,103.486,23.1005,24.0731,4,0.8456
395,103.562,16.1968,24.5199,4,0.8458
396,103.648,13.7442,26.947,4,0.8344
397,103.699,27.3337,24.2949,4,0.8394
398,103.778,15.169,25.5728,4,0.8383
399,103.835,23.4006,24.6909,4,0.852
400,103.909,16.7406,24.4699,4,0.8627
401,103.972,19.9773,24.5712,4,0.8554
402,104.042,17.7567,25.9373,4,0.8559
403,104.107,19.7528,25.2209,4,0.8577
404,104.174,18.7643,24.5681,4,0.8569
405,104.239,19.4784,24.4899,4,0.8425
406,104.305,19.0654,24.5061,4,0.8372
407,104.376,17.4346,24.9109,4,0.8369
408,104.437,21.4054,24.42,4,0.8549
409,104.507,17.6131,24.256,4,0.8608
410,104.571,20.156,24.0633,4,0.8578
411,104.642,17.4709,24.5318,4,0.8646
412,104.704,20.4319,24.8499,4,0.8666
413,104.774,17.7882,24.5552,4,0.8532
414,104.838,20.008,24.694,4,0.8587
415,104.909,17.3744,24.426,4,0.8543
416,104.97,21.2382,24.5509,4,0.8467
417,105.042,17.2046,24.8303,4,0.8528
418,105.103,21.0997,24.3263,4,0.8468
419,105.178,16.3279,24.9352,4,0.8447
420,105.236,23.0212,24.5209,4,0.8236
421,105.312,16.0622,24.406,4,0.7689
422,105.369,22.8311,24.7958,4,0.7247
423,105.444,16.3356,24.95,3,0.8085
424,105.502,22.5398,24.6682,3,0.7847
425,105.582,15.1275,25.085,2,0.8911
426,105.632,27.7353,23.6459,2,0.9068
427,105.711,15.2854,24.37,3,0.7915
428,105.771,21.5895,25.4388,3,0.8312
429,105.843,17.1489,25.7461,3,0.8459
430,105.903,21.8336,24.9171,3,0.8175
431,105.975,17.0861,24.6818,2,0.877
432,106.042,18.7875,26.7179,3,0.7325
433,106.102,21.7141,24.6022,3,0.8048
434,106.184,14.7232,25.4049,3,0.8116
435,106.232,28.734,24.0798,3,0.8109
436,106.316,14.3088,26.237,3,0.8048
437,106.365,28.6047,23.5441,3,0.8154
438,106.452,13.6578,26.4487,3,0.812
439,106.499,30.2057,23.8981,3,0.8195
440,106.579,14.951,24.8969,3,0.812
441,106.635,23.6738,24.832,3,0.8086
442,106.71,16.4359,25.4548,3,0.8095
443,106.797,13.6067,26.607,3,0.7819
444,106.851,24.9189,23.752,3,0.7412
445,106.928,15.8559,24.8213,3,0.7456
446,106.988,21.7998,24.7722,2,0.8941
447,107.068,15.0302,26.3469,2,0.8932
448,107.115,29.9275,23.7622,2,0.8936
449,107.196,14.9074,24.385,3,0.7491
450,107.253,23.4642,23.84,2,0.9023
451,107.333,15.0745,26.715,2,0.903
452,107.383,27.5459,24.3919,2,0.9007
453,107.462,15.2532,24.8301,2,0.8951
454,107.52,22.6315,24.5528,2,0.889
455,107.597,15.8542,24.9641,2,0.889
456,107.654,23.2972,23.7923,2,0.8871
457,107.73,16.0607,25.5139,2,0.8869
458,107.785,24.1034,23.8562,2,0.8858
459,107.868,14.339,25.8203,3,0.7199
460,107.915,30.2125,23.9892,2,0.8752
461,107.997,14.7911,24.5347,2,0.8729
462,108.053,23.6274,24.2872,2,0.8756
463,108.127,16.4012,24.7722,2,0.8811
464,108.186,22.2118,23.8042,2,0.8885
465,108.265,15.3541,25.7339,2,0.8839
466,108.349,14.2859,26.4928,2,0.8839
467,108.4,26.6844,24.4327,2,0.8779
468,108.486,13.8976,25.8751,2,0.8759
469,108.531,31.8915,24.096,3,0.7294
470,108.618,13.6926,26.0439,3,0.7378
471,108.666,29.5141,24.0128,2,0.882
472,108.745,15.3125,24.5032,2,0.8824
473,108.802,23.1717,24.4391,3,0.756
474,108.884,14.6591,25.2559,3,0.7475
475,108.931,29.7247,23.52,2,0.8828
476,109.014,14.4995,25.521,2,0.8839
477,109.07,23.7111,24.5631,2,0.8856
478,109.146,15.9231,25.0478,3,0.7288
479,109.202,23.4713,24.1091,3,0.7215
480,109.281,15.4014,25.1367,2,0.884
481,109.333,25.6876,23.833,2,0.8966
482,109.412,15.3692,25.429,2,0.8921
483,109.47,22.9064,24.8671,3,0.7261
484,109.547,15.5928,24.9541,3,0.767
485,109.6,25.9815,24.1122,3,0.7482
486,109.682,14.6606,26.4611,4,0.6678
487,109.734,26.2247,24.1868,2,0.8985
488,109.812,15.5228,24.873,4,0.6883
489,109.871,21.9394,24.3902,3,0.7491
490,109.943,17.3412,24.1861,3,0.7517
491,110.008,19.5941,24.4238,3,0.7317
492,110.073,19.2952,24.3149,2,0.8852
493,110.142,18.2758,24.8139,3,0.7689
494,110.208,19.0146,24.281,4,0.6665
495,110.275,18.9117,24.971,3,0.7663
496,110.343,18.3666,24.3258,4,0.6836
497,110.408,19.2882,25.4531,3,0.7851
498,110.476,18.707,24.6949,3,0.7374
499,110.54,19.5049,24.9858,4,0.6956
500,110.607,19.097,25.45,3,0.7487
501,110.678,17.3895,25.2011,4,0.6728
502,110.737,22.4111,24.5731,4,0.7149
503,110.815,15.3971,26.4931,4,0.7344
504,110.868,25.3877,24.8132,4,0.7256
505,110.941,16.903,24.426,5,0.6644
506,111.01,18.0077,25.6047,4,0.7416
507,111.073,20.7335,24.565,4,0.7254
508,111.142,18.0119,24.291,3,0.8307
509,111.206,19.8491,24.7269,5,0.6734
510,111.278,17.0597,25.0649,4,0.7125
511,111.338,21.878,24.543,3,0.7823
512,111.412,16.4753,25.08,5,0.6519
513,111.473,21.4938,24.9038,5,0.6447
514,111.543,17.5862,24.3573,3,0.7874
515,111.61,18.679,24.9922,3,0.7941
516,111.674,20.1686,25.0697,3,0.8168
517,111.74,19.048,24.883,5,0.6738
518,111.809,18.0698,24.1489,5,0.6618
519,111.877,18.2548,24.7598,4,0.73
520,111.939,21.1587,24.5919,4,0.7377
521,112.01,17.2768,24.765,3,0.8382
522,112.074,19.7933,25.5949,5,0.6704
523,112.141,18.7691,24.06,5,0.6768
524,112.204,20.2683,24.6108,4,0.7356
525,112.279,16.3725,25.5151,5,0.7042
526,112.336,23.3231,26.0,5,0.702
527,112.417,14.8157,27.5111,5,0.6998
528,112.47,26.0655,25.0828,5,0.6938
529,112.547,15.816,25.7308,5,0.673
530,112.605,22.8534,25.2731,5,0.6576
531,112.679,16.5503,24.7118,4,0.7241
532,112.736,23.0033,25.574,5,0.667
533,112.814,15.6639,25.151,5,0.6951
534,112.87,23.3727,24.03,5,0.6997
535,112.947,15.8597,25.3041,5,0.6954
536,113.003,24.0171,24.303,5,0.6868
537,113.083,14.9966,25.3689,5,0.6868
538,113.133,27.6649,24.2729,4,0.7517
539,113.215,14.6899,25.7528,5,0.6969
540,113.271,23.3777,24.672,5,0.7204
541,113.344,16.9535,25.3391,5,0.7076
542,113.407,20.2306,24.8282,4,0.7565
543,113.478,17.3283,24.8888,5,0.6906
544,113.539,21.6048,24.5478,5,0.6788
545,113.61,17.4792,24.1251,5,0.6993
546,113.679,18.1954,25.269,5,0.6818
547,113.738,22.2742,24.816,4,0.6755
548,113.814,15.8652,25.7461,5,0.695
549,113.87,23.9046,24.6658,5,0.719
550,113.948,15.6147,25.3003,5,0.7233
551,114.003,24.2767,23.926,5,0.7303
552,114.079,15.9774,24.7769,5,0.7353
553,114.135,23.7181,24.22,5,0.7464
554,114.22,14.0883,26.5613,4,0.7363
555,114.265,31.7553,23.6819,5,0.7242
556,114.348,14.5069,26.515,5,0.7418
557,114.404,23.7519,24.4679,5,0.7373
558,114.483,15.3092,25.6271,6,0.685
559,114.534,26.538,24.9009,6,0.7476
560,114.618,14.2686,26.2151,6,0.748
561,114.668,27.815,24.2701,6,0.7576
562,114.748,15.0193,25.4381,6,0.7573
563,114.804,24.0298,24.1079,5,0.8252
564,114.883,15.1224,25.4931,5,0.8255
565,114.934,26.7545,24.5821,5,0.8239
566,115.018,14.3633,26.109,5,0.8039
567,115.068,27.468,23.633,5,0.7745
568,115.15,14.6815,25.8379,5,0.8078
569,115.2,27.2896,24.503,5,0.7843
570,115.284,14.256,25.9809,6,0.747
571,115.333,28.7338,23.8347,6,0.7426
572,115.419,13.8059,25.7652,5,0.8175
573,115.467,28.5389,24.0068,6,0.7617
574,115.547,15.0609,25.0921,5,0.8
575,115.604,23.4913,24.6611,6,0.7294
576,115.683,15.2611,26.2327,6,0.7657
577,115.734,26.6866,24.152,6,0.7723
578,115.821,13.706,26.602,6,0.7218
579,115.866,32.4245,23.8719,5,0.7614
580,115.947,14.7883,24.6258,5,0.7608
581,116.003,23.524,24.2009,6,0.7067
582,116.084,14.8137,26.0069,6,0.6969
583,116.133,28.5807,23.7551,5,0.7529
584,116.217,14.2063,26.0596,4,0.8249
585,116.268,26.9164,24.1971,4,0.8325
586,116.347,15.4249,25.3639,4,0.8332
587,116.405,22.8891,25.28,4,0.789
588,116.478,16.6058,24.497,4,0.8081
589,116.538,22.1484,24.4911,4,0.812
590,116.617,15.1755,25.5201,4,0.7958
591,116.669,26.4033,23.5469,4,0.8271
592,116.75,14.8451,26.335,4,0.8188
593,116.798,29.3333,23.4177,4,0.8058
594,116.887,13.3053,26.1559,4,0.8033
595,116.932,31.5499,23.8738,4,0.7878
596,117.017,13.9661,25.6221,4,0.7884
597,117.069,26.3035,24.8542,4,0.7913
598,117.151,14.7267,25.6782,4,0.7664
599,117.2,28.1864,24.1838,4,0.7878
600,117.287,13.6079,26.2878,4,0.7953
601,117.332,32.3762,23.7148,5,0.7232
602,117.418,13.6853,25.702,5,0.7489
603,117.467,28.4958,24.5619,5,0.7404
604,117.547,15.2037,24.5981,5,0.745
605,117.605,22.514,24.6639,5,0.7618
606,117.678,16.8376,24.502,5,0.7659
607,117.739,21.3697,24.2579,5,0.7777
608,117.81,17.4736,24.3168,5,0.7956
609,117.875,19.2544,25.1441,5,0.791
610,117.944,18.2879,24.451,5,0.7866
611,118.008,19.6695,24.1921,5,0.7866
612,118.079,17.571,24.9763,5,0.7965
613,118.137,22.7277,23.6549,5,0.7958
614,118.215,15.477,25.6109,5,0.7977
615,118.271,23.6692,24.3604,5,0.7983
616,118.349,15.6774,25.718,5,0.7952
617,118.403,24.8942,24.6742,5,0.8048
618,118.483,15.1005,25.321,5,0.8002
619,118.534,26.9366,24.0111,5,0.8018
620,118.617,14.4021,26.1791,5,0.7981
621,118.669,25.6641,24.3909,5,0.7942
622,118.746,15.7669,24.863,5,0.7995
623,118.803,23.2142,24.1449,5,0.8011
624,118.885,14.791,25.9211,5,0.7956
625,118.933,28.9278,24.2963,5,0.7933
626,119.019,13.8225,26.443,5,0.7967
627,119.067,29.0589,24.4169,5,0.797
628,119.149,14.7957,25.557,5,0.7993
629,119.203,24.6719,24.441,5,0.7986
630,119.28,15.6917,24.6978,5,0.7975
631,119.336,23.9473,24.4689,5,0.8045
632,119.414,15.5761,25.6011,5,0.8057
633,119.472,22.8594,24.2281,5,0.7943
634,119.546,16.5601,25.1009,5,0.7747
635,119.602,23.9322,24.2679,5,0.7792
636,119.684,14.6192,26.1717,5,0.768
637,119.735,26.9557,24.0462,5,0.7704
638,119.817,14.6195,25.9151,5,0.7704
639,119.869,26.0012,24.725,5,0.7733
640,119.953,14.179,25.984,5,0.7705
641,120.0,29.3799,24.658,5,0.774
642,120.084,14.269,25.521,5,0.7725
643,120.135,27.459,23.8788,5,0.7852
644,120.214,15.2321,24.276,5,0.7791
645,120.273,22.3264,24.5318,5,0.7655
646,120.345,17.0751,24.493,5,0.7751
647,120.409,20.0329,24.6708,5,0.7858
648,120.478,17.9954,24.3402,5,0.7808
649,120.54,20.7004,24.853,5,0.7734
650,120.612,17.2545,25.521,5,0.7761
651,120.674,20.5736,25.3651,5,0.7758
652,120.742,18.7172,24.57,5,0.7732
653,120.81,18.3891,24.91,5,0.7664
654,120.88,17.7588,25.1062,5,0.7553
655,120.937,23.1917,23.6599,5,0.7577
656,121.016,15.1373,25.727,5,0.7566
657,121.071,24.7293,24.3762,5,0.7489
658,121.143,16.8786,24.7419,5,0.736
659,121.208,19.6244,25.039,5,0.7408
660,121.279,17.3699,25.2371,5,0.757
661,121.338,22.3542,25.6159,5,0.7304
662,121.416,15.5513,25.6751,5,0.7188
663,121.472,23.9549,24.261,5,0.7318
664,121.547,15.9808,25.1961,5,0.728
665,121.604,23.5455,23.9921,5,0.7366
666,121.683,15.0964,25.5091,5,0.7472
667,121.734,27.2161,23.9701,5,0.7595
668,121.82,13.8995,26.5329,5,0.734
669,121.866,30.284,24.2751,5,0.7603
670,121.952,13.9376,26.0439,5,0.7419
671,122.002,27.6717,24.6301,5,0.7254
672,122.079,15.7453,29.2649,5,0.7567
673,122.134,24.1869,24.4632,5,0.7796
674,122.221,13.7442,32.5391,5,0.7711
675,122.269,29.1672,24.3697,5,0.7876
676,122.349,15.0868,25.0831,5,0.7677
677,122.406,23.153,24.7579,5,0.7699
678,122.48,16.5632,24.6789,5,0.778
679,122.543,20.3149,24.1299,5,0.7653
680,122.61,18.6126,24.5562,5,0.7396
681,122.678,18.4172,24.282,5,0.7246
682,122.74,20.9236,24.641,5,0.6976
683,122.811,17.329,25.3408,5,0.682
684,122.877,19.3099,25.301,5,0.6874
685,122.941,19.878,24.9481,5,0.6797
686,123.01,18.2856,24.195,4,0.7542
687,123.079,17.9353,24.7731,4,0.7571
688,123.14,21.5531,24.4181,5,0.7161
689,123.211,17.2179,24.5321,3,0.8366
690,123.277,19.4125,25.0609,4,0.6874
691,123.344,18.6012,25.3389,4,0.6845
692,123.408,20.0116,24.3969,4,0.6947
693,123.479,17.3434,24.9438,3,0.7852
694,123.541,21.0438,24.6336,3,0.7597
695,123.61,17.901,25.0018,3,0.799
696,123.677,18.8992,25.1782,3,0.7966
697,123.741,19.647,24.4932,3,0.8151
698,123.81,18.1452,24.5929,3,0.8033
699,123.88,17.8361,24.859,3,0.8204
700,123.938,22.7252,24.163,3,0.7862
701,124.017,15.3101,25.6162,3,0.7906
702,124.07,25.2832,24.4071,3,0.7858
703,124.149,15.4325,25.547,3,0.7517
704,124.205,23.7824,24.1978,3,0.7358
705,124.282,15.5957,25.1391,3,0.6971
706,124.338,24.285,24.4029,3,0.7252
707,124.414,15.9398,26.1099,3,0.7392
708,124.473,22.1596,24.096,3,0.7421
709,124.545,16.9906,25.821,3,0.6466
710,124.605,21.9636,24.9569,3,0.6145
711,124.686,14.778,27.3528,3,0.6271
712,124.735,28.1348,24.394,2,0.7144
713,124.819,14.3025,25.9452,2,0.6832
714,124.868,28.6215,24.0672,2,0.6661
715,124.952,14.2422,26.1691,2,0.6454
716,125.001,28.3769,23.7,2,0.6691
717,125.085,14.1929,25.4049,2,0.7014
718,125.136,26.7465,24.437,2,0.7035
719,125.218,14.5205,25.934,3,0.6442
720,125.27,26.6305,23.797,2,0.7728
721,125.348,15.5385,24.9901,2,0.8136
722,125.403,23.9011,24.4601,3,0.7039
723,125.487,14.2467,26.5522,3,0.7264
724,125.532,32.5203,23.8588,4,0.7107
725,125.616,14.1819,25.748,3,0.8352
726,125.671,24.013,24.2739,3,0.8529
727,125.748,15.8843,25.1551,3,0.7892
728,125.806,22.4401,24.0831,3,0.8207
729,125.879,17.0683,24.5001,3,0.8281
730,125.943,19.8416,24.7629,4,0.729
731,126.009,18.9465,24.1568,4,0.7367
732,126.077,18.4183,24.4648,4,0.7364
733,126.143,19.2238,24.406,5,0.6964
734,126.211,18.4822,24.6251,5,0.7254
735,126.278,18.8357,25.3251,5,0.7202
736,126.344,19.1084,24.703,5,0.7174
737,126.41,19.0309,24.6651,5,0.7219
738,126.476,19.3273,24.5259,5,0.7135
739,126.545,18.0548,24.4641,5,0.7129
740,126.609,19.599,24.3721,4,0.7443
741,126.678,18.0761,24.286,4,0.76
742,126.739,21.2016,24.6091,4,0.7467
743,126.813,16.8503,24.864,4,0.7407
744,126.873,21.6676,24.2739,4,0.7366
745,126.948,16.3535,25.3479,4,0.7255
746,127.006,22.5877,23.936,4,0.7318
747,127.085,15.2047,25.914,5,0.6645
748,127.136,26.7747,24.3452,4,0.7454
749,127.215,15.2062,24.543,4,0.7175
750,127.271,24.0193,24.24,5,0.6412
751,127.347,16.0572,24.6041,5,0.6601
752,127.404,23.2643,24.7939,5,0.7067
753,127.484,15.0012,26.2821,5,0.7275
754,127.534,27.5694,24.1981,5,0.7565
755,127.611,15.861,25.1763,5,0.7511
756,127.676,19.7084,25.2769,5,0.7457
757,127.741,19.2389,23.701,5,0.7273
758,127.812,17.5716,24.8661,5,0.7399
759,127.875,20.5133,24.7612,4,0.7999
760,127.945,17.5759,25.9109,5,0.7515
761,128.007,20.8228,24.575,5,0.7367
762,128.079,17.1034,24.539,5,0.7469
763,128.142,20.4976,24.9343,5,0.749
764,128.212,17.911,24.6148,5,0.751
765,128.277,19.4833,24.8837,4,0.7934
766,128.343,19.087,24.8547,4,0.806
767,128.411,18.3807,25.7831,4,0.795
768,128.479,18.5302,27.781,4,0.7516
769,128.529,27.6786,23.9408,4,0.7438
770,128.616,13.5122,26.4511,4,0.7562
771,128.671,24.2171,25.0387,4,0.7843
772,128.753,14.6157,25.9149,4,0.7911
773,128.8,30.3059,24.1418,4,0.7359
774,128.888,13.4041,26.1879,3,0.8365
775,128.933,32.044,23.9401,3,0.83
776,129.019,13.9932,25.5451,3,0.8244
777,129.071,25.6503,24.4932,3,0.8175
778,129.147,16.136,24.6718,3,0.8002
779,129.208,21.2233,24.5838,3,0.8008
780,129.282,16.6842,25.6908,3,0.816
781,129.338,23.5454,24.6902,3,0.8035
782,129.417,15.3794,25.9488,3,0.7215
783,129.473,23.681,24.9262,3,0.7492
784,129.544,17.317,25.2578,3,0.7331
785,129.61,19.4897,25.568,3,0.7581
786,129.678,18.2931,25.6798,2,0.86
787,129.742,20.0883,24.9102,2,0.8745
788,129.811,17.9279,25.3797,2,0.8849
789,129.876,19.3942,24.754,2,0.8699
790,129.943,18.9814,24.569,2,0.8746
791,130.011,18.2978,24.8551,2,0.8752
792,130.078,18.9509,24.6847,2,0.8725
793,130.141,20.1224,24.3332,2,0.877
794,130.211,17.798,24.7958,2,0.8785
795,130.279,18.2906,25.697,2,0.8773
796,130.341,20.8281,24.7359,2,0.8699
797,130.411,17.9679,23.9921,2,0.8659
798,130.48,17.9087,25.1057,3,0.7289
799,130.54,21.9465,24.5249,2,0.8658
800,130.613,16.8702,24.971,3,0.8001
801,130.676,20.4391,24.5149,3,0.8361
802,130.744,18.2591,24.9343,3,0.8473
803,130.811,18.8572,24.9307,3,0.8472
804,130.879,18.5457,25.4958,3,0.8311
805,130.944,19.2778,24.0602,3,0.8442
806,131.008,20.036,24.724,4,0.7295
807,131.08,17.196,24.8859,4,0.8112
808,131.141,21.2753,24.5509,4,0.7641
809,131.209,18.4659,26.6981,4,0.7844
810,131.28,17.4877,24.5311,5,0.6887
811,131.343,20.0816,24.5998,4,0.8212
812,131.412,18.1908,25.0831,4,0.8226
813,131.478,19.2256,24.6689,4,0.7844
814,131.542,19.7149,24.5521,4,0.7882
815,131.61,18.3402,25.0218,4,0.7805
816,131.68,17.9007,24.7948,4,0.7868
817,131.741,21.5885,25.4929,4,0.7752
818,131.814,16.6741,26.0129,4,0.7891
819,131.877,20.3394,25.6391,3,0.8718
820,131.946,18.2153,24.7769,4,0.7645
821,132.01,19.9196,24.7591,3,0.8924
822,132.079,18.1413,24.5678,3,0.8822
823,132.145,18.9058,25.1188,3,0.8663
824,132.207,20.8402,23.9329,3,0.8429
825,132.28,16.8796,25.07,4,0.6761
826,132.341,21.0137,24.8358,3,0.7542
827,132.41,18.1433,24.5252,3,0.7178
828,132.479,18.0356,25.1138,3,0.7185
829,132.544,19.9172,24.6391,2,0.848
830,132.612,18.2142,25.1541,4,0.6643
831,132.678,19.3091,25.4228,3,0.7799
832,132.743,19.2042,24.6351,4,0.7575
833,132.813,17.8171,25.1184,4,0.7436
834,132.876,20.5174,24.7459,4,0.7678
835,132.946,17.6009,25.1548,5,0.7191
836,133.009,20.6693,24.3802,5,0.7931
837,133.078,17.9016,25.3458,5,0.7893
838,133.144,19.1513,25.1491,6,0.7448
839,133.213,18.2272,24.8582,6,0.7219
840,133.278,19.5027,24.333,5,0.7864
841,133.347,18.0872,26.6418,5,0.7902
842,133.408,21.0247,24.4701,5,0.7824
843,133.481,16.8011,24.9929,5,0.7683
844,133.541,21.6325,24.7588,5,0.7553
845,133.613,17.253,24.76,5,0.7361
846,133.678,19.3192,24.9929,5,0.7134
847,133.742,20.0965,24.8702,5,0.7459
848,133.812,17.7649,24.853,5,0.7966
849,133.876,20.065,25.2061,5,0.7672
850,133.945,17.9542,25.172,6,0.7335
851,134.011,19.1383,25.3303,5,0.7638
852,134.081,17.7519,25.461,5,0.7956
853,134.143,20.859,25.3072,5,0.7584
854,134.212,17.7882,24.364,4,0.8444
855,134.276,20.0272,24.591,4,0.8469
856,134.347,17.4883,24.8401,4,0.8477
857,134.407,21.6774,25.0959,4,0.8582
858,134.484,15.6897,25.3451,4,0.8365
859,134.538,25.3337,24.4448,4,0.8027
860,134.614,15.9267,24.9002,4,0.7382
861,134.674,21.6902,24.4448,4,0.7677
862,134.746,17.3232,24.4601,4,0.7741
863,134.811,19.4311,24.5571,3,0.8816
864,134.877,18.9448,24.621,3,0.8374
865,134.946,18.0157,24.579,4,0.7339
866,135.011,19.7648,25.234,4,0.738
867,135.08,18.1465,24.3952,3,0.8092
868,135.142,20.3587,25.0449,3,0.8215
869,135.214,17.2589,25.6228,3,0.828
870,135.278,20.2234,25.9521,3,0.8263
871,135.342,19.8871,25.29,3,0.8252
872,135.413,17.3665,25.8379,3,0.8213
873,135.477,19.7371,23.5941,4,0.741
874,135.543,19.1803,24.4341,4,0.7187
875,135.611,18.4138,24.2507,4,0.692
876,135.677,19.16,24.4102,4,0.6627
877,135.743,19.1197,24.3819,3,0.7551
878,135.812,18.0792,25.0058,3,0.7812
879,135.878,19.0938,24.991,3,0.7944
880,135.944,19.4209,24.9591,3,0.8086
881,136.012,18.2165,25.3999,3,0.8027
882,136.076,19.9172,26.593,3,0.772
883,136.147,17.8085,28.11,3,0.7995
884,136.198,26.7375,24.482,3,0.829
885,136.265,18.5874,24.9319,3,0.8266
886,136.331,18.9581,25.5909,3,0.7856
887,136.419,13.3488,26.2721,3,0.8294
888,136.472,25.7435,24.2879,3,0.8037
889,136.551,15.3612,25.9218,2,0.8881
890,136.604,25.4635,24.3509,2,0.8789
891,136.683,15.4183,25.2528,3,0.8047
892,136.74,23.5943,24.5342,3,0.76
893,136.815,16.0696,25.667,3,0.7725
894,136.872,23.691,27.4072,3,0.7798
895,136.93,22.2072,24.6789,3,0.8058
896,136.996,19.405,23.694,3,0.8137
897,137.065,17.907,26.0589,3,0.8075
898,137.129,20.065,23.8941,3,0.8185
899,137.197,18.6337,24.8361,3,0.8389
900,137.265,18.445,24.9527,3,0.8459
901,137.329,19.833,23.84,4,0.7377
902,137.401,17.2754,27.3151,5,0.6851
903,137.472,17.4953,24.9519,4,0.7796
904,137.549,15.8407,25.2712,4,0.7778
905,137.606,23.1096,24.3719,4,0.7453
906,137.681,16.2054,25.2609,4,0.7394
907,137.739,22.8949,24.7312,4,0.7596
908,137.813,16.763,24.1981,3,0.8425
909,137.88,18.7995,25.1918,4,0.7445
910,137.944,19.809,24.229,4,0.7416
911,138.009,19.4799,24.8442,3,0.85
912,138.081,17.3542,24.858,4,0.7381
913,138.144,20.2968,24.153,3,0.7617
914,138.21,18.9757,24.642,3,0.7472
915,138.282,17.2265,25.214,2,0.8745
916,138.341,22.3473,23.411,2,0.8779
917,138.414,16.6525,24.9,2,0.8819
918,138.477,20.6232,24.79,2,0.8869
919,138.546,18.0382,25.023,2,0.8969
920,138.613,18.8192,24.3561,2,0.9111
921,138.678,19.5054,23.886,2,0.91
922,138.746,18.469,24.4899,2,0.8957
923,138.812,19.1379,24.0889,2,0.89
924,138.878,19.3143,23.742,2,0.8776
925,138.945,18.4883,24.04,3,0.7234
926,139.009,19.9009,24.5311,2,0.8764
927,139.08,17.5892,24.1952,2,0.8783
928,139.143,20.0589,24.4532,2,0.8697
929,139.214,17.4636,24.9631,2,0.8593
930,139.278,19.8185,24.7669,2,0.863
931,139.345,18.864,24.8909,2,0.8958
932,139.383,40.7036,23.3119,2,0.8331
933,139.466,14.514,24.657,1,0.9238
934,139.524,22.4952,23.7939,1,0.9167
935,139.6,15.9816,25.0981,1,0.9221
936,139.656,24.1945,24.2629,1,0.9231
937,139.738,14.5308,26.0768,1,0.9162
938,139.787,27.8862,24.7991,1,0.9333
939,139.871,14.2957,25.3241,1,0.9364
940,139.918,29.9794,23.3958,1,0.9345
941,140.003,14.0255,25.202,1,0.9152
942,140.055,26.5019,24.7409,1,0.9153
943,140.137,14.613,25.9709,1,0.9154
944,140.187,27.5483,24.2901,1,0.9101
945,140.267,14.9957,25.0771,1,0.9365
946,140.326,22.6121,24.6909,1,0.9375
947,140.396,17.4981,24.2331,3,0.6085
948,140.462,19.3357,24.7769,2,0.7486
949,140.527,19.7129,23.9758,2,0.7051
950,140.597,17.6706,25.4447,3,0.6172
951,140.663,19.1828,25.2659,3,0.6718
952,140.726,20.0525,24.863,3,0.7262
953,140.797,17.739,25.202,3,0.7789
954,140.861,19.5879,25.2452,3,0.7754
955,140.93,18.2325,25.496,3,0.7555
956,140.994,19.7523,25.2492,3,0.712
957,141.065,17.6943,25.5802,2,0.7431
958,141.127,20.6211,25.0571,2,0.7394
959,141.196,18.1766,24.9469,1,0.9195
960,141.263,18.8004,25.3758,2,0.8174
961,141.326,20.2704,25.598,1,0.9086
962,141.397,17.3638,25.116,2,0.6563
963,141.462,19.6669,24.6542,1,0.9103
964,141.529,18.7712,24.6918,2,0.7694
965,141.595,18.8426,24.4229,3,0.7075
966,141.662,18.8012,25.2891,3,0.6217
967,141.728,19.2674,24.6449,2,0.7107
968,141.795,18.7818,24.7388,2,0.7747
969,141.865,17.6659,25.2829,2,0.7975
970,141.926,21.3156,24.6761,2,0.7528
971,141.996,17.8428,24.3592,2,0.8242
972,142.062,18.8412,24.7159,2,0.8421
973,142.126,20.0496,24.297,2,0.8281
974,142.195,18.0141,25.1148,2,0.7992
975,142.263,18.5825,25.1009,2,0.775
976,142.325,20.5786,24.8482,2,0.8108
977,142.399,16.6412,25.4729,2,0.7798
978,142.46,21.3366,25.357,2,0.8471
979,142.532,17.1069,25.506,2,0.843
980,142.595,20.5715,25.2998,2,0.8019
981,142.667,17.2241,26.2499,2,0.8314
982,142.726,22.1788,25.2647,2,0.7956
983,142.798,17.2055,26.2341,2,0.7575
984,142.863,19.4367,25.691,2,0.8148
985,142.927,19.6441,24.7278,2,0.8241
986,142.995,18.4414,25.0292,2,0.8399
987,143.066,17.5116,25.3551,2,0.8661
988,143.126,21.5489,24.7099,2,0.8467
989,143.196,18.007,23.766,2,0.8426
990,143.261,19.3293,24.4029,3,0.7527
991,143.33,17.8856,24.384,3,0.7798
992,143.393,20.2984,24.9197,4,0.5251
993,143.464,17.4933,24.6689,4,0.6879
994,143.529,19.7127,25.672,4,0.7204
995,143.596,18.4997,25.099,3,0.7734
996,143.662,19.3338,24.61,3,0.7826
997,143.728,19.141,24.868,3,0.7808
998,143.795,18.7502,25.2078,3,0.7765
999,143.863,18.2193,24.821,3,0.7873
1000,143.927,20.0726,24.6432,3,0.7869
1001,143.993,19.2842,25.2092,3,0.7807
1002,144.064,17.4661,24.488,3,0.7784
1003,144.126,20.7546,23.946,3,0.779
1004,144.195,17.8361,24.1721,3,0.7769
1005,144.264,18.2805,24.8191,3,0.7787
1006,144.327,20.4805,24.9729,3,0.79
1007,144.398,17.2873,24.6511,4,0.7019
1008,144.463,19.791,24.6692,4,0.719
1009,144.529,19.1318,24.3981,4,0.7223
1010,144.597,18.3157,25.8961,4,0.7103
1011,144.661,19.7518,23.9487,4,0.7055
1012,144.727,19.2241,24.7111,4,0.7206
1013,144.796,18.0067,25.2707,4,0.7171
1014,144.861,19.8275,24.5669,4,0.7136
1015,144.931,17.5642,25.8138,4,0.7184
1016,144.991,21.1904,24.8289,4,0.7195
1017,145.068,16.0146,25.1901,4,0.7187
1018,145.124,23.6764,23.8819,4,0.698
1019,145.199,16.3196,24.4191,3,0.8054
1020,145.262,20.5107,24.6778,3,0.8126
1021,145.328,19.0832,24.7979,4,0.6992
1022,145.396,18.3409,24.6761,4,0.7032
1023,145.465,18.1127,25.3782,4,0.714
1024,145.527,20.8654,24.822,4,0.7192
1025,145.599,16.9874,25.1682,4,0.7212
1026,145.661,21.0171,24.9748,4,0.7253
1027,145.728,18.6843,24.2591,4,0.7348
1028,145.794,18.7276,24.5831,4,0.7259
1029,145.864,17.5858,24.8802,4,0.7173
1030,145.927,20.4344,24.2651,4,0.7306
1031,145.996,18.0671,25.7211,4,0.7314
1032,146.063,18.9462,24.709,3,0.8157
1033,146.129,19.1829,24.9631,3,0.7621
1034,146.194,19.4092,24.323,3,0.7526
1035,146.263,18.0155,24.756,3,0.7486
1036,146.327,19.9365,24.3771,3,0.7404
1037,146.398,17.3713,25.3229,3,0.7062
1038,146.462,19.8393,24.6201,3,0.7636
1039,146.529,18.8876,25.2969,3,0.7796
1040,146.596,18.8175,24.3239,3,0.7918
1041,146.663,18.5576,24.904,4,0.6935
1042,146.727,19.9935,24.6291,4,0.7402
1043,146.797,17.713,25.5401,4,0.7469
1044,146.861,20.0104,25.178,4,0.7654
1045,146.928,18.891,24.822,4,0.7574
1046,146.996,18.3274,25.296,4,0.7682
1047,147.064,18.3365,25.0878,5,0.6914
1048,147.156,12.7786,26.8748,4,0.7648
1049,147.205,28.7464,24.847,5,0.6961
1050,147.286,14.8934,25.9678,4,0.7741
1051,147.341,24.4433,24.6353,4,0.7672
1052,147.416,16.3082,24.1349,4,0.7439
1053,147.478,20.4885,24.436,4,0.7312
1054,147.547,18.1864,25.1131,4,0.7251
1055,147.613,19.2488,25.068,4,0.7307
1056,147.681,17.9549,25.279,4,0.7212
1057,147.742,21.4005,24.0679,3,0.7891
1058,147.818,15.9714,25.4741,3,0.7915
1059,147.875,23.1059,24.5249,3,0.7928
1060,147.946,17.5802,24.0719,3,0.8046
1061,148.013,18.792,24.574,3,0.8019
1062,148.079,18.9445,25.3351,3,0.8169
1063,148.148,18.1429,25.506,3,0.8062
1064,148.21,20.5622,23.958,3,0.8093
1065,148.279,18.2832,24.828,3,0.8041
1066,148.347,18.1973,24.683,3,0.8091
1067,148.414,18.8961,24.1702,3,0.8162
1068,148.48,19.192,24.7471,3,0.817
1069,148.547,19.006,23.823,3,0.8311
1070,148.613,19.0821,25.0492,3,0.8229
1071,148.681,18.4131,24.3599,3,0.8248
1072,148.744,20.1079,25.2512,3,0.8187
1073,148.815,17.4362,25.1501,3,0.8108
1074,148.877,20.9125,24.7719,3,0.8052
1075,148.946,17.9485,25.1389,3,0.8024
1076,149.014,18.6115,24.4739,3,0.8101
1077,149.082,18.3736,25.4211,3,0.8138
1078,149.142,21.9198,24.7209,3,0.8146
1079,149.214,17.21,24.5299,3,0.8095
1080,149.282,18.3537,24.982,3,0.8024
1081,149.342,21.6816,24.4939,3,0.7834
1082,149.414,17.1391,24.9779,3,0.7882
1083,149.481,18.97,24.9066,3,0.7902
1084,149.544,20.3842,24.7159,3,0.7927
1085,149.615,17.4432,24.5059,3,0.7909
1086,149.68,19.3023,24.514,3,0.784
1087,149.744,20.0767,24.5559,4,0.6858
1088,149.812,18.2816,24.611,4,0.6918
1089,149.879,18.7424,25.785,4,0.7019
1090,149.947,18.5573,24.915,4,0.7072
1091,150.012,19.1699,24.3261,5,0.6474
1092,150.079,18.971,24.435,4,0.7167
1093,150.146,18.612,23.9429,4,0.714
1094,150.211,19.6002,24.3049,4,0.7078
1095,150.283,17.1429,25.09,4,0.6979
1096,150.341,22.7267,24.3278,4,0.6972
1097,150.418,15.7599,25.337,4,0.6976
1098,150.476,22.7792,24.905,4,0.7051
1099,150.547,17.432,24.3793,4,0.7249
1100,150.613,19.3289,24.5059,4,0.7192
1101,150.681,18.4203,24.8621,4,0.7282
1102,150.743,20.555,24.9782,4,0.7172
1103,150.815,17.1423,24.9181,4,0.7004
1104,150.877,21.033,24.9369,4,0.6872
1105,150.948,17.2629,25.6181,4,0.6949
1106,151.013,19.8732,26.4699,4,0.6898
1107,151.081,18.2769,25.0361,3,0.7878
1108,151.146,19.6878,25.871,4,0.6955
1109,151.214,18.2362,24.4253,3,0.772
1110,151.279,19.5258,24.4207,4,0.703
1111,151.348,18.2086,24.7922,5,0.6551
1112,151.411,20.107,24.6329,5,0.676
1113,151.483,17.4428,24.694,5,0.6631
1114,151.543,21.4201,24.677,5,0.6504
1115,151.615,17.2538,25.4662,5,0.6465
1116,151.68,19.5477,25.7509,5,0.6377
1117,151.744,20.0008,24.9901,5,0.608
1118,151.813,18.0244,25.533,3,0.7671
1119,151.882,18.161,24.8868,4,0.6973
1120,151.945,20.2281,24.7178,4,0.6711
1121,152.012,18.6148,25.3701,4,0.689
1122,152.083,17.6258,25.1961,4,0.6976
1123,152.143,21.7031,24.5728,4,0.7027
1124,152.215,17.2049,24.6282,4,0.7264
1125,152.28,19.4386,24.9479,4,0.7748
1126,152.347,18.8547,24.2569,4,0.7634
1127,152.413,19.148,24.673,4,0.7608
1128,152.482,18.0414,24.6861,4,0.7606
1129,152.545,20.4366,24.6692,4,0.7833
1130,152.614,17.8244,24.874,4,0.7796
1131,152.682,18.5725,24.5099,4,0.7894
1132,152.743,21.0041,24.776,5,0.7088
1133,152.816,16.8982,25.5849,5,0.7467
1134,152.877,21.2694,24.9171,5,0.7578
1135,152.949,17.2667,25.6109,5,0.7854
1136,153.011,20.5445,25.461,5,0.7806
1137,153.084,16.9932,25.8601,5,0.7861
1138,153.144,21.8856,25.1231,5,0.7824
1139,153.214,17.4956,24.648,5,0.7718
1140,153.282,18.6856,24.606,5,0.7691
1141,153.344,20.6015,24.2891,5,0.7561
1142,153.414,17.632,24.2589,5,0.749
1143,153.482,18.4796,24.9691,5,0.7447
1144,153.543,21.2523,25.0101,5,0.7461
1145,153.616,16.8498,25.8942,5,0.7344
1146,153.68,20.1346,25.176,5,0.7492
1147,153.744,20.0637,24.9059,5,0.7614
1148,153.815,17.3675,24.9453,5,0.7509
1149,153.879,19.6673,25.1868,5,0.743
1150,153.945,19.0956,24.585,5,0.7342
1151,154.013,18.5521,24.2989,5,0.7246
1152,154.082,18.0982,24.9248,4,0.7904
1153,154.142,22.0185,24.416,5,0.7306
1154,154.219,15.5952,25.8896,5,0.752
1155,154.277,22.958,25.0158,5,0.7497
1156,154.35,16.7129,25.2869,5,0.7263
1157,154.411,21.3816,25.0251,5,0.738
1158,154.482,17.5599,25.238,5,0.7505
1159,154.544,20.7517,24.2682,5,0.755
1160,154.614,17.5358,24.5299,5,0.7483
1161,154.682,18.4822,24.6119,5,0.7546
1162,154.745,20.566,25.3921,5,0.7479
1163,154.815,17.7699,25.105,5,0.7444
1164,154.884,18.0314,25.2199,5,0.7302
1165,154.94,23.8334,24.2171,5,0.7394
1166,155.016,15.8253,24.1253,5,0.7359
1167,155.077,21.1717,24.822,5,0.7151
1168,155.152,16.354,26.5419,5,0.7262
1169,155.204,26.4215,23.7951,5,0.7278
1170,155.287,14.3918,25.6269,5,0.7245
1171,155.34,25.5207,24.4939,5,0.7336
1172,155.415,16.2209,25.8071,5,0.7309
1173,155.477,20.9816,24.8051,5,0.7166
1174,155.548,17.3627,25.5749,6,0.6751
1175,155.614,19.2323,24.7169,5,0.6938
1176,155.682,18.4203,24.224,4,0.7213
1177,155.745,20.317,25.053,5,0.6597
1178,155.812,18.472,24.7607,4,0.7308
1179,155.883,17.4868,25.702,5,0.6864
1180,155.942,22.6614,25.7852,5,0.7525
1181,156.014,16.9987,25.0511,6,0.7194
1182,156.082,18.4357,25.624,6,0.711
1183,156.143,21.061,24.3073,6,0.7287
1184,156.215,17.3147,24.621,5,0.7859
1185,156.282,18.6578,24.1659,5,0.7531
1186,156.345,20.6317,24.756,5,0.7429
1187,156.418,16.8324,25.6679,5,0.7526
1188,156.479,21.3406,24.8139,6,0.6736
1189,156.548,18.0665,24.6122,6,0.6517
1190,156.615,18.8561,24.4188,5,0.7332
1191,156.684,17.8495,25.1088,5,0.7187
1192,156.74,24.0298,24.437,4,0.7832
1193,156.824,14.27,26.3391,4,0.7761
1194,156.871,29.6568,23.8831,4,0.7861
1195,156.958,13.7393,26.4041,5,0.7129
1196,157.005,29.5878,24.3609,5,0.7496
1197,157.084,15.4619,24.971,5,0.7803
1198,157.143,22.1926,24.776,6,0.727
1199,157.215,16.9409,24.9619,6,0.7604
1200,157.28,19.8098,25.0499,6,0.7554
1201,157.347,18.7948,25.058,6,0.7449
1202,157.414,18.5031,24.6699,6,0.7303
1203,157.483,18.1554,25.558,5,0.8245
1204,157.544,21.0823,24.1508,5,0.8109
1205,157.616,17.1504,25.914,5,0.7817
1206,157.678,20.9489,25.214,5,0.7782
1207,157.745,18.9327,25.8529,5,0.7601
1208,157.816,17.5889,25.0268,5,0.739
1209,157.878,20.6415,24.7371,5,0.7321
1210,157.947,17.8332,25.4529,5,0.727
1211,158.014,18.9919,25.4068,5,0.7087
1212,158.084,17.7509,25.1358,5,0.7233
1213,158.144,21.6788,24.1678,5,0.7394
1214,158.216,17.2167,24.5008,4,0.8385
1215,158.281,19.227,24.379,4,0.8371
1216,158.347,19.3162,24.9028,4,0.8293
1217,158.414,18.6095,24.6911,4,0.8106
1218,158.484,18.017,25.1119,4,0.8087
1219,158.542,22.3298,24.4691,4,0.8092
1220,158.619,15.7579,26.0327,4,0.7923
1221,158.676,23.2402,24.1449,4,0.7973
1222,158.748,17.1286,24.677,4,0.8186
1223,158.811,20.265,24.7581,4,0.7794
1224,158.882,17.5735,24.935,4,0.7863
1225,158.946,19.9621,24.7769,3,0.8905
1226,159.015,17.8862,25.4416,4,0.7677
1227,159.079,19.9848,25.3129,4,0.7804
1228,159.148,18.2865,24.6921,3,0.8899
1229,159.215,18.6126,25.429,3,0.8676
1230,159.279,20.0144,24.4551,3,0.879
1231,159.346,18.6476,23.9189,3,0.9005
1232,159.415,18.2745,24.9131,5,0.7278
1233,159.482,18.8268,24.8652,5,0.7756
1234,159.545,20.2943,24.5171,5,0.7549
1235,159.614,18.0102,24.3449,5,0.7587
1236,159.682,18.3207,24.1539,5,0.7462
1237,159.744,20.7542,24.806,5,0.7608
1238,159.815,17.5322,24.7087,5,0.7752
1239,159.882,18.6257,25.0189,5,0.7739
1240,159.944,21.0859,24.267,5,0.7392
1241,160.013,17.9502,24.441,5,0.7529
1242,160.082,17.9608,24.334,5,0.7264
1243,160.144,20.9065,24.0169,5,0.7416
1244,160.215,17.5276,24.77,5,0.7031
1245,160.283,18.1756,25.332,5,0.6997
1246,160.345,21.0544,25.1639,5,0.6934
1247,160.409,19.7835,26.6902,4,0.7099
1248,160.477,18.7059,25.5072,4,0.7033
1249,160.536,33.9041,24.8678,4,0.7181
1250,160.621,14.1603,33.1581,4,0.7225
1251,160.673,26.3509,30.19,4,0.7325
1252,160.747,16.5224,24.827,3,0.7421
1253,160.814,19.0505,24.07,5,0.5928
1254,160.887,16.7453,26.72,4,0.583
1255,160.945,23.2694,27.9408,5,0.6434
1256,161.016,17.2663,26.058,3,0.7783
1257,161.085,18.1363,26.684,5,0.6385
1258,161.138,25.7493,26.1471,4,0.6872
1259,161.217,15.483,27.4961,4,0.7107
1260,161.284,18.8441,27.359,4,0.6979
1261,161.349,19.7473,27.2319,4,0.736
1262,161.416,18.5891,26.5651,3,0.8124
1263,161.486,17.9665,27.6062,4,0.6748
1264,161.545,22.1593,24.7951,3,0.8083
1265,161.611,19.0629,23.8891,3,0.7463
1266,161.68,18.1304,24.204,4,0.7029
1267,161.745,19.8731,24.7068,4,0.683
1268,161.814,18.1402,24.3778,4,0.7185
1269,161.881,18.5464,24.1289,3,0.7593
1270,161.941,23.6391,22.8539,3,0.7649
1271,162.014,16.7952,22.5682,3,0.7562
1272,162.08,19.1325,23.9789,3,0.6971
1273,162.145,19.5034,23.4239,3,0.6709
1274,162.21,19.6703,23.1309,3,0.6931
1275,162.283,16.9921,23.721,4,0.5781
1276,162.343,21.6732,23.7718,4,0.5883
1277,162.417,16.5832,23.5491,4,0.5735
1278,162.481,20.1394,24.4977,3,0.6048
1279,162.547,19.13,24.5109,4,0.636
1280,162.613,18.9912,25.0428,4,0.5782
1281,162.679,19.5179,25.8832,3,0.6687
1282,162.745,19.2049,26.413,3,0.6882
1283,162.813,18.2561,25.5072,3,0.6724
1284,162.88,18.9627,25.4612,3,0.6809
1285,162.946,19.206,25.564,3,0.6942
1286,163.013,18.9036,25.5818,2,0.7826
1287,163.079,19.16,25.6021,3,0.6312
1288,163.147,18.5891,25.1579,2,0.7849
1289,163.212,19.3585,26.8691,3,0.6551
1290,163.281,18.2835,27.2791,3,0.6385
1291,163.346,19.784,27.4589,2,0.676
1292,163.414,18.3797,27.2882,3,0.6516
1293,163.48,19.3387,25.9261,2,0.7477
1294,163.547,18.6916,25.5222,2,0.7324
1295,163.613,19.2852,25.9178,2,0.711
1296,163.679,19.2352,25.5551,3,0.6402
1297,163.745,19.174,25.908,3,0.639
1298,163.813,18.678,26.149,3,0.6244
1299,163.88,18.774,25.9099,2,0.6852
1300,163.944,20.0152,25.1427,3,0.6095
1301,164.013,18.3459,25.6908,3,0.6133
1302,164.081,18.5552,26.603,3,0.5907
1303,164.149,18.4757,25.5029,2,0.6892
1304,164.21,21.209,25.2309,2,0.7325
1305,164.283,16.9397,23.416,3,0.6371
1306,164.341,22.3259,24.771,3,0.6955
1307,164.417,16.1176,23.737,3,0.648
1308,164.479,20.8612,25.3978,3,0.635
1309,164.548,18.0594,24.6472,3,0.6255
1310,164.611,20.5956,24.7228,3,0.629
1311,164.684,16.8982,25.0719,3,0.6076
1312,164.745,21.3419,24.57,2,0.7657
1313,164.816,17.4617,24.225,2,0.6791
1314,164.883,18.98,27.801,1,0.9382
1315,164.946,20.4003,24.9581,2,0.695
1316,165.017,17.4767,25.408,2,0.6701
1317,165.095,15.4588,24.72,1,0.9357
1318,165.164,18.1934,24.9279,3,0.6088
1319,165.23,19.0814,24.842,1,0.9389
1320,165.297,18.8098,24.235,1,0.9404
1321,165.367,18.0168,25.0039,3,0.665
1322,165.43,20.5351,24.8168,2,0.8539
1323,165.499,18.1494,25.3971,3,0.6916
1324,165.563,19.8102,25.167,3,0.6654
1325,165.633,17.8708,25.3532,3,0.6909
1326,165.698,19.71,26.1161,3,0.6852
1327,165.764,19.3341,24.2712,2,0.8082
1328,165.829,19.3431,26.0339,2,0.803
1329,165.896,18.9222,27.0748,2,0.8167
1330,165.964,18.3648,26.7789,2,0.7282
1331,166.031,19.1696,27.8149,2,0.7535
1332,166.098,18.9096,27.5941,2,0.7599
1333,166.164,19.2633,27.1139,2,0.7436
1334,166.232,18.5667,27.9377,2,0.7672
1335,166.296,19.7142,26.1419,2,0.7726
1336,166.361,19.6302,26.4962,3,0.6196
1337,166.433,17.2375,27.1349,2,0.6867
1338,166.497,20.0345,26.787,2,0.7476
1339,166.563,19.3207,26.3479,2,0.6709
1340,166.63,18.9345,25.8999,3,0.5892
1341,166.696,19.4276,26.0761,3,0.6305
1342,166.763,18.5898,25.938,3,0.6596
1343,166.83,18.9365,25.8348,3,0.7368
1344,166.896,19.3334,25.738,3,0.6975
1345,166.964,18.5141,24.7827,3,0.827
1346,167.032,18.489,25.672,3,0.8209
1347,167.098,18.9987,24.3001,3,0.7941
1348,167.165,18.9376,24.3258,3,0.8314
1349,167.229,20.1911,24.7238,3,0.8401
1350,167.301,17.2399,23.9551,3,0.8207
1351,167.363,20.8254,24.4217,5,0.6988
1352,167.434,17.6103,24.966,5,0.6476
1353,167.496,20.6616,25.2469,3,0.772
1354,167.566,17.9318,24.6429,5,0.6678
1355,167.63,20.0941,25.4393,5,0.7123
1356,167.7,17.8048,25.1141,5,0.7342
1357,167.764,20.0557,25.0101,5,0.75
1358,167.833,17.9545,24.7447,4,0.7623
1359,167.889,23.932,30.5011,4,0.6508
1360,167.962,16.8183,24.0951,4,0.6243
1361,168.031,18.1749,26.8509,3,0.7149
1362,168.096,19.4663,25.6913,4,0.6059
1363,168.163,18.8186,25.363,3,0.6864
1364,168.232,18.0808,26.1331,3,0.7107
1365,168.298,19.1564,24.5378,3,0.749
1366,168.363,19.75,24.4272,3,0.7199
1367,168.43,18.7049,24.683,3,0.7326
1368,168.499,18.065,24.838,3,0.7254
1369,168.556,22.9715,23.515,3,0.7254
1370,168.64,14.2183,29.3341,5,0.6892
1371,168.685,31.8702,25.8808,5,0.6997
1372,168.751,19.2681,24.9531,5,0.6618
1373,168.826,16.3169,23.531,5,0.6894
1374,168.899,16.7853,23.5679,5,0.689
1375,168.961,20.4595,24.6441,5,0.6745
1376,169.034,16.9672,25.2762,5,0.6823
1377,169.094,21.7388,24.092,5,0.691
1378,169.16,18.9089,24.9791,5,0.6806
1379,169.237,15.9357,27.4818,5,0.7095
1380,169.294,23.388,25.1529,5,0.7315
1381,169.367,16.9142,26.2263,5,0.7192
1382,169.424,22.9426,26.2809,7,0.6794
1383,169.495,17.5537,25.8281,7,0.6567
1384,169.558,20.0869,24.945,6,0.645
1385,169.629,17.5094,25.9552,6,0.63
1386,169.692,20.1374,23.2811,4,0.6775
1387,169.767,16.5937,24.6019,5,0.5996
1388,169.828,21.2396,25.4459,4,0.6826
1389,169.892,19.9093,25.346,4,0.6843
1390,169.965,16.8603,24.9569,4,0.7024
1391,170.029,19.7652,25.9602,5,0.651
1392,170.096,18.8972,25.9199,3,0.7441
1393,170.163,18.7564,26.8569,4,0.6877
1394,170.228,19.6796,28.3778,3,0.7921
1395,170.299,17.6236,27.3347,4,0.7028
1396,170.362,20.324,26.1559,3,0.816
1397,170.43,18.4336,25.8751,4,0.7171
1398,170.496,19.1011,25.4881,3,0.7915
1399,170.566,17.7345,25.368,4,0.6997
1400,170.631,19.8709,26.2032,4,0.7166
1401,170.697,18.809,25.383,4,0.7147
1402,170.765,18.5025,25.044,4,0.744
1403,170.832,18.8573,25.4171,4,0.7274
1404,170.895,20.2769,25.249,4,0.7036
1405,170.96,19.4408,25.7392,4,0.7172
1406,171.029,18.2,25.708,4,0.6544
1407,171.091,20.8174,23.8447,4,0.7249
1408,171.171,15.1012,25.527,4,0.6972
1409,171.225,25.0809,23.8023,4,0.7262
1410,171.298,16.8865,24.7641,4,0.7261
1411,171.364,18.8676,25.768,4,0.7332
1412,171.429,19.5228,26.0558,4,0.7462
1413,171.493,20.2615,25.2552,4,0.7293
1414,171.569,15.8856,25.001,4,0.7422
1415,171.628,22.4049,25.3849,4,0.7451
1416,171.698,17.6069,24.3599,4,0.7464
1417,171.766,18.5608,24.997,4,0.7272
1418,171.829,20.4688,25.5291,4,0.7161
1419,171.897,18.3386,25.105,4,0.7094
1420,171.964,18.7543,25.1591,4,0.7012
1421,172.034,17.6988,25.635,4,0.7248
1422,172.094,21.979,24.6062,4,0.7178
1423,172.174,15.0877,26.6414,4,0.7243
1424,172.224,27.3269,23.6988,4,0.6948
1425,172.303,15.5142,25.0046,4,0.6009
1426,172.36,23.1156,24.8282,3,0.637
1427,172.43,17.6053,24.488,3,0.7129
1428,172.496,19.156,24.7538,3,0.7615
1429,172.563,18.8373,24.7939,3,0.745
1430,172.632,18.1215,25.2521,3,0.736
1431,172.697,19.5768,25.6131,4,0.6826
1432,172.768,17.5076,26.3419,4,0.6761
1433,172.83,20.7228,25.5799,3,0.7315
1434,172.898,18.5936,24.21,3,0.741
1435,172.966,18.3304,25.111,3,0.7332
1436,173.031,19.6036,25.0871,3,0.7742
1437,173.1,17.6894,24.9474,3,0.8094
1438,173.163,20.5645,24.945,3,0.7733
1439,173.236,16.9107,25.6951,3,0.7665
1440,173.294,22.3419,24.838,3,0.7674
1441,173.369,16.5417,24.914,3,0.7592
1442,173.43,21.2996,24.8878,3,0.7467
1443,173.498,18.3756,25.1651,3,0.6608
1444,173.564,19.068,24.3521,3,0.6688
1445,173.632,18.3167,25.347,3,0.7
1446,173.694,20.7745,24.5249,3,0.7493
1447,173.769,16.455,25.6712,3,0.7659
1448,173.83,21.1376,25.2438,3,0.7789
1449,173.901,17.4618,25.3761,3,0.768
1450,173.967,19.0005,24.26,3,0.7838
1451,174.029,20.935,24.3921,4,0.6402
1452,174.1,17.6199,24.6999,4,0.6476
1453,174.165,19.283,24.8823,3,0.8336
1454,174.231,19.1596,25.0549,2,0.9236
1455,174.298,18.841,24.9693,2,0.9327
1456,174.367,18.1389,24.8921,3,0.852
1457,174.43,20.1001,24.8272,3,0.8659
1458,174.5,17.8176,25.7049,4,0.7083
1459,174.561,21.191,24.94,3,0.8946
1460,174.635,16.5423,25.5618,3,0.9021
1461,174.695,21.846,25.533,3,0.8556
1462,174.767,17.2287,25.0812,4,0.806
1463,174.829,20.7087,25.2068,4,0.6286
1464,174.9,17.6342,25.8269,5,0.5969
1465,174.964,19.6594,24.8699,3,0.7911
1466,175.031,18.9556,25.5451,2,0.8779
1467,175.098,18.5663,24.7388,2,0.8975
1468,175.165,18.802,24.8539,2,0.9316
1469,175.23,19.5557,25.2738,2,0.9148
1470,175.298,18.6564,24.7774,2,0.9225
1471,175.363,19.3465,24.3788,2,0.9342
1472,175.433,17.7608,24.8759,2,0.9198
1473,175.497,19.9096,24.488,2,0.8883
1474,175.567,17.8095,24.4029,2,0.8456
1475,175.631,19.8775,24.4851,3,0.6533
1476,175.698,18.7442,25.197,2,0.8007
1477,175.767,17.9411,25.0239,2,0.8246
1478,175.828,21.5597,24.8289,2,0.8257
1479,175.899,17.3705,26.4173,2,0.8253
1480,175.958,21.7974,24.1253,2,0.8283
1481,176.028,17.7472,24.3897,3,0.7131
1482,176.09,20.7298,24.6661,2,0.8263
1483,176.16,17.8939,25.1489,3,0.7413
1484,176.232,17.1922,24.6789,3,0.7443
1485,176.295,20.2298,24.5051,3,0.7001
1486,176.362,18.6324,24.5547,3,0.7085
1487,176.429,18.9043,25.1749,3,0.7161
1488,176.495,18.9183,25.4259,2,0.8309
1489,176.567,17.1321,26.299,2,0.8295
1490,176.631,20.0791,25.7099,3,0.6968
1491,176.699,18.5781,25.4362,2,0.8205
1492,176.767,18.3049,25.934,2,0.835
1493,176.83,20.1536,26.3209,2,0.8357
1494,176.894,19.933,25.974,2,0.8368
1495,176.962,18.4519,26.078,2,0.8326
1496,177.026,19.9096,25.054,2,0.8303
1497,177.094,18.2432,24.5061,2,0.8383
1498,177.165,17.4996,24.5049,3,0.697
1499,177.233,18.3827,24.8258,3,0.778
1500,177.294,21.0487,24.8699,3,0.8042
1501,177.37,16.183,25.6748,3,0.8181
1502,177.425,24.1236,25.0239,3,0.8312
1503,177.494,18.2545,25.295,3,0.8334
1504,177.562,18.2182,24.4861,3,0.8342
1505,177.628,19.0213,25.2984,3,0.8497
1506,177.698,17.9272,25.6171,3,0.8504
1507,177.767,18.1169,24.7061,3,0.8351
1508,177.83,20.1612,26.0479,3,0.8335
1509,177.897,18.7214,25.84,3,0.8161
1510,177.96,20.4566,25.214,3,0.825
1511,178.028,18.3976,24.7653,3,0.8097
1512,178.099,17.5818,24.1938,3,0.8127
1513,178.164,19.199,24.2531,3,0.809
1514,178.233,17.7709,25.5342,3,0.8146
1515,178.298,19.7341,24.6022,3,0.8162
1516,178.366,18.0222,25.0192,3,0.8073
1517,178.433,18.7892,25.4719,3,0.8077
1518,178.5,18.8129,25.4409,3,0.8159
1519,178.559,21.8832,25.4512,3,0.8069
1520,178.626,18.5439,24.2031,3,0.805
1521,178.696,17.9647,24.564,3,0.7956
1522,178.765,18.0854,24.4758,3,0.7683
1523,178.83,19.3132,24.929,3,0.7694
1524,178.898,18.6108,24.2863,3,0.7793
1525,178.966,18.3736,24.919,3,0.7907
1526,179.031,19.3054,25.599,3,0.7855
1527,179.099,18.646,25.1331,3,0.7888
1528,179.167,18.1508,25.6481,3,0.7856
1529,179.229,20.9003,24.343,3,0.7779
1530,179.297,18.3935,25.6829,3,0.7887
1531,179.364,18.9347,25.1563,3,0.7951
1532,179.428,19.6371,25.2862,3,0.796
1533,179.497,18.2836,25.3091,3,0.7793
1534,179.561,19.5696,25.188,3,0.79
1535,179.629,18.499,24.8158,3,0.7985
1536,179.696,18.8027,25.4529,3,0.7645
1537,179.765,18.1133,25.737,3,0.7661
1538,179.829,20.0308,25.6209,3,0.7809
1539,179.899,17.7528,25.5802,3,0.7833
1540,179.962,20.591,25.1758,3,0.7685
1541,180.033,17.3551,25.6472,3,0.7633
1542,180.097,19.9664,26.2911,4,0.687
1543,180.163,18.8975,25.434,4,0.7069
1544,180.23,18.7522,26.511,4,0.7312
1545,180.295,19.5836,26.0689,4,0.7379
1546,180.366,17.5144,26.571,4,0.7019
1547,180.429,20.0702,25.629,4,0.6621
1548,180.497,18.3746,27.3831,3,0.7407
1549,180.563,19.4145,27.0698,3,0.7349
1550,180.635,17.1283,27.9527,4,0.6334
1551,180.697,20.7737,25.9402,4,0.6513
1552,180.767,17.4963,27.1559,4,0.6862
1553,180.836,18.0473,27.123,4,0.728
1554,180.898,20.7069,26.5203,4,0.7239
1555,180.969,17.4789,26.9628,4,0.6924
1556,181.033,20.3554,26.335,4,0.7051
1557,181.1,18.8008,25.5589,4,0.7637
1558,181.165,19.2694,25.2271,4,0.7846
1559,181.231,19.3143,25.0268,4,0.7463
1560,181.3,18.1159,25.229,4,0.7192
1561,181.365,19.4958,24.7517,4,0.7326
1562,181.432,18.6356,24.8668,4,0.7182
1563,181.495,20.4557,24.411,4,0.694
1564,181.565,17.597,25.4784,3,0.7794
1565,181.627,20.6168,25.3489,3,0.7678
1566,181.698,17.4495,25.691,3,0.7648
1567,181.763,19.7368,25.5451,3,0.7317
1568,181.828,19.4145,25.7578,4,0.6919
1569,181.9,17.1063,25.8718,3,0.7938
1570,181.964,19.9037,25.8958,3,0.8016
1571,182.03,19.2145,25.5208,3,0.7949
1572,182.098,18.4428,26.041,4,0.698
1573,182.159,21.0304,25.1541,3,0.7578
1574,182.233,16.6025,26.7498,4,0.7108
1575,182.296,20.284,26.4299,4,0.6802
1576,182.364,18.2555,26.613,4,0.6827
1577,182.431,18.8797,26.9361,4,0.7003
1578,182.498,18.7196,26.4759,4,0.6851
1579,182.564,19.2946,26.211,4,0.6724
1580,182.627,20.3298,25.672,4,0.6683
1581,182.699,17.155,26.7889,3,0.7518
1582,182.769,17.8505,25.7132,4,0.6668
1583,182.832,20.2561,25.6429,3,0.7583
1584,182.899,18.8723,24.6139,3,0.7731
1585,182.965,18.9362,25.2149,3,0.7744
1586,183.028,20.3803,24.473,3,0.7759
1587,183.097,18.3382,24.9109,3,0.7671
1588,183.164,18.5577,26.2089,3,0.7618
1589,183.231,18.9476,25.9752,3,0.7652
1590,183.296,19.4451,25.3708,3,0.7722
1591,183.366,17.5614,26.4201,3,0.7757
1592,183.43,20.002,26.2227,3,0.7835
1593,183.497,18.8992,26.7479,4,0.6882
1594,183.566,18.0734,27.04,3,0.7751
1595,183.632,18.9011,27.2179,3,0.795
1596,183.698,19.3907,26.3999,3,0.7818
1597,183.765,18.3295,27.916,3,0.7859
1598,183.837,17.133,27.9779,3,0.7804
1599,183.9,20.5411,26.3059,3,0.7767
1600,183.969,18.1657,26.5939,3,0.773
1601,184.03,20.9771,25.6269,3,0.7585
1602,184.102,17.2114,25.228,3,0.76
1603,184.161,22.3515,24.7262,3,0.7588
1604,184.231,17.7235,24.5628,3,0.7671
1605,184.294,20.2019,24.8961,3,0.7825
1606,184.365,17.4428,25.4748,3,0.7977
1607,184.429,20.0176,25.2352,3,0.7891
1608,184.497,18.2875,25.151,3,0.7737
1609,184.563,19.2226,25.666,3,0.7608
1610,184.636,16.8788,27.0457,3,0.7731
1611,184.701,19.2323,26.0108,3,0.7707
1612,184.765,20.0188,24.7402,3,0.7999
1613,184.834,18.0535,25.959,3,0.7775
1614,184.896,20.8555,25.5499,3,0.7571
1615,184.962,19.1176,25.3799,3,0.7503
1616,185.032,17.5787,25.1141,3,0.774
1617,185.091,22.2324,23.6008,2,0.8253
1618,185.164,16.885,23.8831,3,0.6948
1619,185.229,19.3087,24.363,2,0.8285
1620,185.291,21.0318,23.7639,3,0.7198
1621,185.364,16.69,24.3418,3,0.688
1622,185.428,19.7981,23.6888,2,0.8408
1623,185.501,16.9756,25.5549,2,0.832
1624,185.565,20.0675,24.1668,2,0.8329
1625,185.635,17.7566,25.5187,2,0.8353
1626,185.697,20.2534,25.1389,2,0.8363
1627,185.768,17.4313,25.3608,2,0.8376
1628,185.825,23.2775,23.665,2,0.8423
1629,185.895,17.7302,24.1952,2,0.8467
1630,185.965,17.6944,25.697,2,0.8505
1631,186.023,22.52,24.7157,2,0.8546
1632,186.099,16.0151,24.601,2,0.8473
1633,186.162,20.4149,24.493,2,0.8464
1634,186.237,16.3451,25.7871,2,0.8377
1635,186.297,21.48,24.8849,2,0.8322
1636,186.37,16.9944,24.8721,2,0.8295
1637,186.431,20.9035,24.7061,2,0.834
1638,186.502,17.6332,25.8167,2,0.8387
1639,186.565,20.2236,24.9779,2,0.8408
1640,186.632,18.7283,25.4381,2,0.8328
1641,186.698,19.0448,24.9562,2,0.833
1642,186.763,19.7091,25.0762,2,0.831
1643,186.833,17.7885,25.61,2,0.8086
1644,186.896,19.9091,24.6637,3,0.6952
1645,186.967,17.6622,24.601,3,0.6988
1646,187.031,19.6855,24.6961,3,0.6671
1647,187.099,18.4854,25.203,3,0.6599
1648,187.161,20.4969,25.3942,3,0.6678
1649,187.236,16.3958,27.7591,3,0.6611
1650,187.287,27.2066,25.7812,3,0.6521
1651,187.353,19.0617,24.9128,3,0.6404
1652,187.42,18.5756,26.125,3,0.6531
1653,187.486,18.88,25.1961,3,0.6218
1654,187.554,18.5836,25.4912,3,0.6339
1655,187.628,16.6458,24.3592,3,0.6455
1656,187.695,18.7571,23.5128,3,0.6936
1657,187.766,17.4125,24.8027,3,0.7101
1658,187.831,19.4545,26.2239,3,0.7602
1659,187.897,19.003,25.372,3,0.7458
1660,187.966,18.218,25.8081,3,0.7373
1661,188.032,19.1077,26.217,3,0.7182
1662,188.098,19.3184,24.9069,3,0.7673
1663,188.163,19.3854,26.726,4,0.701
1664,188.229,19.1658,25.6569,4,0.7316
1665,188.294,19.6144,26.1099,3,0.7634
1666,188.365,17.4201,25.8582,3,0.7316
1667,188.431,19.1208,27.4959,3,0.7893
1668,188.496,19.4685,25.5351,3,0.8362
1669,188.565,18.134,27.4692,3,0.765
1670,188.63,19.5117,27.338,2,0.8895
1671,188.694,19.7384,26.886,3,0.8009
1672,188.762,18.5278,26.3841,3,0.8177
1673,188.826,20.09,25.2743,3,0.8461
1674,188.895,18.0524,24.4629,3,0.8669
1675,188.962,18.6491,24.704,3,0.8815
1676,189.033,17.4792,26.808,3,0.8802
1677,189.094,21.3593,25.8298,3,0.8831
1678,189.16,18.9535,26.196,3,0.8887
1679,189.234,16.5347,27.159,3,0.8782
1680,189.292,22.5291,25.5411,3,0.8652
1681,189.366,16.6108,25.2881,3,0.8659
1682,189.428,20.9868,24.8342,3,0.8639
1683,189.5,16.9852,25.9831,3,0.8649
1684,189.565,19.4974,24.7908,3,0.8724
1685,189.631,19.1051,24.828,3,0.8776
1686,189.7,18.2666,28.9729,3,0.8957
1687,189.753,25.173,24.2162,3,0.8896
1688,189.83,15.7928,24.3006,3,0.8871
1689,189.899,18.3086,25.5089,3,0.883
1690,189.963,19.9136,24.4851,3,0.8932
1691,190.04,15.6707,25.8219,3,0.8735
1692,190.095,24.5663,24.5631,3,0.8846
1693,190.166,17.2518,24.6418,3,0.865
1694,190.229,20.4679,25.5103,3,0.7943
1695,190.302,16.8788,25.208,2,0.9185
1696,190.362,21.5151,25.0342,3,0.7562
1697,190.436,16.8328,26.2091,3,0.752
1698,190.498,20.946,25.238,5,0.6996
1699,190.564,19.0408,25.5611,4,0.7638
1700,190.636,17.316,25.8129,5,0.657
1701,190.698,20.8446,25.81,4,0.7268
1702,190.768,17.6613,25.969,4,0.7216
1703,190.834,19.1846,26.732,4,0.744
1704,190.9,19.3641,26.2761,3,0.8114
1705,190.965,19.4973,26.963,3,0.8163
1706,191.037,17.2494,27.874,4,0.7672
1707,191.095,22.9537,26.0179,4,0.8291
1708,191.167,17.4064,25.2507,4,0.8307
1709,191.225,22.3693,26.1669,4,0.7914
1710,191.302,15.7816,25.7089,4,0.8247
1711,191.361,22.4486,25.6488,3,0.8712
1712,191.434,16.8168,24.5571,3,0.8891
1713,191.498,20.0024,23.9241,3,0.8941
1714,191.566,18.4726,23.0789,3,0.9007
1715,191.629,20.4728,24.1482,3,0.9058
1716,191.701,16.9869,24.533,3,0.889
1717,191.764,20.4623,25.2881,4,0.6874
1718,191.833,18.3248,26.957,4,0.7221
1719,191.898,19.4291,25.9228,3,0.8182
1720,191.968,17.7822,26.248,3,0.8269
1721,192.034,19.205,26.4699,4,0.7357
1722,192.1,19.1193,25.2731,4,0.7314
1723,192.166,19.1465,26.3669,4,0.7376
1724,192.237,17.6803,28.2698,4,0.7291
1725,192.299,20.806,28.348,4,0.7409
1726,192.369,17.8339,27.0271,4,0.7471
1727,192.434,19.5614,27.2691,3,0.8197
1728,192.507,16.8424,30.6051,4,0.7355
1729,192.565,23.0778,29.3381,4,0.7107
1730,192.637,17.3446,28.904,4,0.7469
1731,192.7,20.424,27.7052,4,0.7475
1732,192.767,18.8253,25.9962,4,0.755
1733,192.833,19.2797,26.2368,4,0.7441
1734,192.899,19.0886,27.1592,4,0.7468
1735,192.968,18.3127,26.6719,4,0.7271
1736,193.034,19.1466,27.18,5,0.6579
1737,193.101,18.7565,25.9111,4,0.7264
1738,193.166,19.6425,26.2651,3,0.8149
1739,193.235,18.2659,26.391,3,0.807
1740,193.301,18.9664,28.084,3,0.7979
1741,193.366,19.6009,26.449,3,0.8013
1742,193.435,18.4643,26.649,3,0.81
1743,193.5,19.6017,26.283,3,0.8163
1744,193.566,18.9569,25.0082,3,0.8158
1745,193.632,19.5634,26.6361,4,0.7216
1746,193.699,18.5635,26.3219,4,0.7306
1747,193.768,18.2418,26.8416,4,0.7228
1748,193.836,18.7931,29.4168,3,0.8135
1749,193.901,19.439,27.1742,4,0.7197
1750,193.969,18.6786,28.6047,4,0.7249
1751,194.027,22.3384,29.7799,5,0.6645
1752,194.091,20.1097,25.4459,4,0.731
1753,194.163,17.3252,26.0551,4,0.7295
1754,194.233,17.9102,26.017,3,0.8087
1755,194.3,18.6438,26.9449,3,0.8414
1756,194.366,19.2427,27.1533,3,0.8502
1757,194.432,18.992,26.5951,3,0.8393
1758,194.498,19.1549,27.03,3,0.8365
1759,194.565,18.6818,26.2911,3,0.827
1760,194.631,19.1887,27.7202,4,0.7305
1761,194.701,18.0294,27.854,5,0.6784
1762,194.762,20.8691,25.985,5,0.6926
1763,194.832,17.9598,25.9962,5,0.7036
1764,194.899,18.7624,28.5172,5,0.7038
1765,194.966,18.9054,26.9558,5,0.7008
1766,195.03,19.9057,25.7699,5,0.7033
1767,195.1,17.8342,26.9094,5,0.6857
1768,195.167,18.5877,26.2032,5,0.6866
1769,195.231,20.2126,26.5229,5,0.6918
1770,195.296,19.2534,32.2592,5,0.6862
1771,195.365,18.0489,27.9617,5,0.6988
1772,195.431,19.3833,28.6751,5,0.6881
1773,195.496,19.4523,27.797,4,0.7433
1774,195.564,18.3365,28.7929,5,0.6747
1775,195.631,18.9909,27.0021,5,0.6888
1776,195.693,20.338,28.1088,5,0.6885
1777,195.766,17.1822,25.6319,5,0.6909
1778,195.831,19.4235,26.427,5,0.6893
1779,195.898,18.8051,26.9451,5,0.6952
1780,195.967,17.9528,26.2687,5,0.693
1781,196.033,18.8797,27.9272,5,0.694
1782,196.101,18.5732,28.6801,5,0.6933
1783,196.168,19.213,28.2633,5,0.6854
1784,196.24,16.9802,32.5272,4,0.7271
1785,196.303,20.8498,31.904,4,0.7124
1786,196.371,18.5107,30.7679,3,0.8164
1787,196.441,18.0989,32.8209,3,0.8073
1788,196.502,21.4746,32.6982,4,0.7083
1789,196.574,17.3871,31.8551,4,0.7188
1790,196.638,20.2326,32.2702,4,0.7119
1791,196.703,19.8503,32.8991,3,0.8085
1792,196.77,18.9765,30.7772,3,0.8036
1793,196.842,17.3689,33.9711,4,0.7093
1794,196.904,31.5349,30.5858,4,0.7211
1795,196.963,22.999,29.3562,5,0.6607
1796,197.037,16.6409,29.6452,5,0.6931
1797,197.101,21.8632,30.9503,5,0.6736
1798,197.164,20.3638,30.6199,4,0.7284
1799,197.23,19.3248,29.942,4,0.7163
1800,197.303,17.0005,29.7701,3,0.8103
1801,197.366,22.178,28.136,3,0.8019
1802,197.433,18.6664,28.5976,3,0.8121
1803,197.5,18.89,30.0531,3,0.8019
1804,197.565,19.7144,28.5702,3,0.8083
1805,197.633,18.442,27.9491,3,0.8021
1806,197.703,17.9251,32.8021,4,0.7206
1807,197.768,19.8646,31.2841,3,0.8035
1808,197.835,18.8812,29.2921,4,0.7228
1809,197.903,18.5738,28.7158,4,0.7155
1810,197.971,18.7266,28.0051,4,0.7489
1811,198.036,19.6298,27.9031,3,0.8147
1812,198.105,17.9121,28.0209,3,0.8147
1813,198.165,22.0405,27.983,4,0.7164
1814,198.23,19.4066,28.383,3,0.8228
1815,198.305,16.3768,29.2778,3,0.8229
1816,198.366,21.6482,26.911,3,0.8179
1817,198.438,17.0893,28.0068,3,0.8185
1818,198.502,20.0164,26.8641,3,0.8126
1819,198.565,20.4302,26.0487,4,0.7033
1820,198.634,17.9749,25.3139,3,0.7998
1821,198.7,19.3539,26.1219,3,0.8086
1822,198.766,18.9823,25.5811,3,0.8025
1823,198.831,19.4303,26.9401,3,0.8082
1824,198.9,18.0493,25.075,3,0.8069
1825,198.966,19.3919,25.7323,3,0.8154
1826,199.032,19.0429,25.5189,3,0.8
1827,199.097,19.4033,25.625,3,0.8105
1828,199.168,17.6432,25.0361,3,0.7983
1829,199.233,19.5491,26.7041,5,0.6679
1830,199.302,17.9502,27.9181,5,0.7128
1831,199.366,20.0515,26.803,5,0.7099
1832,199.438,17.1022,27.951,5,0.7023
1833,199.497,21.7562,26.9289,5,0.6972
1834,199.57,17.0849,26.185,5,0.6897
1835,199.633,20.1983,25.5001,5,0.7077
1836,199.703,17.5896,26.401,5,0.7013
1837,199.767,20.1499,26.4881,5,0.6997
1838,199.806,39.4866,23.834,5,0.7045
1839,199.893,13.5437,27.0789,5,0.7139
1840,199.94,30.3777,24.0221,5,0.7018
1841,200.024,14.061,26.9532,5,0.7003
1842,200.079,24.5718,25.7142,5,0.6978
1843,200.152,16.7692,24.2219,5,0.6953
1844,200.214,20.6308,26.6812,6,0.663
1845,200.287,16.8237,26.6302,6,0.6816
1846,200.348,21.2757,27.9207,6,0.7041
1847,200.419,17.4575,26.5219,6,0.7132
1848,200.486,18.8259,27.4129,6,0.7137
1849,200.547,21.3931,26.777,6,0.7142
1850,200.621,16.6839,26.3019,6,0.7203
1851,200.683,20.8673,27.0171,6,0.7098
1852,200.754,17.2215,26.5763,6,0.7292
1853,200.816,20.8361,26.4258,6,0.7364
1854,200.883,18.7185,24.4901,6,0.7359
1855,200.952,18.072,25.4982,6,0.736
1856,201.018,19.3715,26.0799,6,0.7412
1857,201.083,19.2241,25.9471,6,0.7369
1858,201.152,18.1012,25.7711,6,0.7327
1859,201.22,18.5353,25.5318,6,0.7503
1860,201.284,19.7001,24.971,6,0.7327
1861,201.35,19.1865,25.5928,6,0.7311
1862,201.414,19.7477,24.6208,6,0.7219
1863,201.487,16.8087,24.904,6,0.7223
1864,201.546,22.1435,25.9411,6,0.7295
1865,201.62,16.7023,25.1069,6,0.7497
1866,201.683,20.0827,25.598,6,0.7157
1867,201.753,17.9016,25.6498,6,0.7017
1868,201.817,20.018,25.1021,6,0.6916
1869,201.884,18.5673,25.3091,6,0.6763
1870,201.948,19.8523,25.0797,5,0.7247
1871,202.021,16.9371,26.9482,4,0.7989
1872,202.083,20.8842,26.6519,5,0.7188
1873,202.155,16.8062,27.4022,5,0.7105
1874,202.217,20.9939,26.1908,4,0.7857
1875,202.283,18.8116,26.6869,4,0.7917
1876,202.351,18.7554,25.7852,4,0.7945
1877,202.42,17.9947,25.753,4,0.7941
1878,202.483,20.1064,25.723,4,0.7835
1879,202.55,19.0593,25.4638,4,0.7829
1880,202.626,15.8965,26.8481,4,0.7783
1881,202.682,24.0901,26.0839,4,0.7805
1882,202.753,17.1611,25.1639,4,0.7932
1883,202.816,20.2659,25.676,4,0.8028
1884,202.888,17.3536,27.3502,4,0.7263
1885,202.945,23.0916,25.3341,4,0.7626
1886,203.021,16.0775,24.1158,4,0.7701
1887,203.083,21.0217,24.343,4,0.7735
1888,203.152,17.8308,24.3301,4,0.7877
1889,203.217,19.7523,24.6608,4,0.7644
1890,203.289,17.0646,25.985,5,0.7238
1891,203.347,22.7026,24.4517,5,0.7065
1892,203.42,16.8497,24.766,5,0.7137
1893,203.483,20.4331,25.3258,5,0.71
1894,203.555,17.0299,25.5141,5,0.729
1895,203.615,22.0658,24.7641,5,0.7161
1896,203.687,16.9445,24.821,5,0.7001
1897,203.75,20.1877,25.017,5,0.698
1898,203.821,17.6684,24.8578,5,0.6806
1899,203.886,19.5744,25.089,4,0.7538
1900,203.949,20.1281,25.2481,4,0.7573
1901,204.018,18.0323,25.986,5,0.7207
1902,204.088,17.7372,25.7518,4,0.7595
1903,204.148,21.8055,25.8551,5,0.6824
1904,204.22,17.2512,24.3752,4,0.6868
1905,204.287,18.8597,25.8608,4,0.6411
1906,204.351,20.0425,25.207,3,0.7421
1907,204.419,18.2212,24.8351,2,0.8668
1908,204.483,19.7926,25.692,2,0.8739
1909,204.555,17.1512,26.485,2,0.8634
1910,204.616,21.4253,26.216,2,0.8691
1911,204.691,16.3217,27.864,3,0.7145
1912,204.746,24.4237,26.0279,3,0.7157
1913,204.821,16.4932,25.804,2,0.8656
1914,204.887,19.1582,25.0502,3,0.7153
1915,204.948,21.0696,25.8842,3,0.812
1916,205.022,16.6683,25.7821,3,0.7829
1917,205.084,20.6525,25.3282,4,0.6966
1918,205.154,17.7753,26.3031,4,0.7011
1919,205.213,22.4417,24.1401,4,0.7376
1920,205.294,14.7689,26.37,3,0.7318
1921,205.346,25.9873,25.903,4,0.6642
1922,205.419,16.9877,25.5129,5,0.6301
1923,205.486,18.8441,25.454,5,0.6632
1924,205.547,20.7404,24.9209,4,0.7051
1925,205.624,16.0475,25.4369,4,0.7848
1926,205.682,22.4633,25.2211,4,0.8109
1927,205.753,17.5703,24.5831,4,0.765
1928,205.819,18.819,25.1498,4,0.8245
1929,205.885,19.351,24.2362,4,0.8587
1930,205.953,18.3857,24.8342,4,0.8925
1931,206.02,18.6525,25.2788,4,0.8527
1932,206.086,19.2068,24.6999,3,0.8832
1933,206.154,18.4625,25.7189,4,0.781
1934,206.22,19.1153,25.25,6,0.6809
1935,206.287,18.785,25.7978,5,0.725
1936,206.352,19.5172,24.857,5,0.7088
1937,206.411,21.8755,24.5528,3,0.8323
1938,206.491,15.1227,25.66,4,0.7242
1939,206.545,24.8837,24.8358,4,0.7271
1940,206.62,16.2634,25.1679,5,0.6994
1941,206.684,19.84,24.1468,4,0.7535
1942,206.753,18.2605,24.8799,5,0.7001
1943,206.82,18.4081,25.974,4,0.7641
1944,206.885,19.6994,24.739,4,0.7654
1945,206.954,17.9572,25.43,4,0.7578
1946,207.017,20.3128,25.2619,5,0.6892
1947,207.089,17.2774,25.7831,5,0.6878
1948,207.151,20.6949,25.5508,4,0.7374
1949,207.22,17.9914,25.3129,3,0.8377
1950,207.284,20.1666,25.408,4,0.7526
1951,207.354,17.6881,26.191,4,0.7604
1952,207.417,20.4357,25.9788,5,0.6978
1953,207.489,17.0375,25.2528,4,0.7798
1954,207.549,22.0408,24.8787,5,0.7116
1955,207.621,16.9455,24.9832,5,0.7161
1956,207.685,19.8066,25.0571,5,0.6756
1957,207.754,18.1074,25.3768,5,0.6942
1958,207.815,21.5764,24.5328,5,0.6596
1959,207.892,15.5795,25.5692,5,0.6906
1960,207.945,25.7897,24.6489,5,0.6906
1961,208.02,16.2856,25.3649,5,0.7036
1962,208.089,18.2142,25.0571,4,0.753
1963,208.148,22.2124,24.2548,6,0.6582
1964,208.225,15.6577,26.335,5,0.7005
1965,208.282,23.5476,25.013,5,0.7042
1966,208.354,17.1689,25.167,5,0.7108
1967,208.421,18.6026,24.971,5,0.6825
1968,208.484,20.1918,24.8032,5,0.6999
1969,208.553,18.3248,24.56,5,0.6711
1970,208.62,18.6713,24.4241,5,0.7238
1971,208.683,20.2367,24.2941,5,0.6731
1972,208.751,18.6959,24.544,5,0.7152
1973,208.82,18.0475,24.909,5,0.6687
1974,208.886,18.9336,25.6829,5,0.7075
1975,208.952,19.2508,25.3162,5,0.6845
1976,209.022,17.6694,26.0658,5,0.7148
1977,209.084,20.7804,25.8908,4,0.7575
1978,209.155,17.511,25.9192,4,0.789
1979,209.218,20.2234,25.7819,5,0.6918
1980,209.29,17.2852,26.0918,5,0.716
1981,209.349,21.9815,25.5969,4,0.7963
1982,209.42,17.5549,24.9641,4,0.7606
1983,209.488,18.3561,25.1789,5,0.7319
1984,209.552,19.8293,25.0452,5,0.7043
1985,209.619,18.792,25.0909,4,0.7983
1986,209.686,18.6414,24.9479,4,0.7689
1987,209.754,18.6911,24.7207,4,0.7891
1988,209.816,20.5936,24.6141,4,0.7319
1989,209.885,18.0672,25.4481,4,0.7759
1990,209.93,32.0614,24.3678,5,0.7047
1991,210.004,16.5055,24.1258,5,0.7191
1992,210.07,18.9315,25.0111,4,0.8097
1993,210.136,19.2845,25.1682,4,0.7912
1994,210.202,19.0596,24.6131,4,0.7817
1995,210.271,18.0738,25.4216,4,0.7918
1996,210.335,19.7612,25.4481,4,0.7825
1997,210.403,18.5784,25.563,4,0.7827
1998,210.471,18.2451,25.214,4,0.7754
1999,210.533,20.7429,24.6511,4,0.7678
2000,210.606,17.0443,24.642,4,0.7635
2001,210.67,20.0009,25.1212,4,0.7616
2002,210.736,19.1449,25.9252,5,0.6949
2003,210.804,18.2289,25.7478,4,0.7651
2004,210.869,19.5642,25.831,4,0.7584
2005,210.935,19.1975,24.4,4,0.7583
2006,211.0,19.3528,25.2712,4,0.7813
2007,211.074,16.7312,26.006,4,0.8078
2008,211.135,21.1269,25.492,3,0.8501
2009,211.203,18.354,26.1259,5,0.677
2010,211.27,18.8034,25.609,4,0.6849
2011,211.336,19.0172,25.789,5,0.7111
2012,211.405,18.0258,25.7831,5,0.7274
2013,211.471,19.3348,25.589,5,0.7107
2014,211.537,19.0114,26.036,5,0.7194
2015,211.604,18.6867,25.748,5,0.6815
2016,211.67,19.1931,25.6801,6,0.6672
2017,211.735,19.6986,24.78,5,0.7204
2018,211.804,17.9073,24.987,6,0.6664
2019,211.871,18.813,25.8801,4,0.7935
2020,211.936,19.8315,25.7909,5,0.71
2021,212.002,18.9129,25.2411,5,0.7225
2022,212.071,18.0751,25.5239,5,0.6708
2023,212.135,19.97,26.0847,5,0.6637
2024,212.202,18.7088,25.4369,4,0.7109
2025,212.269,18.9089,27.334,5,0.6704
2026,212.339,17.8778,27.2682,4,0.6876
2027,212.404,19.4523,27.04,4,0.7278
2028,212.469,19.7422,24.8899,4,0.7215
2029,212.537,18.4822,25.0399,5,0.6622
2030,212.602,19.5679,25.3029,4,0.7207
2031,212.673,17.3771,25.6362,4,0.7175
2032,212.734,21.3908,25.645,4,0.7229
2033,212.804,17.6712,25.2459,4,0.7253
2034,212.869,19.5717,25.5811,4,0.739
2035,212.936,18.7339,25.1288,5,0.6748
2036,213.002,19.0982,25.09,4,0.7508
2037,213.071,18.2083,24.6861,4,0.7426
2038,213.136,19.3915,24.4532,4,0.7374
2039,213.204,18.2565,25.2473,4,0.746
2040,213.27,19.0719,26.0789,4,0.7423
2041,213.337,18.9991,25.6691,4,0.7395
2042,213.405,18.3395,25.6472,4,0.7274
2043,213.472,18.8176,26.4127,4,0.728
2044,213.536,19.6545,26.1199,4,0.7217
2045,213.604,18.5867,26.1471,4,0.7117
2046,213.674,17.8104,26.2377,4,0.7109
2047,213.73,23.823,24.0908,3,0.8129
2048,213.804,16.5736,24.9829,4,0.7142
2049,213.873,18.0639,25.0649,4,0.7128
2050,213.934,21.0058,25.1749,4,0.7237
2051,214.005,17.3692,25.9469,4,0.7172
2052,214.07,19.4832,25.5568,4,0.7228
2053,214.137,18.868,25.2962,4,0.7123
2054,214.205,18.4672,25.7211,4,0.7094
2055,214.268,20.2898,25.136,4,0.7018
2056,214.336,18.3358,24.4832,4,0.6833
2057,214.404,18.2482,25.3088,4,0.6855
2058,214.47,19.3615,25.1839,3,0.7705
2059,214.538,18.2618,25.5113,3,0.7691
2060,214.603,19.609,25.8789,3,0.7635
2061,214.672,18.1229,25.4872,3,0.7626
2062,214.735,20.2412,24.648,3,0.7626
2063,214.806,17.3023,26.058,3,0.7499
2064,214.868,21.0177,25.7919,4,0.6819
2065,214.935,18.7318,25.589,4,0.683
2066,215.004,17.9782,24.745,4,0.68
2067,215.071,18.8665,25.2283,4,0.6832
2068,215.136,19.3592,24.9197,4,0.7039
2069,215.205,17.9812,25.6591,4,0.6822
2070,215.27,19.8153,25.4922,5,0.6387
2071,215.337,18.6912,25.8758,5,0.6538
2072,215.405,18.3486,25.8031,4,0.6986
2073,215.47,19.5256,25.0599,4,0.7135
2074,215.538,18.444,25.105,4,0.7094
2075,215.601,20.3583,25.1889,4,0.7056
2076,215.672,17.2726,25.1169,4,0.7173
2077,215.733,21.1251,25.0952,5,0.6808
2078,215.805,17.1438,24.3838,5,0.6663
2079,215.871,19.4069,25.1143,5,0.6537
2080,215.937,19.1469,25.0218,4,0.7097
2081,216.003,18.9078,24.6768,4,0.7151
2082,216.07,18.9763,25.1048,3,0.7883
2083,216.138,18.5787,25.517,3,0.7929
2084,216.204,18.9685,26.4492,3,0.7715
2085,216.271,18.7182,24.694,3,0.7651
2086,216.333,20.5858,24.7169,3,0.7619
2087,216.406,16.9271,25.614,3,0.7452
2088,216.469,20.1401,25.4462,3,0.748
2089,216.54,17.6707,26.8533,4,0.6398
2090,216.597,23.2985,24.8959,3,0.7535
2091,216.673,15.9995,25.4719,2,0.8786
2092,216.733,21.4179,24.8082,2,0.8925
2093,216.807,16.6035,25.4891,2,0.8893
2094,216.867,22.0435,25.6181,2,0.8897
2095,216.938,17.5144,25.2371,2,0.8444
2096,217.001,19.937,25.609,2,0.6703
2097,217.073,17.2876,26.2961,2,0.771
2098,217.138,19.4714,26.5462,4,0.6887
2099,217.202,19.7473,26.0589,4,0.707
2100,217.272,17.7777,25.9931,4,0.6687
2101,217.336,20.0024,25.1558,4,0.7419
2102,217.404,18.2299,25.667,4,0.7177
2103,217.473,18.2839,25.2748,5,0.6739
2104,217.535,20.4415,25.0552,4,0.709
2105,217.605,17.8476,25.9821,4,0.7392
2106,217.669,19.6738,25.5871,4,0.6586
2107,217.735,19.1205,24.7428,5,0.6419
2108,217.804,18.1372,25.1312,4,0.6842
2109,217.872,18.2392,24.9152,5,0.6052
2110,217.935,20.3915,24.8959,5,0.5873
2111,218.003,18.3033,24.5972,5,0.5543
2112,218.069,19.3995,25.183,4,0.6823
2113,218.137,18.2368,25.5942,4,0.6813
2114,218.203,19.0629,24.5929,4,0.6701
2115,218.272,18.1771,25.3861,4,0.6446
2116,218.335,20.3604,24.745,4,0.6572
2117,218.402,18.7333,24.894,5,0.6354
2118,218.474,17.0419,25.526,5,0.6199
2119,218.534,21.6836,24.961,4,0.6883
2120,218.607,17.0127,25.8019,4,0.6927
2121,218.67,20.2089,25.5978,4,0.7087
2122,218.736,19.3629,25.3742,4,0.6937
2123,218.806,17.7658,25.8369,3,0.7594
2124,218.87,19.631,26.3722,3,0.7412
2125,218.938,18.4618,25.5198,4,0.6757
2126,219.003,19.639,24.8759,4,0.6873
2127,219.073,17.6482,25.7349,4,0.6933
2128,219.135,20.7034,25.3968,4,0.7026
2129,219.202,18.8399,25.0809,4,0.7009
2130,219.272,17.744,25.9771,4,0.7375
2131,219.336,19.8969,25.9352,4,0.7531
2132,219.406,17.7334,25.809,4,0.742
2133,219.471,19.6765,25.995,4,0.7438
2134,219.538,18.595,25.0649,4,0.7171
2135,219.602,19.863,25.0499,4,0.6812
2136,219.673,17.64,25.9171,3,0.757
2137,219.736,20.2687,25.763,3,0.7694
2138,219.806,17.8025,25.646,3,0.7529
2139,219.871,19.5012,25.6391,3,0.797
2140,219.939,18.3854,25.7759,2,0.8795
2141,220.003,19.666,25.506,2,0.871
2142,220.074,17.4709,25.809,2,0.8868
2143,220.132,22.5968,24.9951,2,0.8673
2144,220.212,15.2357,26.7582,2,0.8512
2145,220.265,25.5453,24.823,2,0.8526
2146,220.341,15.9701,24.9307,2,0.7739
2147,220.4,22.2182,24.703,1,0.9099
2148,220.477,15.8826,25.4779,1,0.8978
2149,220.532,24.0078,25.5339,1,0.8633
2150,220.61,15.5853,25.7599,1,0.8626
2151,220.667,23.1187,25.697,1,0.8617
2152,220.738,17.4225,24.6251,2,0.6639
2153,220.803,19.6082,24.8268,2,0.6718
2154,220.872,18.1103,24.7102,2,0.7071
2155,220.935,19.9342,24.8392,2,0.7122
2156,221.005,17.8826,25.6491,2,0.7361
2157,221.072,18.9265,25.214,3,0.6703
2158,221.136,19.8095,25.2218,3,0.656
2159,221.203,18.6051,25.146,3,0.6514
2160,221.27,18.7935,25.4321,3,0.6182
2161,221.336,19.002,24.5929,3,0.6201
2162,221.404,18.4921,24.72,2,0.7623
2163,221.473,18.1458,26.0351,2,0.7193
2164,221.535,20.6483,24.8709,1,0.8827
2165,221.608,16.8833,25.1627,1,0.8756
2166,221.669,21.2576,25.089,2,0.7078
2167,221.736,18.8073,24.7319,2,0.6952
2168,221.803,18.6351,24.7488,1,0.9136
2169,221.874,17.5793,26.212,1,0.917
2170,221.935,20.9192,25.177,1,0.919
2171,222.008,16.936,25.8899,1,0.9192
2172,222.07,20.9511,26.1891,2,0.6682
2173,222.139,18.0805,26.377,1,0.9147
2174,222.204,19.2522,25.3479,2,0.689
2175,222.273,18.1872,26.4089,2,0.6733
2176,222.334,21.0238,25.1932,2,0.6661
2177,222.406,17.2702,25.6379,2,0.6793
2178,222.472,19.1234,26.0947,2,0.6765
2179,222.537,19.3506,25.636,2,0.6876
2180,222.603,19.2689,25.5949,2,0.7326
2181,222.675,17.0094,26.566,2,0.7242
2182,222.73,24.3832,24.466,2,0.7159
2183,222.805,16.2225,24.914,2,0.683
2184,222.87,19.6546,24.929,1,0.9111
2185,222.938,18.2801,24.7931,1,0.9052
2186,223.003,19.6224,25.054,1,0.9076
2187,223.072,18.2695,25.7561,1,0.9103
2188,223.14,18.4781,26.0999,1,0.9114
2189,223.203,20.1939,24.636,1,0.9244
2190,223.274,17.2858,25.9609,1,0.929
2191,223.335,21.2437,25.4178,1,0.9307
2192,223.402,18.7592,25.481,2,0.71
2193,223.471,18.1541,26.1421,1,0.9359
2194,223.536,19.3524,24.5609,1,0.9298
2195,223.605,18.1669,25.8019,1,0.9195
2196,223.672,18.625,24.7371,2,0.7498
2197,223.735,20.291,25.0607,5,0.6173
2198,223.805,17.9305,24.4298,5,0.6426
2199,223.872,18.7938,25.3661,5,0.6381
2200,223.937,19.2451,25.6169,5,0.5992
2201,224.005,18.4921,24.806,5,0.5722
2202,224.071,18.9481,25.486,3,0.6582
2203,224.137,19.1658,25.996,4,0.5824
2204,224.2,20.3276,24.622,3,0.6286
2205,224.274,16.5134,24.8258,3,0.6381
2206,224.332,22.7246,24.987,4,0.6933
2207,224.403,17.6274,23.3479,3,0.7609
2208,224.473,17.562,24.2202,4,0.6827
2209,224.535,20.6163,24.5299,5,0.6644
2210,224.605,17.5762,25.2211,5,0.6588
2211,224.672,18.9724,26.4058,5,0.6376
2212,224.735,20.0961,25.7432,4,0.7055
2213,224.809,16.712,25.775,3,0.7666
2214,224.894,14.0665,26.4659,5,0.6854
2215,224.945,26.5182,25.116,5,0.7045
2216,225.023,15.5956,25.5599,5,0.7124
2217,225.088,19.5549,25.3501,6,0.6882
2218,225.155,18.607,25.2848,5,0.7233
2219,225.219,20.1292,25.5272,5,0.7227
2220,225.29,17.3185,24.8609,5,0.7104
2221,225.353,20.2642,24.96,3,0.6623
2222,225.422,17.9186,25.249,5,0.6822
2223,225.491,18.3642,24.79,5,0.6386
2224,225.552,21.2274,24.9181,5,0.6056
2225,225.619,18.8829,25.0568,3,0.7408
2226,225.687,18.3163,25.5401,3,0.7598
2227,225.756,17.9077,26.1297,4,0.6768
2228,225.822,19.312,25.61,4,0.6727
2229,225.884,20.4446,26.0711,3,0.7317
2230,225.955,17.7044,26.3529,4,0.7291
2231,226.021,19.2086,27.19,4,0.6345
2232,226.083,20.8878,24.5202,4,0.6743
2233,226.153,17.6907,25.5558,4,0.6495
2234,226.223,18.0907,27.38,4,0.648
2235,226.288,19.5729,27.0438,5,0.6231
2236,226.354,19.188,26.1908,6,0.6183
2237,226.418,19.9306,26.1741,5,0.6672
2238,226.493,16.6091,26.948,4,0.7349
2239,226.551,22.6953,27.081,5,0.6948
2240,226.627,17.1539,27.8327,5,0.6665
2241,226.686,22.5149,26.3638,5,0.6452
2242,226.764,15.6858,28.7018,5,0.6671
2243,226.819,24.2272,27.4341,5,0.6645
2244,226.893,16.4921,28.3337,5,0.6971
2245,226.954,21.8093,27.1893,5,0.6987
2246,227.024,17.8623,26.1681,5,0.6753
2247,227.089,19.4393,26.8722,5,0.6831
2248,227.156,18.976,27.1649,5,0.6594
2249,227.223,19.0509,27.3941,6,0.6446
2250,227.287,20.128,32.6002,6,0.6222
2251,227.353,19.1714,30.3082,4,0.6893
2252,227.42,18.9501,31.5928,5,0.6256
2253,227.485,19.3499,28.4817,5,0.6442
2254,227.55,19.9528,29.242,6,0.5833
2255,227.621,17.4044,28.5871,5,0.6423
2256,227.684,20.4511,28.1701,5,0.624
2257,227.753,18.2688,27.5669,5,0.6516
2258,227.821,18.438,28.3098,5,0.6414
2259,227.886,19.6117,29.3279,4,0.6617
2260,227.952,19.2112,27.5021,5,0.6195
2261,228.022,17.8307,28.3589,5,0.6707
2262,228.092,17.9417,29.6597,5,0.6946
2263,228.152,21.7656,26.6068,5,0.6973
2264,228.228,16.362,29.799,5,0.7
2265,228.29,20.8913,30.2331,5,0.6918
2266,228.352,21.0326,27.5991,5,0.6836
2267,228.421,18.1821,26.1571,5,0.6721
2268,228.488,18.8373,27.1959,5,0.6206
2269,228.557,17.9205,26.8791,4,0.6426
2270,228.621,20.1751,26.711,4,0.6225
2271,228.692,17.6174,28.9826,3,0.6944
2272,228.751,22.5424,27.9119,3,0.6787
2273,228.824,16.7284,27.2021,4,0.6049
2274,228.888,20.2523,26.669,4,0.6143
2275,228.957,17.9795,27.5741,3,0.6634
2276,229.019,21.1167,28.079,3,0.7372
2277,229.088,18.1157,27.725,5,0.6155
2278,229.154,19.3073,27.832,5,0.6641
2279,229.219,19.4844,28.0178,5,0.6304
2280,229.287,18.5337,28.4872,4,0.63
2281,229.355,18.4608,29.1789,4,0.6698
2282,229.422,19.0844,28.5101,4,0.6729
2283,229.495,16.9185,28.2309,4,0.744
2284,229.551,23.9883,31.0071,3,0.7062
2285,229.617,19.044,29.1531,3,0.732
2286,229.69,16.856,31.332,3,0.7842
2287,229.758,18.94,27.854,3,0.7705
2288,229.819,21.199,31.1909,2,0.9206
2289,229.889,17.9138,30.1063,3,0.8275
2290,229.953,20.4633,31.302,4,0.7826
2291,230.02,19.0002,29.4831,5,0.7441
2292,230.092,17.1253,29.7318,5,0.7039
2293,230.158,19.4712,28.9407,4,0.7638
2294,230.223,19.869,28.9571,4,0.7576
2295,230.294,17.4511,29.012,5,0.684
2296,230.356,21.0402,30.045,5,0.6879
2297,230.43,16.9982,32.4779,5,0.7153
2298,230.494,19.7863,32.8209,4,0.648
2299,230.56,19.3412,31.8658,4,0.6618
2300,230.625,19.8369,30.4747,4,0.6736
2301,230.697,17.3548,32.789,3,0.7207
2302,230.756,22.4386,30.5572,3,0.7098
2303,230.827,17.3567,29.5448,5,0.6498
2304,230.897,18.0349,34.4911,5,0.6792
2305,230.951,25.4182,31.914,5,0.6826
2306,231.018,18.8925,30.0789,3,0.7309
2307,231.086,18.3841,31.5461,3,0.7886
2308,231.143,23.4185,26.7341,3,0.8056
2309,231.225,14.7078,29.3579,2,0.9281
2310,231.283,23.1278,28.6641,3,0.7456
2311,231.361,15.5437,26.103,3,0.7549
2312,231.42,22.1967,28.7488,2,0.9177
2313,231.493,17.0727,28.8961,4,0.6676
2314,231.553,21.7236,29.4693,4,0.6994
2315,231.622,18.0639,25.8009,3,0.7236
2316,231.689,18.7748,27.5609,3,0.6428
2317,231.755,19.4777,27.7312,4,0.5903
2318,231.824,18.0855,27.6551,4,0.5826
2319,231.899,16.5189,42.805,3,0.6823
2320,231.954,24.319,31.476,3,0.6706
2321,232.022,18.6933,31.2529,3,0.6652
2322,232.097,16.2659,42.3303,3,0.6647
2323,232.15,25.9619,33.6921,3,0.6739
2324,232.218,18.3675,30.8752,3,0.6716
2325,232.286,18.6268,29.2988,3,0.6622
2326,232.353,18.7761,29.6571,3,0.6616
2327,232.419,19.2223,30.623,3,0.6601
2328,232.494,16.6254,32.3222,3,0.6712
2329,232.554,21.8283,32.7599,3,0.6696
2330,232.634,15.4469,31.951,3,0.673
2331,232.689,24.3563,31.4169,3,0.6596
2332,232.758,18.3837,32.7151,3,0.6569
2333,232.82,21.038,31.1809,3,0.6726
2334,232.888,18.4706,30.7541,3,0.6636
2335,232.953,20.0164,30.5459,3,0.6698
2336,233.018,19.656,29.3581,3,0.6757
2337,233.088,17.9758,28.7161,3,0.6828
2338,233.152,20.0473,29.067,3,0.6511
2339,233.221,18.1887,28.106,3,0.6741
2340,233.285,20.1951,27.9491,3,0.6699
2341,233.37,13.9567,32.5198,2,0.7556
2342,233.418,30.0275,29.1979,3,0.6609
2343,233.496,15.4813,29.5811,3,0.6262
2344,233.55,25.2486,27.241,2,0.728
2345,233.635,14.0374,30.9129,2,0.7102
2346,233.686,27.0709,28.5938,2,0.6971
2347,233.758,17.038,26.5949,2,0.7073
2348,233.817,22.0887,28.1191,2,0.6831
2349,233.888,17.8616,29.5501,2,0.7223
2350,233.957,18.0516,26.428,2,0.727
2351,234.022,19.8913,27.6232,2,0.7396
2352,234.092,17.697,27.4291,2,0.7474
2353,234.154,20.9802,27.8528,2,0.7439
2354,234.221,18.8768,26.8052,3,0.6431
2355,234.29,18.1373,26.7391,2,0.7646
2356,234.349,22.355,26.5899,2,0.7667
2357,234.423,16.5626,26.1509,2,0.71
2358,234.488,19.741,26.6011,2,0.7154
2359,234.554,19.1917,25.2192,2,0.7433
2360,234.619,19.4058,25.0719,2,0.7505
2361,234.693,16.7064,25.8641,2,0.8003
2362,234.753,21.8842,26.2239,2,0.8359
2363,234.821,18.3762,24.0221,2,0.8343
2364,234.882,21.073,25.6531,2,0.818
2365,234.949,18.7553,25.346,3,0.6953
2366,235.022,16.7644,25.9809,2,0.8174
2367,235.089,18.998,24.296,3,0.6752
2368,235.152,19.9839,25.8057,3,0.6734
2369,235.225,17.1057,25.1231,2,0.812
2370,235.287,20.475,25.4679,2,0.8
2371,235.358,17.4052,25.8472,2,0.7748
2372,235.422,19.99,25.5449,2,0.781
2373,235.488,19.0862,25.027,2,0.7952
2374,235.556,18.4768,25.62,2,0.8119
2375,235.622,18.9433,25.048,2,0.8221
2376,235.689,18.9371,25.4967,2,0.8009
2377,235.75,21.1167,25.929,2,0.7836
2378,235.823,16.779,24.9219,2,0.7832
2379,235.888,19.5302,25.3999,2,0.7662
2380,235.954,18.8933,25.4233,2,0.7445
2381,236.023,18.1571,25.5423,2,0.7637
2382,236.086,20.1788,25.8279,2,0.7746
2383,236.148,21.0535,24.8311,2,0.7515
2384,236.219,17.3765,24.7102,2,0.7342
2385,236.29,17.2769,24.7271,2,0.7377
2386,236.351,21.4124,24.6511,2,0.7611
2387,236.424,16.7482,24.0941,2,0.7363
2388,236.487,20.1134,26.3979,2,0.7426
2389,236.553,19.2544,24.7519,2,0.7786
2390,236.618,19.5786,27.3049,2,0.7919
2391,236.684,19.1322,25.8582,2,0.7791
2392,236.749,19.436,24.6301,2,0.7664
2393,236.818,17.9131,24.9958,2,0.7607
2394,236.884,19.2211,26.248,2,0.769
2395,236.954,17.7671,26.8321,2,0.7854
2396,237.019,19.4402,27.029,2,0.7798
2397,237.087,18.4994,26.9949,2,0.8038
2398,237.158,17.7866,27.8809,2,0.7888
2399,237.217,22.2203,26.309,2,0.7598
2400,237.295,15.6299,28.4519,2,0.7707
2401,237.349,24.6482,27.4289,2,0.7421
2402,237.417,18.3418,27.0638,2,0.7593
2403,237.491,16.5712,26.969,2,0.7679
2404,237.554,20.6535,25.3389,2,0.7672
2405,237.621,18.8768,25.718,2,0.7688
2406,237.692,17.3187,26.005,2,0.7685
2407,237.751,22.3995,24.5299,2,0.7727
2408,237.822,17.3967,25.0008,2,0.7813
2409,237.891,18.046,25.5349,2,0.8144
2410,237.953,20.8039,26.5732,2,0.8001
2411,238.023,17.6639,26.3271,2,0.7923
2412,238.086,20.644,25.7063,2,0.7815
2413,238.158,16.8985,26.9127,2,0.7936
2414,238.22,20.9768,25.784,2,0.7661
2415,238.29,17.7343,25.497,2,0.7566
2416,238.353,20.0312,25.418,2,0.7381
2417,238.425,17.4173,25.2042,2,0.73
2418,238.49,19.4833,24.9109,2,0.7572
2419,238.552,20.6813,25.2359,2,0.7644
2420,238.62,18.471,24.9279,2,0.7729
2421,238.687,18.6717,26.1271,2,0.7698
2422,238.749,20.6817,24.9212,2,0.789
2423,238.816,18.6195,24.333,2,0.778
2424,238.893,15.7185,24.6208,2,0.7725
2425,238.953,21.601,26.314,2,0.7632
2426,239.022,18.1035,26.2511,2,0.7554
2427,239.085,20.2868,25.1362,2,0.7459
2428,239.156,17.4642,24.8909,2,0.7558
2429,239.218,20.9442,25.5721,2,0.7422
2430,239.287,17.8782,26.8791,2,0.7757
2431,239.352,19.4875,24.1432,2,0.812
2432,239.425,17.0547,25.3642,2,0.8055
2433,239.486,20.9065,25.7726,2,0.8072
2434,239.557,17.3882,25.61,2,0.7782
2435,239.617,21.5823,24.3442,2,0.7836
2436,239.687,17.8342,25.759,2,0.7708
2437,239.749,20.7669,25.2779,2,0.7812
2438,239.817,18.2942,25.5201,2,0.7793
2439,239.887,17.7183,27.4997,2,0.7753
2440,239.951,20.152,25.9938,2,0.7987
2441,240.018,18.8804,26.2041,2,0.7885
2442,240.081,20.2097,25.4021,2,0.8109
2443,240.158,15.8882,25.6169,2,0.7919
2444,240.219,21.3205,26.7861,2,0.793
2445,240.291,17.3077,26.3529,2,0.7821
2446,240.353,20.4667,26.1991,3,0.7503
2447,240.423,17.7333,24.9939,3,0.7618
2448,240.483,21.5535,25.7561,3,0.795
2449,240.552,18.1686,25.5418,3,0.8023
2450,240.623,17.3964,26.5782,3,0.7979
2451,240.684,21.0953,27.0381,3,0.7698
2452,240.756,17.2571,26.2928,3,0.7965
2453,240.818,20.8904,26.6659,3,0.7784
2454,240.892,16.5317,25.4741,3,0.7937
2455,240.948,23.5499,25.7661,3,0.7574
2456,241.026,15.6397,25.404,3,0.7475
2457,241.087,21.2336,25.4719,3,0.7808
2458,241.159,17.2082,25.986,3,0.7921
2459,241.219,21.6859,24.95,3,0.8031
2460,241.293,16.6395,25.3541,3,0.7968
2461,241.352,22.1734,24.3621,3,0.7939
2462,241.426,16.5511,25.681,3,0.7955
2463,241.482,23.681,25.8079,3,0.7885
2464,241.561,15.2746,25.7778,3,0.7913
2465,241.615,25.0175,25.0838,3,0.8021
2466,241.693,15.6099,25.4099,3,0.7782
2467,241.752,22.347,24.6699,3,0.7744
2468,241.827,16.0839,25.0549,3,0.7519
2469,241.885,23.0719,25.5849,3,0.7557
2470,241.957,17.0416,25.4478,3,0.7661
2471,242.023,19.1325,26.1309,3,0.7528
2472,242.09,18.6341,25.116,3,0.7573
2473,242.154,19.8717,25.7092,3,0.7272
2474,242.223,18.0861,25.737,3,0.7305
2475,242.285,20.8747,25.6503,3,0.7302
2476,242.359,16.5357,26.273,3,0.7458
2477,242.416,23.4884,25.0628,3,0.7477
2478,242.488,16.9642,26.7241,3,0.7327
2479,242.554,19.1326,24.5941,3,0.7285
2480,242.62,19.0451,26.1741,3,0.7159
2481,242.693,16.8141,26.2332,3,0.7079
2482,242.753,22.0575,25.214,3,0.7164
2483,242.826,16.8435,26.356,3,0.6675
2484,242.888,20.8725,25.9218,2,0.765
2485,242.958,17.5343,26.86,2,0.7714
2486,243.019,21.2454,25.3232,2,0.7676
2487,243.094,16.2771,25.9919,2,0.7651
2488,243.152,22.6944,25.454,2,0.7717
2489,243.226,16.6689,25.7752,2,0.7901
2490,243.287,20.9758,25.66,3,0.6705
2491,243.357,17.9724,25.779,3,0.6837
2492,243.415,22.4405,25.9447,3,0.6898
2493,243.494,15.434,25.2299,3,0.6813
2494,243.549,23.9705,25.4383,3,0.7135
2495,243.622,17.0146,24.9929,3,0.7341
2496,243.688,19.0982,24.0571,3,0.7564
2497,243.757,17.9064,25.2442,3,0.7512
2498,243.826,18.3029,25.9409,3,0.7513
2499,243.888,20.7866,25.2812,3,0.7399
2500,243.959,17.4399,25.2972,3,0.7257
2501,244.022,20.3022,26.005,4,0.6456
2502,244.091,18.1252,25.5282,3,0.692
2503,244.154,20.0682,24.668,4,0.6595
2504,244.222,18.3921,24.9021,4,0.6928
2505,244.293,17.4511,26.212,4,0.6992
2506,244.354,21.406,26.1571,4,0.6935
2507,244.422,18.3928,25.7051,3,0.7674
2508,244.483,21.1592,25.3429,3,0.7659
2509,244.552,18.1531,25.068,3,0.7655
2510,244.623,17.4865,25.336,3,0.7572
2511,244.691,18.4972,25.954,3,0.7436
2512,244.753,20.4569,25.5532,3,0.7396
2513,244.826,17.0161,26.2179,3,0.7403
2514,244.885,21.8848,25.034,3,0.7112
2515,244.958,16.9557,24.4188,3,0.74
2516,245.018,21.5592,25.1329,3,0.7359
2517,245.085,18.7283,25.4271,3,0.7263
2518,245.157,17.255,24.3638,3,0.7359
2519,245.219,20.8973,26.7088,3,0.7153
2520,245.289,17.647,26.0079,3,0.7023
2521,245.352,20.2125,26.3419,3,0.6996
2522,245.424,17.3139,26.3212,3,0.7197
2523,245.491,18.8247,28.2938,4,0.6527
2524,245.554,20.4762,25.655,3,0.715
2525,245.626,17.1016,25.4908,3,0.696
2526,245.684,22.7505,25.357,3,0.693
2527,245.755,17.4988,24.9541,3,0.6773
2528,245.825,17.7756,25.645,4,0.6266
2529,245.886,20.9697,25.6491,4,0.6377
2530,245.96,16.8008,25.754,4,0.663
2531,246.02,21.5109,27.4899,4,0.6675
2532,246.087,18.9692,25.7101,4,0.6574
2533,246.156,18.1759,24.5209,4,0.6625
2534,246.223,18.7892,25.9101,4,0.6555
2535,246.285,20.4577,26.2642,4,0.648
2536,246.36,16.5303,26.2368,4,0.6345
2537,246.42,21.4634,25.5091,4,0.62
2538,246.485,19.7887,26.629,4,0.6397
2539,246.56,16.2069,25.6462,4,0.6483
2540,246.62,22.1577,26.8979,4,0.6823
2541,246.696,15.9401,26.2401,4,0.692
2542,246.753,23.0596,26.3519,4,0.6963
2543,246.821,18.2263,24.163,4,0.7054
2544,246.89,18.0522,24.8981,4,0.705
2545,246.955,19.6116,25.996,4,0.6922
2546,247.025,17.7065,26.89,4,0.6703
2547,247.089,20.3099,24.9608,4,0.6769
2548,247.153,19.811,24.8001,4,0.6892
2549,247.218,19.3214,25.2261,4,0.6897
2550,247.29,17.2717,24.2429,4,0.6753
2551,247.353,20.3696,25.13,4,0.6711
2552,247.417,19.6167,24.9858,4,0.6805
2553,247.493,16.2862,25.4631,4,0.6897
2554,247.554,20.9856,25.6708,4,0.7045
2555,247.626,17.2446,26.1252,4,0.714
2556,247.69,19.9012,25.7428,4,0.7141
2557,247.757,18.708,24.7478,4,0.7116
2558,247.818,21.0442,24.8091,4,0.697
2559,247.893,16.2311,25.9202,4,0.685
2560,247.95,23.5538,24.6761,4,0.6765
2561,248.027,15.9025,25.1241,4,0.6647
2562,248.087,21.6383,24.982,4,0.6728
2563,248.152,19.3784,25.1677,4,0.6863
2564,248.223,17.5512,24.905,4,0.6937
2565,248.287,19.5149,27.2059,4,0.7018
2566,248.35,20.2639,25.5551,4,0.7111
2567,248.429,15.3168,25.8281,4,0.6872
2568,248.486,23.4368,24.8408,4,0.6937
2569,248.558,17.2485,25.3801,4,0.6814
2570,248.621,20.1967,27.1668,4,0.6827
2571,248.694,16.882,27.3001,4,0.696
2572,248.753,22.4503,26.5069,4,0.6949
2573,248.823,17.6744,25.9719,4,0.6894
2574,248.893,17.9869,25.7621,4,0.6782
2575,248.949,23.5227,25.6081,4,0.6651
2576,249.03,14.7714,26.0539,4,0.6489
2577,249.084,25.3298,26.8371,4,0.6236
2578,249.158,16.4517,25.4779,4,0.6362
2579,249.218,21.9223,26.9158,4,0.6552
2580,249.293,16.3519,24.5509,4,0.6733
2581,249.349,23.5123,24.4229,4,0.6646
2582,249.423,16.5235,24.0619,4,0.6684
2583,249.49,18.7487,25.7089,4,0.6391
2584,249.551,21.4205,25.1899,4,0.6611
2585,249.628,15.8298,25.5759,4,0.6543
2586,249.687,21.787,26.314,4,0.6594
2587,249.758,17.4736,26.973,4,0.6689
2588,249.824,19.3442,26.6821,4,0.6615
2589,249.89,19.0042,26.3932,4,0.6618
2590,249.955,19.508,27.1492,4,0.6587
2591,250.022,19.0372,26.186,4,0.662
2592,250.097,16.0885,28.2569,4,0.6653
2593,250.149,26.3124,26.381,4,0.6681
2594,250.226,15.5997,24.3189,4,0.6476
2595,250.287,21.2793,25.8567,4,0.6619
2596,250.361,16.7286,25.9709,4,0.6775
2597,250.42,21.8718,26.6659,4,0.6733
2598,250.491,17.5352,25.568,4,0.6762
2599,250.555,20.1811,26.0072,4,0.6859
2600,250.627,17.1552,26.0081,4,0.6691
2601,250.688,21.2704,25.3639,4,0.6587
2602,250.759,17.215,26.536,4,0.6683
2603,250.819,22.0488,26.197,4,0.6745
2604,250.897,15.5014,27.2877,4,0.6897
2605,250.951,24.6457,25.6691,4,0.6964
2606,251.027,16.0545,25.842,4,0.7115
2607,251.087,22.15,24.991,4,0.712
2608,251.16,16.7221,25.6979,4,0.7027
2609,251.214,24.5906,25.631,4,0.6997
2610,251.289,16.4184,24.8339,4,0.6887
2611,251.359,17.5728,25.6162,4,0.6792
2612,251.419,21.8032,25.646,4,0.6814
2613,251.494,16.3071,26.2768,4,0.6838
2614,251.547,25.8459,24.2419,4,0.6828
2615,251.626,15.3147,25.8088,4,0.6483
2616,251.689,20.184,25.2001,3,0.692
2617,251.759,17.8354,25.353,3,0.6865
2618,251.825,18.9646,27.2319,3,0.7043
2619,251.89,19.9025,25.7471,3,0.6745
2620,251.951,21.182,24.7021,3,0.6896
2621,252.028,15.7584,26.0282,3,0.7108
2622,252.083,24.3844,26.1183,3,0.7262
2623,252.16,15.6269,26.0973,3,0.7409
2624,252.219,22.477,28.0178,3,0.7621
2625,252.295,15.8218,26.2091,3,0.7526
2626,252.353,22.3055,25.423,3,0.7582
2627,252.422,18.0623,25.7359,3,0.7358
2628,252.49,18.2296,24.7021,3,0.7432
2629,252.556,19.2652,25.2559,3,0.7298
2630,252.622,18.9966,25.342,3,0.7351
2631,252.691,18.1716,24.77,3,0.7291
2632,252.759,18.4703,24.3759,3,0.716
2633,252.822,20.3144,25.3201,3,0.7328
2634,252.893,17.4277,25.3067,3,0.7374
2635,252.954,21.3088,25.5969,3,0.7595
2636,253.026,17.245,26.2039,3,0.7421
2637,253.086,21.3574,24.5419,3,0.704
2638,253.155,18.011,24.9512,3,0.8019
2639,253.225,18.1742,26.6368,3,0.8217
2640,253.287,20.3582,25.7893,3,0.848
2641,253.354,18.9002,24.3928,3,0.8337
2642,253.424,17.8958,25.589,3,0.8435
2643,253.492,18.4081,24.6851,3,0.8289
2644,253.553,21.3744,25.5339,3,0.8371
2645,253.599,30.7381,24.5273,3,0.8529
2646,253.678,15.3327,27.8211,3,0.8519
2647,253.737,22.3253,25.6169,3,0.8531
2648,253.81,16.8882,25.3201,3,0.8589
2649,253.87,21.6713,25.1901,3,0.8213
2650,253.952,14.3831,30.241,3,0.8372
2651,253.993,36.1375,24.3063,3,0.8395
2652,254.072,15.5356,24.734,3,0.8711
2653,254.133,21.0619,25.2049,3,0.865
2654,254.206,16.7173,24.1771,3,0.8633
2655,254.269,20.404,24.152,3,0.8585
2656,254.338,17.9601,26.577,3,0.8597
2657,254.408,17.9969,25.804,3,0.8554
2658,254.471,20.2253,31.8279,3,0.8498
2659,254.535,19.7851,26.068,4,0.8212
2660,254.61,16.4336,24.0681,4,0.8173
2661,254.672,20.5422,24.7211,4,0.8361
2662,254.741,18.0887,23.3269,4,0.8483
2663,254.807,19.0608,23.3538,4,0.8023
2664,254.874,18.7206,25.893,4,0.791
2665,254.938,19.9676,27.2388,3,0.8585
2666,255.011,17.0021,25.4471,3,0.8597
2667,255.07,22.3205,26.593,3,0.86
2668,255.144,16.5785,25.5909,3,0.8598
2669,255.206,21.1104,26.484,3,0.854
2670,255.275,17.9137,26.9108,4,0.7807
2671,255.339,19.8131,26.6771,4,0.8437
2672,255.408,18.0362,25.4302,4,0.8518
2673,255.47,20.9688,27.1151,4,0.8544
2674,255.543,16.7012,26.5188,4,0.8619
2675,255.605,21.0238,25.9819,4,0.8558
2676,255.677,17.1244,26.4747,4,0.8598
2677,255.738,21.2156,26.3062,4,0.8536
2678,255.807,18.2798,26.3312,4,0.8563
2679,255.875,18.4695,26.433,5,0.7785
2680,255.94,19.7199,26.994,4,0.8669
2681,256.009,18.2866,26.0732,4,0.8717
2682,256.074,19.5104,26.6352,4,0.833
2683,256.146,17.2993,27.6279,4,0.7639
2684,256.204,22.7774,25.3088,3,0.8347
2685,256.281,15.7808,25.1031,3,0.7655
2686,256.336,24.256,25.2039,3,0.8715
2687,256.411,16.5306,24.1201,3,0.8185
2688,256.474,20.2737,25.9731,2,0.8973
2689,256.542,18.4236,25.558,3,0.8228
2690,256.607,19.8193,25.5151,3,0.8406
2691,256.676,17.9426,26.4688,3,0.8497
2692,256.74,20.0289,26.448,3,0.8556
2693,256.811,17.8855,27.5838,3,0.8419
2694,256.877,19.1339,27.832,3,0.8318
2695,256.94,20.5411,25.7792,3,0.8104
2696,257.01,17.9198,26.1173,3,0.8212
2697,257.075,19.4201,27.5331,3,0.8014
2698,257.141,19.2251,25.9573,3,0.8219
2699,257.206,19.8047,26.4997,3,0.7936
2700,257.28,16.6674,26.1259,3,0.7989
2701,257.338,22.6834,27.106,3,0.8017
2702,257.414,15.937,27.395,4,0.7211
2703,257.473,22.4941,27.2691,5,0.7264
2704,257.545,17.1063,26.464,4,0.8202
2705,257.608,20.6867,27.7412,4,0.8096
2706,257.677,18.1323,26.803,4,0.8069
2707,257.738,21.4833,26.633,5,0.7045
2708,257.807,18.1003,27.7257,4,0.7949
2709,257.878,17.4624,27.5757,5,0.7232
2710,257.941,20.8924,27.1769,4,0.8196
2711,258.012,17.5294,26.2191,4,0.7965
2712,258.074,20.9249,26.3801,4,0.7653
2713,258.143,17.9792,25.6181,4,0.7838
2714,258.207,20.261,25.677,4,0.7988
2715,258.28,16.7805,25.5718,5,0.7264
2716,258.332,26.5449,23.9832,5,0.705
2717,258.41,15.5957,24.9138,4,0.785
2718,258.473,20.5731,25.1939,4,0.7833
2719,258.541,18.4092,26.2589,5,0.7004
2720,258.609,18.3881,26.9649,5,0.7124
2721,258.674,19.8958,26.1359,5,0.7134
2722,258.743,18.1087,26.9499,5,0.7151
2723,258.807,19.887,26.4971,5,0.7348
2724,258.878,17.4972,26.9051,4,0.8149
2725,258.939,21.7102,26.3708,4,0.8116
2726,259.014,16.274,29.078,4,0.8087
2727,259.068,25.3794,27.0438,4,0.7177
2728,259.145,15.8733,25.0802,3,0.8099
2729,259.209,19.8118,27.0133,3,0.8149
2730,259.276,18.9638,27.0593,3,0.8244
2731,259.339,20.3191,25.8741,3,0.8126
2732,259.411,17.2227,24.9863,3,0.8187
2733,259.475,19.8429,26.2051,3,0.8187
2734,259.542,18.9115,26.4039,3,0.8084
2735,259.605,20.3691,25.2478,3,0.7899
2736,259.681,16.1815,26.0429,3,0.7891
2737,259.734,25.5735,25.347,3,0.7704
2738,259.809,16.3688,24.1551,3,0.7633
2739,259.876,18.7988,25.614,3,0.7575
2740,259.94,19.9421,25.9519,3,0.745
2741,260.012,17.2408,25.7761,3,0.7526
2742,260.073,21.1042,27.468,3,0.6944
2743,260.149,16.318,28.2502,2,0.7946
2744,260.204,24.3831,26.8459,2,0.797
2745,260.281,15.9149,27.1032,2,0.7945
2746,260.337,23.5429,26.2511,2,0.8007
2747,260.415,15.6397,25.9318,2,0.8012
2748,260.472,23.1787,26.5169,2,0.7967
2749,260.547,16.3816,26.556,2,0.8114
2750,260.601,25.2832,24.2178,2,0.8131
2751,260.684,14.5013,25.4691,2,0.8171
2752,260.736,26.0438,25.9919,2,0.8131
2753,260.811,16.3795,25.388,2,0.8165
2754,260.876,19.6298,26.5169,2,0.8141
2755,260.94,19.6187,26.3088,2,0.8168
2756,261.01,17.9575,26.4618,2,0.8214
2757,261.075,19.4927,27.1029,2,0.8221
2758,261.143,18.3664,24.986,2,0.8273
2759,261.207,19.8414,26.3519,2,0.8245
2760,261.281,16.7786,26.7141,2,0.8189
2761,261.336,24.4152,25.928,2,0.8225
2762,261.414,15.6153,26.1309,2,0.8204
2763,261.472,22.5597,26.763,2,0.8239
2764,261.546,16.824,25.9321,2,0.8268
2765,261.603,23.1358,26.356,2,0.8255
2766,261.682,15.4533,25.969,2,0.8182
2767,261.735,25.7832,24.4732,2,0.8142
2768,261.815,14.9347,24.4901,2,0.8001
2769,261.87,24.3268,25.26,2,0.8071
2770,261.945,16.3246,24.3421,2,0.7986
2771,262.005,21.6745,25.3391,2,0.8134
2772,262.077,17.2655,25.0919,2,0.8343
2773,262.14,20.5162,25.2192,2,0.8257
2774,262.213,16.8234,25.5048,2,0.8419
2775,262.27,23.0856,25.7254,2,0.8218
2776,262.346,16.0836,24.0703,2,0.8248
2777,262.403,23.4073,25.6689,2,0.8248
2778,262.481,15.5583,25.63,2,0.8346
2779,262.536,24.5075,25.0921,2,0.8331
2780,262.614,15.6232,24.193,2,0.8314
2781,262.672,22.482,25.399,2,0.8178
2782,262.745,16.8413,23.6957,2,0.8285
2783,262.806,21.1721,25.2388,2,0.8212
2784,262.878,17.4417,25.1,2,0.812
2785,262.942,20.0032,26.8242,2,0.8222
2786,263.01,18.3709,25.003,2,0.832
2787,263.075,19.6874,25.4641,2,0.8203
2788,263.143,18.5181,25.4192,2,0.8165
2789,263.208,19.3483,26.047,2,0.8132
2790,263.28,17.514,26.305,2,0.8071
2791,263.339,21.9043,25.9249,2,0.8026
2792,263.413,16.8382,27.0729,2,0.8026
2793,263.475,20.6942,26.5362,2,0.8064
2794,263.543,18.5919,26.1312,2,0.7991
2795,263.608,19.5631,25.6889,2,0.8007
2796,263.677,18.1868,26.7608,2,0.8131
2797,263.74,20.5362,26.1331,2,0.8121
2798,263.81,17.8379,25.372,2,0.8062
2799,263.872,20.7233,26.0012,2,0.7992
2800,263.949,16.0228,24.462,2,0.8074
2801,264.002,25.1724,25.1949,2,0.8143
2802,264.081,15.4543,25.2407,2,0.8089
2803,264.137,23.6489,25.0013,2,0.8044
2804,264.209,17.4071,24.766,2,0.8044
2805,264.273,19.8174,23.8583,2,0.7963
2806,264.34,18.8033,24.42,2,0.7957
2807,264.409,17.9815,24.3289,2,0.7911
2808,264.477,18.6438,25.363,2,0.7894
2809,264.541,20.071,26.2449,2,0.7923
2810,264.612,17.4079,26.114,2,0.7892
2811,264.677,19.7386,26.6008,2,0.786
2812,264.739,20.7431,25.3479,2,0.7885
2813,264.813,16.6492,25.702,2,0.793
2814,264.875,20.8288,26.2341,2,0.7978
2815,264.944,18.2442,25.7521,2,0.7971
2816,265.008,19.9437,25.7831,2,0.7856
2817,265.077,18.1083,25.774,2,0.787
2818,265.141,20.0634,25.3208,2,0.784
2819,265.211,18.0077,26.0179,2,0.7811
2820,265.275,19.9485,25.8441,2,0.7773
2821,265.344,18.1127,26.3388,2,0.7826
2822,265.409,19.7312,25.6341,2,0.78
2823,265.479,17.9405,25.5549,2,0.78
2824,265.542,20.5068,26.2711,2,0.7813
2825,265.611,18.1554,26.2668,2,0.7853
2826,265.676,19.4818,26.0279,2,0.7918
2827,265.741,19.7859,25.7621,2,0.7943
2828,265.812,17.4618,25.9299,2,0.7962
2829,265.875,20.6008,26.0742,2,0.7957
2830,265.943,18.354,26.0129,2,0.7912
2831,266.007,20.0148,26.3231,2,0.7864
2832,266.076,18.2076,26.4251,2,0.7841
2833,266.141,19.6588,26.2082,2,0.785
2834,266.21,18.0571,26.021,2,0.7828
2835,266.273,20.4328,25.846,2,0.7718
2836,266.345,17.2452,25.2101,2,0.7758
2837,266.407,21.0323,25.5151,2,0.7767
2838,266.483,15.9941,26.495,2,0.7768
2839,266.536,25.7294,25.6588,2,0.778
2840,266.615,15.4918,25.2242,2,0.7746
2841,266.67,24.2614,25.0812,2,0.7677
2842,266.745,16.3433,24.157,2,0.7736
2843,266.808,20.5465,24.3051,2,0.7719
2844,266.877,17.8782,24.4532,2,0.7655
2845,266.941,20.1504,24.8239,2,0.7392
2846,267.011,17.9264,24.9968,2,0.7255
2847,267.074,20.3745,26.1312,2,0.6898
2848,267.141,18.547,23.1569,2,0.7807
2849,267.208,19.0263,25.1372,2,0.8157
2850,267.276,18.4061,24.415,2,0.8347
2851,267.34,20.1532,25.3623,2,0.8095
2852,267.412,17.2513,25.2628,2,0.8
2853,267.477,19.6155,26.041,2,0.7945
2854,267.54,20.2643,25.3019,2,0.8161
2855,267.613,16.9239,26.2041,2,0.8227
2856,267.674,21.4855,26.3081,2,0.8045
2857,267.746,17.0283,26.4058,2,0.7995
2858,267.806,21.9558,26.845,2,0.7975
2859,267.879,17.0306,25.2738,2,0.813
2860,267.943,20.2356,27.5233,2,0.8113
2861,268.009,19.0267,25.9659,3,0.6814
2862,268.075,19.103,25.3618,3,0.6777
2863,268.145,18.019,26.175,3,0.6767
2864,268.207,20.8194,25.1069,3,0.6774
2865,268.282,16.4862,27.447,3,0.6868
2866,268.339,23.4786,25.6021,3,0.6743
2867,268.413,16.6428,25.408,3,0.6705
2868,268.473,21.8766,25.162,2,0.7821
2869,268.547,16.4976,25.3539,2,0.7946
2870,268.604,23.3442,25.9349,2,0.7994
2871,268.682,15.6353,25.3258,3,0.6601
2872,268.737,24.168,25.9368,3,0.6621
2873,268.81,17.0038,24.5509,3,0.6487
2874,268.876,19.3226,25.275,3,0.6215
2875,268.943,18.6428,25.852,3,0.6368
2876,269.008,19.5732,25.2402,3,0.6376
2877,269.079,17.6224,26.9659,5,0.5557
2878,269.141,20.7276,26.849,3,0.6655
2879,269.213,17.4119,25.4431,4,0.6016
2880,269.277,20.1037,25.305,4,0.614
2881,269.34,20.2049,25.568,4,0.6046
2882,269.411,17.5445,24.6422,3,0.677
2883,269.475,19.8614,26.6402,2,0.799
2884,269.545,17.8724,26.413,2,0.7895
2885,269.609,20.1829,26.5501,2,0.7842
2886,269.677,18.454,26.0258,2,0.797
2887,269.737,21.5452,24.79,3,0.672
2888,269.812,16.4271,27.1621,3,0.668
2889,269.875,20.3346,30.8523,2,0.8006
2890,269.937,20.9047,26.3119,2,0.7919
2891,270.01,16.9165,24.1621,3,0.6515
2892,270.073,20.3587,23.9949,2,0.7791
2893,270.146,17.1327,25.353,2,0.782
2894,270.207,21.5007,25.696,2,0.7824
2895,270.278,17.4195,24.8551,2,0.7661
2896,270.342,19.9614,26.7611,2,0.7856
2897,270.41,18.4788,24.987,3,0.6657
2898,270.479,18.1097,27.7779,2,0.7868
2899,270.541,21.0469,26.9251,2,0.8018
2900,270.611,17.7114,26.7069,2,0.7979
2901,270.677,19.4005,26.2401,2,0.8059
2902,270.742,19.3342,25.676,2,0.8147
2903,270.813,17.7003,26.8428,2,0.8105
2904,270.876,20.2261,27.3371,2,0.8143
2905,270.944,18.694,25.5091,2,0.8027
2906,271.008,19.9207,25.0101,2,0.7905
2907,271.08,17.3361,27.5033,2,0.801
2908,271.144,19.7867,28.0292,2,0.801
2909,271.209,19.6398,26.0553,2,0.8051
2910,271.281,17.1379,26.8052,2,0.8141
2911,271.337,23.6984,25.2371,2,0.8095
2912,271.413,16.2993,24.8382,2,0.8003
2913,271.473,21.5507,25.3623,2,0.8026
2914,271.546,17.1703,25.7497,2,0.8062
2915,271.606,21.8269,24.5917,2,0.8104
2916,271.68,16.497,24.6189,2,0.8113
2917,271.739,22.3959,25.4741,2,0.8119
2918,271.814,16.3766,24.596,2,0.807
2919,271.873,22.3105,25.7852,2,0.7926
2920,271.946,16.8367,24.925,2,0.8005
2921,272.008,20.7944,26.1619,3,0.6748
2922,272.078,17.8412,25.7969,3,0.6812
2923,272.142,19.9668,24.966,3,0.685
2924,272.211,18.3952,25.4028,3,0.6875
2925,272.276,19.4959,25.584,3,0.7031
2926,272.342,19.0404,25.3997,3,0.6974
2927,272.414,17.226,29.8209,4,0.6238
2928,272.472,23.232,27.0839,4,0.6866
2929,272.546,16.5126,24.79,4,0.7229
2930,272.608,21.0745,25.8369,4,0.7183
2931,272.679,17.6863,28.723,4,0.7279
2932,272.739,21.7539,28.4381,4,0.7385
2933,272.811,17.3145,27.5891,4,0.737
2934,272.876,19.5179,29.9041,3,0.8546
2935,272.928,25.9156,23.3448,3,0.8582
2936,273.016,13.5354,25.8222,3,0.8574
2937,273.073,23.5787,25.5649,3,0.8606
2938,273.147,16.5055,26.3577,4,0.7434
2939,273.206,22.255,25.8608,4,0.7435
2940,273.278,17.3217,26.0708,4,0.7446
2941,273.339,20.975,26.1581,4,0.749
2942,273.411,17.4664,26.634,4,0.7544
2943,273.474,20.0748,26.53,4,0.7536
2944,273.539,19.7041,25.6221,4,0.756
2945,273.611,17.048,27.7109,4,0.7567
2946,273.677,19.45,29.3958,4,0.7501
2947,273.74,20.3683,28.1239,4,0.7496
2948,273.8,22.0731,29.2499,4,0.7515
2949,273.872,17.1494,26.459,4,0.746
2950,273.944,17.3175,27.2481,4,0.7327
2951,274.01,19.2872,27.102,4,0.7271
2952,274.076,19.1684,25.4531,4,0.7141
2953,274.145,18.018,27.195,3,0.8194
2954,274.207,21.0092,26.4549,4,0.7139
2955,274.279,17.2061,27.7829,4,0.7316
2956,274.343,20.1573,28.3582,4,0.736
2957,274.405,20.5146,26.0088,4,0.7286
2958,274.48,16.5218,26.123,4,0.7382
2959,274.543,20.5947,26.2668,4,0.7275
2960,274.613,17.6243,26.1049,4,0.7445
2961,274.675,20.6586,26.865,4,0.737
2962,274.736,21.5322,25.3441,4,0.7292
2963,274.805,17.9595,26.8679,4,0.7249
2964,274.875,17.7349,25.9619,4,0.7137
2965,274.936,21.3889,25.279,4,0.7063
2966,275.003,18.5573,26.093,4,0.7121
2967,275.079,16.1368,26.0372,4,0.6574
2968,275.141,20.9978,27.0798,4,0.7094
2969,275.211,17.6069,26.433,4,0.7111
2970,275.274,20.3898,25.2101,4,0.6897
2971,275.339,19.6144,25.023,4,0.7029
2972,275.41,17.3464,27.5841,4,0.7036
2973,275.471,21.1735,26.0272,4,0.7108
2974,275.544,17.0157,25.5141,4,0.6978
2975,275.609,19.6209,26.345,4,0.6936
2976,275.678,18.1278,26.1941,4,0.699
2977,275.742,20.0064,26.3102,4,0.6918
2978,275.805,20.2761,24.8659,4,0.6667
2979,275.88,16.1413,25.948,4,0.6497
2980,275.939,22.3433,27.55,5,0.5873
2981,276.012,16.8426,26.113,4,0.6393
2982,276.072,21.7236,24.9889,4,0.6631
2983,276.148,16.1962,25.702,4,0.6347
2984,276.208,21.7202,26.1221,4,0.6392
2985,276.28,17.1227,25.768,4,0.6732
2986,276.339,22.3066,25.404,5,0.628
2987,276.41,17.4813,28.353,5,0.6431
2988,276.469,21.6085,25.624,4,0.7148
2989,276.544,15.9485,24.5969,4,0.7206
2990,276.605,21.1851,25.0888,4,0.7354
2991,276.681,16.1236,28.1212,4,0.7401
2992,276.738,23.4472,26.1562,4,0.7294
2993,276.814,16.0555,24.951,4,0.7313
2994,276.87,24.0153,25.8422,4,0.7309
2995,276.947,15.7778,25.9838,4,0.7437
2996,277.008,21.0726,26.5212,4,0.7515
2997,277.077,18.3288,26.2089,4,0.7422
2998,277.14,20.006,26.0298,4,0.7286
2999,277.209,18.2975,25.687,5,0.6627
3000,277.277,18.3985,25.7726,5,0.6548
3001,277.341,19.6177,26.397,5,0.6628
3002,277.41,18.1275,26.2761,4,0.7458
3003,277.469,22.0589,24.1621,5,0.6738
3004,277.543,16.6196,23.973,5,0.6717
3005,277.603,21.2274,25.4428,5,0.68
3006,277.676,16.9428,24.647,4,0.745
3007,277.742,19.3524,25.311,4,0.7488
3008,277.808,18.9391,24.6043,4,0.7411
3009,277.878,17.9065,27.5378,4,0.736
3010,277.94,20.7478,27.6859,4,0.7316
3011,278.003,20.1154,24.9002,4,0.7105
3012,278.078,16.4601,24.8461,4,0.6981
3013,278.142,19.7364,25.8451,3,0.795
3014,278.207,19.3315,27.6861,4,0.6759
3015,278.274,18.9771,26.2027,4,0.6837
3016,278.339,19.1941,26.7348,4,0.7068
3017,278.411,17.3088,28.5408,4,0.7164
3018,278.475,19.9881,27.7557,4,0.7333
3019,278.54,19.3525,26.994,4,0.7433
3020,278.609,18.0554,31.3871,5,0.6951
3021,278.667,22.5373,26.0201,4,0.762
3022,278.744,16.0067,24.5118,4,0.7522
3023,278.805,20.8056,23.8652,4,0.7539
3024,278.88,16.3209,24.0631,4,0.7435
3025,278.934,24.7141,24.148,5,0.6725
3026,279.011,15.9126,24.3421,4,0.6978
3027,279.074,19.9899,25.9109,4,0.7356
3028,279.143,18.2568,26.0499,5,0.6855
3029,279.21,18.5298,24.5409,5,0.7248
3030,279.274,20.1346,23.86,5,0.7361
3031,279.344,17.7064,25.193,5,0.7255
3032,279.412,18.4543,31.286,5,0.7417
3033,279.473,21.3019,28.4069,5,0.7452
3034,279.546,17.1248,27.1931,5,0.7443
3035,279.61,19.9188,28.059,5,0.7415
3036,279.679,18.1792,28.5089,5,0.7352
3037,279.741,20.8485,27.1351,5,0.7516
3038,279.813,17.3998,28.6548,5,0.7351
3039,279.874,20.9494,27.1528,5,0.7428
3040,279.944,18.0158,27.019,4,0.7675
3041,280.008,20.0494,27.189,4,0.7764
3042,280.08,17.1614,28.2938,4,0.767
3043,280.142,20.7646,28.1641,4,0.775
3044,280.211,18.3241,28.084,4,0.7627
3045,280.274,20.1236,25.4641,4,0.7655
3046,280.343,18.3713,26.2249,4,0.7685
3047,280.408,19.4981,27.9551,5,0.714
3048,280.483,16.3926,27.5359,5,0.7069
3049,280.54,23.0613,28.0011,4,0.7746
3050,280.612,17.1896,26.3293,6,0.6526
3051,280.676,20.0631,28.929,4,0.7601
3052,280.739,20.6564,26.3219,3,0.747
3053,280.814,16.2104,27.3411,3,0.7423
3054,280.876,20.9057,31.3022,4,0.6723
3055,280.946,18.0127,28.0602,4,0.6715
3056,281.006,21.6371,26.19,4,0.6864
3057,281.084,15.7494,28.811,4,0.6762
3058,281.14,23.6391,27.92,4,0.6887
3059,281.214,16.7709,28.1911,4,0.6872
3060,281.278,20.1483,28.8472,4,0.7053
3061,281.347,18.3749,27.987,4,0.6697
3062,281.411,20.2362,29.628,4,0.6961
3063,281.479,18.3557,28.1649,4,0.7021
3064,281.545,19.4427,28.7182,4,0.7336
3065,281.61,19.6356,28.4097,4,0.7497
3066,281.685,16.3431,30.0,4,0.7443
3067,281.743,22.9885,29.6321,4,0.707
3068,281.816,17.1412,29.418,4,0.7056
3069,281.874,22.931,27.7128,4,0.7001
3070,281.947,16.8928,28.5351,4,0.7061
3071,282.007,21.6235,26.71,4,0.6881
3072,282.076,18.1891,26.3181,3,0.7047
3073,282.144,18.5546,27.8263,3,0.7285
3074,282.209,19.6128,27.7669,3,0.7371
3075,282.282,16.8682,27.9949,3,0.7449
3076,282.341,22.3788,27.874,3,0.7377
3077,282.415,16.8936,27.555,3,0.7329
3078,282.477,20.8938,29.4399,3,0.7522
3079,282.547,17.9488,28.1208,3,0.7463
3080,282.608,21.6361,27.7939,3,0.7485
3081,282.683,16.4085,27.1149,3,0.7308
3082,282.742,22.1581,29.3772,3,0.7435
3083,282.814,17.3515,28.0912,3,0.7569
3084,282.88,19.1924,30.642,3,0.7642
3085,282.945,19.9489,28.2083,3,0.7556
3086,283.012,18.9078,29.1598,3,0.7355
3087,283.078,19.0942,30.4379,3,0.743
3088,283.144,19.472,28.5501,3,0.7527
3089,283.212,18.2892,27.8139,3,0.762
3090,283.274,20.5107,27.0698,3,0.7517
3091,283.346,17.2465,26.1569,3,0.7513
3092,283.406,21.8775,26.7668,3,0.7658
3093,283.483,15.7859,26.4981,3,0.744
3094,283.542,22.682,28.8079,3,0.7527
3095,283.614,17.2882,28.862,4,0.6834
3096,283.675,20.9406,28.7309,4,0.7009
3097,283.748,16.9483,27.9269,4,0.6622
3098,283.809,21.346,29.0821,4,0.6508
3099,283.881,17.4215,28.8959,4,0.6567
3100,283.943,21.0239,27.8831,4,0.6588
3101,284.012,18.2706,26.9828,3,0.7395
3102,284.077,19.3379,27.106,3,0.7291
3103,284.15,16.8676,28.7979,3,0.7224
3104,284.207,23.3476,27.8261,3,0.7283
3105,284.286,15.4083,30.2231,3,0.7373
3106,284.34,25.3842,27.755,3,0.74
3107,284.414,16.6278,27.1442,3,0.7423
3108,284.475,21.2427,27.7643,3,0.7557
3109,284.548,17.028,27.905,3,0.748
3110,284.609,21.5484,27.7491,3,0.7533
3111,284.68,17.5595,27.1771,3,0.753
3112,284.742,20.6807,28.028,3,0.7407
3113,284.814,17.2598,27.487,3,0.7518
3114,284.879,20.0069,28.4591,3,0.7517
3115,284.94,21.0097,26.6869,3,0.7735
3116,285.013,16.8606,25.635,3,0.7651
3117,285.074,21.5787,26.1631,3,0.7735
3118,285.146,17.0002,26.742,3,0.7674
3119,285.207,21.213,27.0762,3,0.7735
3120,285.273,19.3941,26.329,3,0.7661
3121,285.344,17.2876,25.943,4,0.6801
3122,285.413,18.356,27.22,4,0.6899
3123,285.475,20.9132,27.3306,4,0.689
3124,285.547,17.2304,27.5347,4,0.7042
3125,285.607,21.5667,27.473,4,0.719
3126,285.681,16.5432,27.8893,4,0.6909
3127,285.74,22.7458,26.5901,3,0.7649
3128,285.808,18.2346,26.113,3,0.7556
3129,285.881,16.8811,26.2041,3,0.7592
3130,285.939,22.7904,25.9089,3,0.7646
3131,286.012,17.0245,25.7969,3,0.7725
3132,286.078,19.115,27.6361,3,0.7607
3133,286.142,19.8271,26.8211,3,0.7608
3134,286.215,16.9998,27.7331,3,0.7531
3135,286.275,21.7348,26.6747,3,0.7606
3136,286.343,18.5247,26.2949,3,0.7702
3137,286.412,18.4721,27.8189,3,0.7756
3138,286.481,18.0127,28.3191,3,0.7699
3139,286.544,20.6692,28.522,3,0.7718
3140,286.612,18.5265,28.7261,3,0.7673
3141,286.68,18.6567,28.791,3,0.7665
3142,286.743,20.2725,27.3888,3,0.7665
3143,286.814,17.7393,27.6899,3,0.7626
3144,286.881,18.9311,29.2358,3,0.763
3145,286.945,20.1065,28.1062,3,0.7708
3146,287.012,18.5357,27.328,3,0.7794
3147,287.071,22.6075,27.3502,3,0.7687
3148,287.144,16.8217,31.3761,3,0.7717
3149,287.209,19.6314,26.0992,3,0.7787
3150,287.279,17.6369,26.3419,3,0.7814
3151,287.343,20.0392,27.1111,3,0.7788
3152,287.409,19.3963,27.003,4,0.688
3153,287.48,17.5562,26.1331,4,0.709
3154,287.544,19.9251,26.1359,4,0.7031
3155,287.61,18.9682,27.2131,3,0.7837
3156,287.675,19.6163,25.7831,3,0.7824
3157,287.743,18.695,26.3741,3,0.7789
3158,287.811,18.5089,25.522,3,0.7753
3159,287.881,17.7192,26.4709,3,0.7713
3160,287.94,22.4159,25.1899,3,0.7749
3161,288.015,16.3805,27.6351,3,0.7846
3162,288.078,20.7276,28.4359,3,0.7774
3163,288.143,19.2952,27.415,3,0.788
3164,288.214,17.8054,28.203,3,0.7825
3165,288.276,20.7573,26.2969,3,0.7851
3166,288.345,18.1221,27.0038,3,0.7851
3167,288.411,19.4281,28.9798,3,0.7658
3168,288.481,17.7926,28.311,3,0.7705
3169,288.543,20.7503,27.4682,3,0.7757
3170,288.613,17.9225,27.5741,3,0.7833
3171,288.679,19.2715,26.7849,3,0.7854
3172,288.741,20.7693,28.2612,3,0.792
3173,288.813,17.4551,27.432,3,0.7851
3174,288.879,19.1983,28.5411,4,0.6891
3175,288.944,19.5462,27.8111,3,0.7829
3176,289.014,17.9244,26.9451,3,0.7758
3177,289.077,20.6903,26.6178,3,0.7673
3178,289.146,17.9627,26.989,4,0.6709
3179,289.206,21.8116,25.8729,4,0.6628
3180,289.284,15.6325,27.581,4,0.6587
3181,289.339,24.5158,26.3119,3,0.755
3182,289.412,16.9011,25.7368,3,0.7688
3183,289.48,18.7511,27.5831,3,0.7615
3184,289.543,20.376,26.9899,3,0.7673
3185,289.614,17.3792,28.321,3,0.7705
3186,289.678,20.0639,26.484,3,0.7701
3187,289.744,19.1939,28.728,3,0.7609
3188,289.815,17.798,27.8959,3,0.7648
3189,289.876,21.0894,27.9329,3,0.7661
3190,289.94,19.9235,27.447,3,0.772
3191,290.013,16.9288,26.005,3,0.7788
3192,290.077,20.1845,26.9511,3,0.7793
3193,290.145,18.4754,27.633,3,0.7761
3194,290.211,19.0908,28.471,3,0.7661
3195,290.275,20.0272,27.38,3,0.7581
3196,290.341,19.1849,27.5426,3,0.7573
3197,290.411,17.7987,27.246,3,0.7626
3198,290.475,19.8728,27.8668,3,0.7651
3199,290.552,15.7825,38.4431,3,0.7675
3200,290.604,26.8788,28.46,3,0.775
3201,290.682,15.7129,26.423,3,0.7732
3202,290.736,25.1768,26.7169,3,0.7751
3203,290.813,15.6221,26.6492,3,0.7744
3204,290.881,18.8317,27.137,3,0.7707
3205,290.943,20.5461,26.6809,3,0.7725
3206,291.011,18.2929,25.569,3,0.7728
3207,291.078,18.9028,26.3112,3,0.7809
3208,291.142,19.7977,25.1458,3,0.7706
3209,291.209,18.9631,25.4641,3,0.7685
3210,291.282,16.7026,27.0901,3,0.7685
3211,291.339,23.3329,27.9348,3,0.768
3212,291.413,16.6947,25.388,3,0.7676
3213,291.478,19.318,28.5249,3,0.7611
3214,291.544,19.3686,26.2339,3,0.7411
3215,291.608,19.7262,27.2038,3,0.707
3216,291.678,17.9004,25.681,2,0.808
3217,291.737,21.9756,26.6702,3,0.7047
3218,291.81,16.9722,25.4071,3,0.7139
3219,291.876,19.1077,26.3112,3,0.7183
3220,291.943,18.5891,27.1759,3,0.7616
3221,292.013,17.8521,28.2552,3,0.7842
3222,292.079,19.3263,27.3647,3,0.7944
3223,292.145,18.8783,29.144,3,0.7999
3224,292.21,19.7176,27.432,3,0.7979
3225,292.278,18.4213,28.1489,3,0.7852
3226,292.343,19.398,29.654,3,0.7717
3227,292.411,18.5783,27.391,3,0.7757
3228,292.478,18.5425,27.1959,3,0.7874
3229,292.546,18.6064,29.6342,3,0.8046
3230,292.607,20.995,28.019,3,0.7972
3231,292.682,16.4962,28.446,3,0.7909
3232,292.738,23.5782,28.0361,3,0.7863
3233,292.814,16.1532,28.717,3,0.7763
3234,292.876,20.5771,27.9911,3,0.7605
3235,292.944,18.5278,27.8711,3,0.7358
3236,293.011,18.8079,26.752,3,0.7314
3237,293.075,19.891,29.443,3,0.7245
3238,293.147,17.1262,29.6469,3,0.7176
3239,293.213,19.2794,29.1348,3,0.7118
3240,293.278,19.8153,27.9508,3,0.7037
3241,293.347,18.0636,27.7579,3,0.7071
3242,293.412,19.5944,29.207,3,0.6956
3243,293.481,17.9662,28.0731,3,0.724
3244,293.541,22.0998,27.5722,3,0.7137
3245,293.612,17.3028,26.988,3,0.7397
3246,293.678,19.3998,29.1772,3,0.7376
3247,293.744,19.1172,25.9418,3,0.7534
3248,293.813,18.1984,28.801,3,0.7563
3249,293.88,18.7498,27.6437,3,0.7693
3250,293.943,20.2968,26.7019,3,0.7502
3251,294.015,17.4575,26.8447,3,0.7506
3252,294.078,20.0936,25.2023,3,0.7486
3253,294.145,18.924,25.9879,3,0.7529
3254,294.212,18.9179,25.4872,3,0.7663
3255,294.282,17.7453,26.65,3,0.7664
3256,294.341,21.9842,26.0179,3,0.7622
3257,294.415,16.6797,26.65,3,0.7715
3258,294.477,20.7538,26.3796,3,0.7657
3259,294.547,17.6264,26.4561,3,0.761
3260,294.607,21.5983,25.4521,3,0.77
3261,294.679,17.343,26.4161,3,0.7718
3262,294.743,19.5905,25.486,3,0.7621
3263,294.81,19.0144,25.5849,3,0.7687
3264,294.886,15.9175,28.4679,3,0.7635
3265,294.936,27.2861,25.9473,3,0.7561
3266,295.01,16.6243,26.68,3,0.7617
3267,295.075,19.3495,25.4359,3,0.7633
3268,295.149,16.672,26.8719,3,0.7649
3269,295.212,20.2164,28.1239,4,0.6953
3270,295.282,17.793,27.0846,4,0.7078
3271,295.346,19.8499,28.9342,4,0.7804
3272,295.409,20.3861,25.599,4,0.7265
3273,295.479,18.0417,26.8879,3,0.7828
3274,295.544,19.3961,26.2837,3,0.7979
3275,295.612,18.2007,27.493,3,0.8103
3276,295.679,18.8335,26.8061,3,0.8121
3277,295.746,18.9057,27.1428,3,0.8075
3278,295.811,19.3836,25.7571,4,0.61
3279,295.883,17.1163,26.0899,3,0.7805
3280,295.942,21.8963,25.152,3,0.7911
3281,296.012,17.8466,25.5759,3,0.8169
3282,296.08,18.5031,26.6979,3,0.7455
3283,296.144,19.7875,26.2699,2,0.7734
3284,296.213,18.0157,26.7568,2,0.7609
3285,296.28,18.9657,27.2229,2,0.7521
3286,296.343,19.966,26.562,2,0.7354
3287,296.412,18.2113,27.1809,2,0.7305
3288,296.479,18.5708,25.9018,1,0.9377
3289,296.542,20.2634,25.979,2,0.7093
3290,296.609,18.8413,25.5702,2,0.7378
3291,296.684,16.2219,26.967,2,0.7973
3292,296.738,25.3948,24.931,2,0.7983
3293,296.818,15.122,26.5062,2,0.8074
3294,296.875,22.999,25.218,2,0.7892
3295,296.947,17.1665,25.3849,2,0.7744
3296,297.008,21.3544,24.7891,2,0.7051
3297,297.086,15.4986,27.1251,1,0.9274
3298,297.141,24.2342,25.7559,2,0.7153
3299,297.211,17.6911,24.8477,3,0.7014
3300,297.283,17.1993,25.9998,3,0.7611
3301,297.342,22.1645,26.706,3,0.8031
3302,297.411,18.0776,24.7412,3,0.7635
3303,297.482,17.4483,25.8529,3,0.7689
3304,297.543,20.9087,27.39,3,0.7836
3305,297.61,18.9019,26.798,4,0.7438
3306,297.683,16.8543,27.4851,4,0.7724
3307,297.745,21.1462,26.973,5,0.68
3308,297.815,17.7336,27.7052,3,0.8294
3309,297.878,20.1333,26.283,4,0.7311
3310,297.946,18.64,27.4439,3,0.8422
3311,298.01,19.5691,26.0062,3,0.8174
3312,298.086,16.0611,28.4939,3,0.8161
3313,298.143,23.536,27.1673,3,0.8356
3314,298.214,17.4547,29.1271,3,0.8196
3315,298.277,20.2795,26.4361,4,0.7219
3316,298.343,19.0818,26.6697,3,0.807
3317,298.414,17.5101,26.1121,3,0.79
3318,298.475,21.3523,28.0468,3,0.7793
3319,298.548,16.8571,25.2938,3,0.7814
3320,298.611,20.0228,25.0049,3,0.7868
3321,298.679,18.4166,25.4469,3,0.7346
3322,298.744,19.5098,26.1221,3,0.767
3323,298.811,18.8002,25.7738,3,0.762
3324,298.879,18.6384,26.4699,3,0.7358
3325,298.945,19.1315,25.1682,3,0.7471
3326,299.014,18.0972,25.6982,3,0.7448
3327,299.074,21.3689,24.9979,3,0.7147
3328,299.149,16.2588,27.6401,3,0.677
3329,299.211,20.8659,26.1421,3,0.6831
3330,299.28,17.9983,28.5492,3,0.6416
3331,299.344,19.8973,28.507,3,0.6174
3332,299.402,22.6828,25.6419,3,0.6174
3333,299.476,16.5547,26.155,3,0.6025
3334,299.546,17.8644,25.3272,2,0.7274
3335,299.613,18.5478,26.1567,4,0.6422
3336,299.677,20.1638,25.321,3,0.6926
3337,299.745,18.3083,25.5911,3,0.6381
3338,299.81,19.4002,25.2411,3,0.6719
3339,299.878,18.4213,27.6148,3,0.7319
3340,299.946,18.7227,25.9168,3,0.7663
3341,300.012,18.9663,29.2702,3,0.7583
3342,300.073,21.2536,25.0669,3,0.7444
3343,300.148,16.1551,26.3398,3,0.7403
3344,300.207,22.7712,26.3989,3,0.7579
3345,300.276,18.073,25.419,3,0.7155
3346,300.342,18.9228,26.3209,3,0.7007
3347,300.414,17.1435,28.1868,3,0.6745
3348,300.476,20.6775,25.6531,3,0.6968
3349,300.546,17.8609,26.7079,3,0.6833
3350,300.611,19.4291,26.5591,3,0.6849
3351,300.675,19.7476,25.7211,3,0.7053
3352,300.748,16.9277,26.722,3,0.7125
3353,300.809,21.1444,27.5698,3,0.7407
3354,300.88,17.6464,24.684,3,0.7406
3355,300.952,17.1169,25.1441,3,0.7291
3356,301.005,25.5377,24.404,3,0.7261
3357,301.084,15.4176,25.2581,3,0.732
3358,301.142,22.2996,24.93,3,0.7228
3359,301.213,17.4584,26.8793,3,0.7225
3360,301.28,18.9677,26.6259,3,0.7279
3361,301.341,20.9823,24.997,3,0.7186
3362,301.411,17.5885,26.4189,3,0.7153
3363,301.481,17.8378,26.8891,3,0.7082
3364,301.545,19.6569,26.4618,3,0.6972
3365,301.61,19.8015,25.0249,3,0.666
3366,301.681,17.4688,25.4211,3,0.6886
3367,301.744,20.2368,25.2249,3,0.7213
3368,301.813,18.0835,25.197,3,0.7013
3369,301.883,17.6081,26.2811,3,0.7065
3370,301.944,21.3779,25.517,3,0.676
3371,302.016,17.0506,27.1952,3,0.6489
3372,302.079,20.4994,25.403,4,0.5948
3373,302.14,20.9169,25.4841,4,0.6908
3374,302.209,18.1981,24.193,4,0.7009
3375,302.279,17.4496,24.4291,4,0.7013
3376,302.341,21.1291,25.2161,4,0.7203
3377,302.413,16.8881,25.3322,4,0.7267
3378,302.48,19.0102,25.286,4,0.7386
3379,302.544,19.7126,26.248,4,0.7426
3380,302.61,19.2452,26.7141,4,0.7375
3381,302.686,16.12,27.6139,4,0.7329
3382,302.741,24.3031,26.4251,4,0.7144
3383,302.817,15.9908,27.415,4,0.688
3384,302.879,20.9688,26.058,5,0.5976
3385,302.947,18.2439,26.6881,4,0.6436
3386,303.013,19.0884,27.7576,5,0.6903
3387,303.079,19.2889,26.5439,5,0.6897
3388,303.144,19.3307,27.7047,5,0.707
3389,303.209,19.7344,25.6448,5,0.7072
3390,303.289,15.0385,28.3458,5,0.7269
3391,303.339,27.651,25.8279,5,0.7118
3392,303.416,15.6536,29.103,5,0.7144
3393,303.476,22.3085,24.3168,5,0.686
3394,303.553,15.5956,27.761,5,0.7064
3395,303.605,26.4481,26.1021,5,0.7337
3396,303.677,17.3045,24.7042,5,0.7023
3397,303.742,19.3814,26.3519,5,0.7282
3398,303.814,17.378,26.7591,5,0.7361
3399,303.881,18.7378,32.1491,5,0.7344
3400,303.942,21.126,27.7519,5,0.7438
3401,304.012,17.861,25.5592,5,0.748
3402,304.082,17.7641,29.3062,5,0.746
3403,304.144,21.0987,26.5858,5,0.746
3404,304.209,19.3409,26.3851,5,0.7539
3405,304.277,18.317,26.6011,5,0.7583
3406,304.345,18.5577,26.2258,5,0.7572
3407,304.409,19.9772,26.35,5,0.7636
3408,304.485,16.1319,28.2261,5,0.7648
3409,304.542,23.2526,26.089,5,0.7694
3410,304.612,17.5067,25.4362,5,0.7722
3411,304.678,19.3521,26.3574,5,0.7543
3412,304.749,17.3132,27.6639,5,0.7564
3413,304.811,21.0744,26.8018,5,0.7427
3414,304.881,17.6206,25.6529,6,0.6961
3415,304.947,18.9225,27.1568,6,0.6987
3416,305.008,20.9996,26.262,5,0.758
3417,305.076,18.4945,27.2121,5,0.7546
3418,305.143,18.8112,25.1746,5,0.7532
3419,305.21,18.6435,25.8551,5,0.7505
3420,305.283,17.0815,25.342,5,0.7439
3421,305.345,20.7215,25.8968,5,0.7491
3422,305.415,17.7939,26.274,5,0.7595
3423,305.48,19.3113,28.0437,5,0.7607
3424,305.54,21.768,24.3142,5,0.7446
3425,305.614,16.6375,24.792,5,0.7281
3426,305.678,19.592,24.9491,5,0.7238
3427,305.747,18.3371,25.1539,5,0.7117
3428,305.815,18.5909,25.5609,5,0.7228
3429,305.88,19.384,25.598,5,0.7312
3430,305.947,18.8349,26.793,5,0.7324
3431,306.008,20.9099,26.3209,5,0.7345
3432,306.085,15.9406,26.9709,5,0.7321
3433,306.142,23.0522,25.4719,5,0.7345
3434,306.211,18.294,24.9381,5,0.7442
3435,306.28,18.0307,26.3588,5,0.7377
3436,306.345,19.6534,26.2201,5,0.74
3437,306.413,18.2619,25.8138,5,0.7392
3438,306.479,19.2072,25.1422,5,0.7451
3439,306.548,17.9504,26.8059,5,0.7361
3440,306.613,19.5614,26.9752,5,0.7322
3441,306.684,17.4228,26.793,5,0.7425
3442,306.746,21.1815,27.0848,5,0.7465
3443,306.812,19.1633,27.2892,5,0.7522
3444,306.884,17.0724,25.5003,5,0.7571
3445,306.945,21.3229,24.826,5,0.7571
3446,307.01,19.3346,26.1719,5,0.7581
3447,307.08,17.6902,27.343,5,0.7648
3448,307.142,20.6505,29.5551,5,0.7496
3449,307.217,16.4791,26.8543,5,0.7457
3450,307.277,21.868,25.898,5,0.7382
3451,307.347,17.7999,25.7149,5,0.7228
3452,307.414,18.5336,26.408,5,0.7294
3453,307.478,19.8914,25.5072,5,0.735
3454,307.55,17.2431,27.0531,5,0.7292
3455,307.61,21.8356,26.2439,5,0.7476
3456,307.685,16.1917,27.5221,5,0.7469
3457,307.741,24.3314,25.542,5,0.746
3458,307.817,16.121,26.1171,5,0.7259
3459,307.882,19.4307,27.1859,5,0.7053
3460,307.945,20.1268,28.2907,5,0.7197
3461,308.002,23.4017,26.6671,5,0.7419
3462,308.079,15.7038,26.4471,5,0.7428
3463,308.143,19.9848,26.1829,5,0.7248
3464,308.216,16.9661,25.552,5,0.7246
3465,308.281,19.4788,26.716,5,0.7386
3466,308.344,19.9152,25.6209,5,0.7425
3467,308.412,18.4893,26.2887,5,0.6909
3468,308.481,18.1749,26.207,5,0.6679
3469,308.543,20.6671,27.108,5,0.6671
3470,308.615,16.9644,27.8747,5,0.6749
3471,308.68,19.7064,25.2879,6,0.6684
3472,308.742,20.4999,24.9569,6,0.6489
3473,308.817,16.2601,26.7029,6,0.6693
3474,308.879,20.7745,28.0159,6,0.6589
3475,308.936,23.3166,27.5929,5,0.6927
3476,309.009,16.9013,24.7002,4,0.6767
3477,309.072,20.1829,26.2578,5,0.698
3478,309.14,18.4706,25.7418,5,0.7333
3479,309.209,18.1324,26.5229,4,0.7731
3480,309.288,15.6382,28.6007,3,0.7985
3481,309.341,25.5349,27.0872,3,0.8561
3482,309.415,16.5251,26.6979,3,0.8887
3483,309.484,18.1462,28.46,3,0.9093
3484,309.541,23.224,27.59,3,0.8719
3485,309.615,16.7206,27.4456,4,0.7934
3486,309.68,19.3289,27.3571,4,0.7914
3487,309.747,18.9436,26.298,4,0.8241
3488,309.813,19.2267,26.8209,5,0.7249
3489,309.876,20.0308,26.216,5,0.6462
3490,309.95,16.7067,27.401,6,0.6624
3491,310.011,21.2179,27.411,4,0.6427
3492,310.082,17.3506,28.2362,4,0.6849
3493,310.145,20.5048,27.6,3,0.7137
3494,310.215,17.6972,28.2838,3,0.7238
3495,310.28,19.6803,28.301,4,0.727
3496,310.338,22.831,25.8601,4,0.7463
3497,310.413,16.2877,24.9228,4,0.6422
3498,310.482,17.9533,27.4551,5,0.6364
3499,310.546,19.7632,27.1699,3,0.7482
3500,310.609,20.2848,26.3209,3,0.7473
3501,310.686,15.9767,26.813,3,0.7607
3502,310.745,21.9906,26.8569,3,0.7641
3503,310.814,18.2799,26.71,3,0.7414
3504,310.883,18.1765,28.1589,3,0.7368
3505,310.945,20.9717,26.6509,3,0.7082
3506,311.01,19.2067,26.3369,4,0.6213
3507,311.085,16.5422,28.1022,3,0.6914
3508,311.142,22.8504,26.6049,3,0.6748
3509,311.215,17.0172,28.9249,3,0.6387
3510,311.281,19.1253,28.6481,3,0.6699
3511,311.346,19.2749,26.66,3,0.6649
3512,311.408,20.6582,25.7101,2,0.7345
3513,311.485,15.913,26.7031,3,0.7066
3514,311.542,22.9221,25.5899,3,0.6844
3515,311.617,16.3302,26.9449,3,0.6788
3516,311.68,20.429,26.551,3,0.6881
3517,311.744,19.8198,26.859,3,0.6964
3518,311.815,17.3259,28.276,3,0.7103
3519,311.879,20.2147,28.2128,3,0.7022
3520,311.941,20.7707,27.698,3,0.7567
3521,312.017,15.9938,27.6511,3,0.7773
3522,312.081,20.0276,26.825,3,0.794
3523,312.145,19.8795,25.1238,3,0.8042
3524,312.214,17.9827,27.133,3,0.8045
3525,312.277,20.3629,26.4542,3,0.801
3526,312.346,18.0356,28.1799,3,0.8018
3527,312.409,19.7153,26.2589,3,0.7773
3528,312.484,16.4409,25.2111,3,0.7589
3529,312.543,22.0467,25.7142,3,0.7781
3530,312.616,16.9762,25.506,3,0.7676
3531,312.677,20.928,26.1776,3,0.8124
3532,312.743,19.0785,23.767,3,0.8003
3533,312.814,17.7372,25.3513,3,0.7919
3534,312.878,19.7153,30.7469,3,0.786
3535,312.944,19.4579,25.79,3,0.8241
3536,313.018,16.4165,26.7107,3,0.8318
3537,313.075,23.4522,25.2209,3,0.8304
3538,313.151,16.1005,27.1001,3,0.8291
3539,313.209,22.5601,26.4411,3,0.8168
3540,313.289,14.9912,28.049,3,0.8484
3541,313.339,27.5627,24.102,3,0.8512
3542,313.418,15.3636,26.063,3,0.8457
3543,313.476,22.9039,25.269,3,0.7909
3544,313.552,16.102,26.238,3,0.7539
3545,313.611,22.0172,25.502,3,0.7086
3546,313.701,13.1563,27.76,3,0.6917
3547,313.762,21.1662,26.561,2,0.761
3548,313.833,17.5682,24.7228,2,0.6784
3549,313.893,21.5447,26.911,2,0.8335
3550,313.966,16.8011,26.4051,2,0.7969
3551,314.026,21.5876,27.0529,2,0.7404
3552,314.098,17.2174,26.3071,2,0.8373
3553,314.165,18.8714,27.3209,2,0.7819
3554,314.228,20.1135,26.4561,2,0.8015
3555,314.3,17.4466,27.2,2,0.7045
3556,314.362,20.622,27.539,2,0.6901
3557,314.429,18.4095,26.1061,1,0.9531
3558,314.5,17.4694,27.173,2,0.753
3559,314.563,20.2729,27.4472,3,0.7233
3560,314.633,17.9086,27.1838,3,0.7387
3561,314.694,21.1202,29.2079,3,0.7185
3562,314.764,17.9863,25.506,3,0.7085
3563,314.834,17.6888,28.229,3,0.6765
3564,314.896,21.0297,26.6118,3,0.6999
3565,314.962,19.092,26.592,3,0.6797
3566,315.03,18.4516,27.554,3,0.6957
3567,315.095,19.3352,26.9928,3,0.6637
3568,315.165,17.8219,25.739,3,0.6265
3569,315.227,20.6288,24.904,3,0.6214
3570,315.301,16.6102,27.323,3,0.6301
3571,315.36,22.3044,27.0352,3,0.6162
3572,315.431,17.2217,24.4811,3,0.6081
3573,315.496,19.6855,27.751,2,0.6827
3574,315.56,19.8341,26.8471,2,0.6815
3575,315.63,17.9144,27.0457,2,0.682
3576,315.696,19.1674,27.1828,3,0.5856
3577,315.761,19.7422,26.3178,2,0.7245
3578,315.83,17.8098,27.9379,3,0.6423
3579,315.9,18.0655,28.0418,3,0.6566
3580,315.959,21.9936,24.9312,3,0.6799
3581,316.037,15.6026,28.084,3,0.6652
3582,316.093,23.8459,25.2733,2,0.739
3583,316.165,17.0237,26.4401,2,0.7468
3584,316.229,20.0589,25.6131,2,0.7663
3585,316.301,17.204,27.4723,2,0.7606
3586,316.359,22.4392,25.0371,2,0.7633
3587,316.433,16.6747,26.9172,3,0.655
3588,316.497,19.8735,26.9899,3,0.6596
3589,316.562,19.548,26.6969,3,0.681
3590,316.627,19.5645,25.0361,3,0.6678
3591,316.696,18.0457,25.9931,3,0.6674
3592,316.76,19.6715,25.311,3,0.6593
3593,316.831,17.3847,25.8691,3,0.5947
3594,316.897,19.148,27.7781,2,0.6961
3595,316.962,19.5412,26.1478,2,0.6887
3596,317.033,17.316,27.1082,2,0.6906
3597,317.094,21.2512,26.747,2,0.6818
3598,317.166,17.2831,26.2101,2,0.6761
3599,317.23,20.0605,26.329,2,0.6829
3600,317.298,18.3221,28.152,2,0.6818
3601,317.365,18.8539,26.6919,1,0.9541
3602,317.429,19.9469,25.223,1,0.9534
3603,317.499,17.6115,27.4928,1,0.9526
3604,317.56,21.4869,27.0872,1,0.9524
3605,317.636,16.0602,28.5881,2,0.6781
3606,317.694,22.6455,27.3142,2,0.6923
3607,317.767,17.0225,25.7959,2,0.6967
3608,317.828,20.9289,24.9259,2,0.7004
3609,317.897,18.062,25.0909,2,0.6842
3610,317.967,17.8849,27.328,2,0.6849
3611,318.026,22.2628,27.0181,2,0.6753
3612,318.105,15.2357,26.686,2,0.6819
3613,318.159,24.9526,27.1912,2,0.686
3614,318.234,16.4023,27.6909,2,0.6795
3615,318.297,20.3559,26.2322,2,0.6727
3616,318.365,18.2598,25.6271,2,0.6747
3617,318.427,21.0381,27.626,1,0.9452
3618,318.504,15.8751,28.0623,1,0.9434
3619,318.559,24.1447,26.458,1,0.9407
3620,318.627,18.2606,24.724,1,0.9405
3621,318.693,19.3379,27.8089,1,0.9448
3622,318.762,18.1811,25.8722,2,0.6882
3623,318.834,17.0987,26.2599,2,0.6887
3624,318.894,21.255,25.2678,1,0.9435
3625,318.963,18.022,25.8379,2,0.6953
3626,319.03,18.9178,25.48,1,0.942
3627,319.097,18.814,26.5741,2,0.6947
3628,319.162,19.3783,26.5481,1,0.9453
3629,319.233,17.6597,25.7821,1,0.9532
3630,319.294,21.1622,25.7421,1,0.9485
3631,319.367,16.712,26.5868,1,0.9532
3632,319.429,20.7177,27.617,1,0.9488
3633,319.495,19.2164,26.3531,1,0.9519
3634,319.567,17.1265,25.4092,1,0.9508
3635,319.629,20.4817,28.7099,1,0.9514
3636,319.698,18.0659,27.4067,1,0.9466
3637,319.764,18.6731,27.215,2,0.6848
3638,319.83,19.2101,26.3438,2,0.6913
3639,319.903,16.9944,27.503,2,0.6855
3640,319.96,22.9885,25.6371,2,0.7081
3641,320.032,17.2322,25.4941,2,0.6855
3642,320.101,17.9395,26.4919,2,0.6772
3643,320.158,23.5598,25.3441,1,0.9534
3644,320.233,16.2027,26.0198,1,0.9514
3645,320.296,20.2543,26.7119,1,0.953
3646,320.363,18.7217,27.1018,2,0.6849
3647,320.43,19.0259,28.4221,1,0.9504
3648,320.501,17.2572,27.2572,1,0.9521
3649,320.562,21.5899,26.49,1,0.9494
3650,320.627,19.4546,26.3398,2,0.6842
3651,320.703,15.9638,27.3678,1,0.9495
3652,320.761,22.4085,27.3659,1,0.9499
3653,320.833,17.3256,27.071,2,0.7145
3654,320.893,21.8164,25.8517,2,0.8469
3655,320.968,16.2367,26.9377,2,0.8515
3656,321.025,23.1776,25.847,2,0.8609
3657,321.103,15.6487,26.6361,2,0.8066
3658,321.16,23.2249,25.811,2,0.7927
3659,321.232,17.1098,25.5799,2,0.8396
3660,321.298,19.06,26.1128,2,0.8679
3661,321.368,17.5095,27.7188,2,0.8828
3662,321.426,22.5738,26.3681,2,0.8638
3663,321.498,17.3404,24.621,2,0.8579
3664,321.563,19.3139,26.773,2,0.8532
3665,321.628,19.3611,25.4209,2,0.8612
3666,321.704,16.1397,26.9709,2,0.8971
3667,321.76,23.5643,25.7661,2,0.8837
3668,321.831,17.4544,23.7741,2,0.8413
3669,321.899,18.3919,26.2282,2,0.8106
3670,321.962,20.1442,27.808,2,0.8163
3671,322.035,16.8081,27.3001,2,0.8346
3672,322.091,23.7914,25.0449,2,0.7107
3673,322.17,15.3546,26.4268,2,0.6893
3674,322.227,23.2947,26.5601,2,0.7581
3675,322.3,16.7512,25.7211,2,0.8195
3676,322.357,23.3253,26.7029,2,0.8013
3677,322.431,16.5648,26.69,2,0.8411
3678,322.497,19.286,27.6511,2,0.831
3679,322.566,17.9915,28.0869,2,0.8544
3680,322.63,19.9244,26.7251,2,0.8346
3681,322.7,17.7589,26.4928,2,0.7932
3682,322.765,19.5496,28.5749,2,0.856
3683,322.831,18.728,26.643,2,0.8484
3684,322.901,17.489,26.8219,2,0.8327
3685,322.956,24.709,26.4571,2,0.8725
3686,323.032,15.9076,24.6928,2,0.871
3687,323.097,19.4027,24.3311,2,0.8904
3688,323.167,17.792,26.135,2,0.8681
3689,323.227,21.5708,27.4932,2,0.8269
3690,323.305,15.5287,29.8769,2,0.8281
3691,323.356,27.049,25.96,2,0.7478
3692,323.433,16.0123,26.695,2,0.8203
3693,323.494,21.1385,26.2349,2,0.8044
3694,323.568,16.4052,26.2649,2,0.7864
3695,323.629,21.6704,28.213,2,0.8455
3696,323.703,16.4397,26.8769,2,0.7958
3697,323.757,24.8948,24.7111,2,0.6975
3698,323.834,15.7332,25.7499,2,0.7831
3699,323.897,20.4215,25.7311,2,0.8588
3700,323.962,19.4571,26.566,2,0.8103
3701,324.031,18.2895,26.4761,2,0.8569
3702,324.104,16.8808,27.6139,2,0.7829
3703,324.159,23.9873,25.9969,1,0.9564
3704,324.234,16.3289,26.4049,2,0.7083
3705,324.293,22.4125,26.5419,2,0.766
3706,324.367,16.543,27.4937,2,0.9125
3707,324.432,19.3379,28.729,2,0.9172
3708,324.496,20.2815,25.0111,2,0.9038
3709,324.567,17.1813,25.2988,2,0.8983
3710,324.632,19.8519,26.9389,2,0.8881
3711,324.702,17.5266,28.2869,2,0.8838
3712,324.758,24.009,25.857,2,0.7899
3713,324.835,15.816,26.932,2,0.8949
3714,324.896,21.583,28.1298,3,0.7057
3715,324.965,17.8419,26.8292,2,0.8576
3716,325.034,18.3833,27.1633,2,0.898
3717,325.096,20.6457,27.0598,2,0.8768
3718,325.165,18.2205,25.3229,2,0.8926
3719,325.229,19.8966,26.4568,2,0.9013
3720,325.299,17.5512,25.9159,1,0.9494
3721,325.361,20.7151,25.5961,1,0.959
3722,325.431,17.9515,26.9759,2,0.7913
3723,325.498,18.5015,26.0751,2,0.8265
3724,325.568,17.696,25.692,2,0.7785
3725,325.629,21.7355,26.505,2,0.8626
3726,325.705,15.9378,27.9093,2,0.8256
3727,325.758,25.7718,24.1148,1,0.9516
3728,325.837,15.2751,27.338,1,0.952
3729,325.895,22.8013,26.8428,1,0.9522
3730,325.966,17.4548,26.082,1,0.9437
3731,326.029,20.6233,26.8469,1,0.9426
3732,326.103,16.4015,28.3027,2,0.7617
3733,326.159,23.7756,25.8801,2,0.8279
3734,326.229,17.9013,25.203,2,0.876
3735,326.299,17.721,25.6031,2,0.8773
3736,326.363,20.0574,27.041,2,0.855
3737,326.431,18.3671,27.0431,3,0.7069
3738,326.502,17.2058,26.7961,3,0.7164
3739,326.559,23.5821,27.231,3,0.7155
3740,326.629,17.7194,27.9229,3,0.754
3741,326.699,17.7079,27.4529,3,0.7373
3742,326.764,19.7025,27.2043,3,0.7355
3743,326.829,19.5393,26.8791,3,0.7633
3744,326.898,18.078,28.7399,3,0.7296
3745,326.959,21.0023,25.903,3,0.7175
3746,327.035,16.2576,26.8469,3,0.6572
3747,327.096,21.231,26.9291,3,0.6685
3748,327.165,17.9495,26.794,3,0.7486
3749,327.229,19.8791,26.4561,3,0.772
3750,327.298,18.0868,28.2071,3,0.7753
3751,327.366,18.6175,27.9438,3,0.7763
3752,327.434,18.4952,29.3,4,0.6979
3753,327.501,18.6491,29.6092,4,0.7631
3754,327.565,19.9581,27.638,4,0.7038
3755,327.632,19.0081,27.4489,4,0.7128
3756,327.703,17.4667,29.1538,4,0.7913
3757,327.763,21.6118,26.6011,4,0.8025
3758,327.836,17.0274,26.8052,4,0.7902
3759,327.893,23.3645,27.1471,4,0.7755
3760,327.97,15.7849,28.5139,4,0.7251
3761,328.028,22.7797,26.8092,4,0.6895
3762,328.107,15.2847,29.103,3,0.7591
3763,328.16,25.6443,27.2789,3,0.7919
3764,328.236,16.2129,26.5532,3,0.7549
3765,328.291,24.3848,25.2469,3,0.7584
3766,328.369,15.5914,25.5179,3,0.8002
3767,328.427,22.7813,26.144,4,0.6803
3768,328.502,16.1842,25.6729,4,0.8064
3769,328.558,23.6938,25.125,4,0.7783
3770,328.64,14.6458,27.4429,4,0.8382
3771,328.691,27.3996,25.8131,4,0.8363
3772,328.764,16.8525,25.315,5,0.7417
3773,328.83,19.1542,25.383,4,0.7991
3774,328.9,17.8913,27.7238,4,0.8168
3775,328.963,20.0767,28.0688,4,0.7839
3776,329.032,18.0825,27.179,4,0.8214
3777,329.096,19.8526,27.6949,4,0.8022
3778,329.175,15.3813,30.2048,4,0.7516
3779,329.228,25.3889,29.5937,4,0.7195
3780,329.303,16.4707,26.2589,4,0.7343
3781,329.365,20.8909,27.2899,3,0.8163
3782,329.431,19.1267,27.4389,3,0.8207
3783,329.501,17.6115,28.4848,3,0.8178
3784,329.562,21.249,26.541,3,0.8197
3785,329.632,17.9915,25.799,3,0.8171
3786,329.699,18.7142,28.3992,3,0.8213
3787,329.767,18.5501,27.1533,3,0.826
3788,329.831,19.8083,24.708,3,0.8189
3789,329.9,17.8502,27.42,3,0.8174
3790,329.963,20.4529,26.4683,3,0.8211
3791,330.034,17.3485,25.897,3,0.8206
3792,330.097,20.1532,27.0112,3,0.8236
3793,330.167,17.9995,27.957,3,0.8189
3794,330.229,20.3339,29.9039,3,0.8176
3795,330.301,16.9042,27.8351,3,0.8126
3796,330.362,21.2779,26.4208,3,0.8068
3797,330.433,17.4832,29.103,3,0.8023
3798,330.493,21.8909,26.7491,3,0.8035
3799,330.563,17.5455,26.463,3,0.8101
3800,330.635,17.2052,26.5601,3,0.8027
3801,330.7,19.945,29.2809,3,0.8088
3802,330.764,19.6163,25.645,3,0.8118
3803,330.831,18.772,25.45,3,0.8005
3804,330.905,16.795,28.8188,3,0.7922
3805,330.962,23.1552,26.3641,3,0.8017
3806,331.026,20.1686,26.9361,3,0.8066
3807,331.094,18.4556,24.744,3,0.803
3808,331.164,17.6657,26.51,3,0.801
3809,331.234,17.9398,27.7572,3,0.7218
3810,331.296,20.2955,27.1959,2,0.7583
3811,331.368,17.2091,25.6178,2,0.7642
3812,331.43,20.7259,28.132,2,0.7555
3813,331.502,17.2978,28.286,2,0.7454
3814,331.565,20.1418,28.578,2,0.6928
3815,331.634,18.1498,26.7622,2,0.6851
3816,331.697,20.1649,27.9899,1,0.9175
3817,331.767,18.0197,25.5771,1,0.9191
3818,331.829,20.4604,25.831,1,0.9207
3819,331.906,15.9198,28.481,2,0.767
3820,331.959,25.662,25.8999,2,0.8171
3821,332.033,16.5193,26.5369,2,0.8896
3822,332.106,16.9756,28.393,2,0.8836
3823,332.16,24.7151,26.9771,2,0.8888
3824,332.234,16.9188,27.1907,2,0.86
3825,332.297,20.1312,28.9867,3,0.773
3826,332.369,16.9524,31.8549,3,0.8008
3827,332.432,20.6429,29.5501,3,0.6932
3828,332.497,19.5503,27.297,2,0.7275
3829,332.572,16.0669,34.358,1,0.9167
3830,332.626,25.2113,29.6068,1,0.9156
3831,332.703,15.8383,28.2779,2,0.6702
3832,332.762,22.7005,28.136,2,0.664
3833,332.836,16.6346,26.9649,1,0.9185
3834,332.897,21.1157,26.1521,1,0.9203
3835,332.969,17.2827,27.267,1,0.9221
3836,333.029,21.4294,26.2201,1,0.9215
3837,333.101,17.1538,27.5278,1,0.9192
3838,333.167,18.8065,26.7458,1,0.9163
3839,333.232,19.7933,25.9829,1,0.9176
3840,333.295,20.321,25.5661,1,0.9157
3841,333.367,17.0891,27.4181,1,0.916
3842,333.427,21.2558,26.7839,1,0.9166
3843,333.495,18.5147,25.5079,1,0.9164
3844,333.568,16.9705,29.2928,1,0.9169
3845,333.628,21.4849,26.2811,1,0.9163
3846,333.701,17.0121,27.2248,1,0.9182
3847,333.765,19.8578,28.9459,1,0.9151
3848,333.829,19.8229,27.3337,1,0.9161
3849,333.901,17.2879,30.858,1,0.9174
3850,333.961,21.732,27.2422,1,0.9183
3851,334.034,16.6759,28.445,1,0.9181
3852,334.095,21.1529,26.5241,1,0.9175
3853,334.163,18.4417,26.9248,1,0.9171
3854,334.232,18.1508,26.5892,1,0.9174
3855,334.295,20.2536,27.863,1,0.915
3856,334.365,17.8786,27.5321,1,0.9162
3857,334.429,20.202,29.233,1,0.9167
3858,334.501,16.9362,27.7131,1,0.9175
3859,334.563,20.9987,28.0859,1,0.9156
3860,334.637,16.7633,27.1869,1,0.9153
3861,334.697,21.5284,27.3209,1,0.9167
3862,334.767,17.5862,27.6098,1,0.9183
3863,334.829,20.5302,27.3108,1,0.9179
3864,334.901,17.3346,29.1691,1,0.9209
3865,334.968,18.6386,30.8712,1,0.9189
3866,335.028,21.8007,27.792,1,0.9205
3867,335.107,15.4455,27.4839,1,0.9194
3868,335.159,26.1916,27.2222,1,0.9212
3869,335.236,15.8751,26.469,1,0.9242
3870,335.297,20.849,25.0561,2,0.7114
3871,335.366,18.1082,26.763,2,0.7533
3872,335.432,19.1498,27.904,2,0.8248
3873,335.504,17.1919,26.752,3,0.7171
3874,335.564,21.9939,25.9819,2,0.8858
3875,335.631,18.7666,26.4671,2,0.8982
3876,335.702,17.3941,28.3468,3,0.7358
3877,335.761,21.7624,27.8323,2,0.9011
3878,335.83,18.1344,26.6168,3,0.7906
3879,335.893,20.0658,26.803,3,0.8707
3880,335.962,18.0885,25.5811,3,0.8513
3881,336.031,18.1561,25.7223,3,0.8548
3882,336.101,17.6729,27.4911,3,0.8638
3883,336.162,21.1765,25.4447,3,0.8965
3884,336.235,16.8246,28.4171,3,0.867
3885,336.299,19.9346,28.2938,3,0.8503
3886,336.366,19.0179,34.358,3,0.8867
3887,336.436,17.86,30.5369,3,0.8302
3888,336.492,23.5299,29.7658,3,0.7803
3889,336.563,17.5992,30.1168,3,0.8377
3890,336.632,18.0564,27.7379,3,0.7727
3891,336.7,18.4319,29.1388,2,0.9057
3892,336.761,21.1455,27.962,2,0.9063
3893,336.825,19.9965,27.524,2,0.9101
3894,336.893,18.5096,27.2288,2,0.9053
3895,336.963,17.5199,29.434,2,0.8987
3896,337.029,19.0469,29.5818,2,0.9091
3897,337.099,17.8438,30.1301,2,0.9027
3898,337.166,18.6997,29.7911,2,0.8976
3899,337.234,18.8683,31.9009,3,0.8011
3900,337.292,27.8643,28.3148,3,0.8525
3901,337.367,16.5989,29.0122,3,0.8653
3902,337.433,19.1446,28.0139,3,0.8606
3903,337.503,20.8411,29.5763,3,0.8506
3904,337.57,19.0589,31.059,3,0.8226
3905,337.636,19.7965,30.8611,3,0.8175
3906,337.703,19.0213,29.8803,3,0.8393
3907,337.768,19.558,29.732,3,0.7952
3908,337.845,16.0789,34.0931,3,0.7968
3909,337.901,23.6004,28.9571,3,0.84
3910,337.972,17.6666,30.7391,3,0.8039
3911,338.037,19.5077,31.57,2,0.8999
3912,338.107,18.2392,31.9459,2,0.8784
3913,338.169,21.1447,31.785,2,0.8515
3914,338.236,19.0884,29.2439,2,0.828
3915,338.304,18.5615,32.48,2,0.8632
3916,338.37,19.6563,32.7942,2,0.8774
3917,338.438,18.7039,31.873,2,0.8554
3918,338.507,18.4066,31.2281,2,0.8309
3919,338.565,22.7962,30.2248,2,0.6964
3920,338.636,17.811,27.2729,1,0.9058
3921,338.702,19.2441,27.7481,1,0.903
3922,338.766,19.9207,28.1379,1,0.9047
3923,338.835,18.5677,26.7429,1,0.8997
3924,338.899,20.0079,27.4138,1,0.9047
3925,338.969,17.5209,26.895,1,0.911
3926,339.033,19.9864,26.623,1,0.9111
3927,339.101,18.4563,26.5658,1,0.9076
3928,339.163,20.7517,25.1782,1,0.9066
3929,339.237,16.6184,27.8149,2,0.7648
3930,339.3,20.6838,27.3981,2,0.7996
3931,339.364,19.685,27.056,2,0.8066
3932,339.433,18.2439,27.3819,2,0.8619
3933,339.503,17.8692,28.5819,2,0.8316
3934,339.569,19.293,26.6621,2,0.8117
3935,339.632,19.976,25.795,2,0.8123
3936,339.704,17.1774,27.4451,2,0.8158
3937,339.766,21.143,27.6527,2,0.8644
3938,339.834,18.3207,28.2323,2,0.8749
3939,339.907,16.7501,28.9712,2,0.9092
3940,339.965,22.8504,28.7411,2,0.9176
3941,340.038,16.8745,27.9589,2,0.9073
3942,340.099,21.5681,26.8743,2,0.9122
3943,340.17,17.5995,27.2522,2,0.9148
3944,340.235,19.5511,27.2138,2,0.9166
3945,340.308,16.8572,29.0391,2,0.9084
3946,340.36,26.21,25.3179,2,0.9011
3947,340.441,14.9651,27.4131,2,0.9009
3948,340.494,25.115,25.4562,2,0.8899
3949,340.572,15.7307,25.413,2,0.7974
3950,340.627,24.3374,25.9089,1,0.9144
3951,340.707,14.9831,27.436,1,0.911
3952,340.759,25.7585,27.2248,1,0.9146
3953,340.842,14.5144,28.671,1,0.9121
3954,340.894,26.2021,26.2003,1,0.9126
3955,340.971,15.7478,26.078,1,0.9072
3956,341.028,23.0729,26.9468,1,0.9116
3957,341.107,15.3324,26.7003,1,0.9048
3958,341.161,24.888,25.3098,1,0.9109
3959,341.236,16.262,26.9279,1,0.9084
3960,341.296,21.6765,26.6488,1,0.9078
3961,341.372,16.1326,28.2559,1,0.9098
3962,341.429,23.5138,27.0681,1,0.9098
3963,341.506,15.8843,27.2419,1,0.9089
3964,341.561,24.2614,25.8048,1,0.9087
3965,341.643,14.6977,28.172,1,0.9059
3966,341.695,25.542,26.1848,1,0.9073
3967,341.769,16.8705,25.213,1,0.9043
3968,341.833,19.8468,26.006,1,0.905
3969,341.904,17.2037,27.7152,1,0.9074
3970,341.964,22.0692,26.0751,1,0.9063
3971,342.034,17.6613,26.0983,1,0.9065
3972,342.108,16.7207,28.6179,1,0.9071
3973,342.162,24.4052,27.9212,1,0.9078
3974,342.238,16.276,26.8769,1,0.9089
3975,342.301,20.6397,27.3559,1,0.911
3976,342.369,18.199,28.2671,1,0.9079
3977,342.434,19.8685,27.8518,1,0.9066
3978,342.507,16.6799,29.7511,1,0.9058
3979,342.566,21.9621,28.213,2,0.6691
3980,342.635,18.0617,27.4827,1,0.9053
3981,342.708,16.852,29.845,1,0.9045
3982,342.766,22.5418,27.6942,1,0.9093
3983,342.838,17.1633,27.4849,1,0.911
3984,342.9,20.7422,28.4491,1,0.9103
3985,342.974,16.6955,30.2861,1,0.9101
3986,343.037,20.5351,28.8279,1,0.9148
3987,343.103,19.293,29.0451,1,0.9125
3988,343.168,19.3719,28.3031,1,0.9103
3989,343.238,17.7882,28.744,1,0.9104
3990,343.3,20.7628,27.9472,1,0.9098
3991,343.37,17.8887,28.523,1,0.9107
3992,343.431,21.5031,27.6511,1,0.91
3993,343.507,15.9086,27.477,1,0.9091
3994,343.56,25.6725,26.2091,1,0.9096
3995,343.643,14.5222,28.6241,1,0.9096
3996,343.694,26.4677,26.227,1,0.9076
3997,343.771,15.8398,26.4482,1,0.9112
3998,343.831,21.9544,25.1672,1,0.9134
3999,343.905,16.5006,27.4639,1,0.9114
4000,343.961,23.7856,26.6588,1,0.9126
4001,344.036,16.395,26.5169,1,0.9112
4002,344.102,18.9315,25.7771,1,0.9112
4003,344.167,19.7246,27.5691,1,0.9081
4004,344.234,18.6481,25.5661,1,0.9018
4005,344.302,18.4047,27.0901,1,0.8967
4006,344.368,19.2067,27.6067,1,0.8968
4007,344.436,18.5305,27.2219,1,0.8973
4008,344.503,18.7136,27.0071,1,0.8968
4009,344.57,18.7971,29.645,1,0.8994
4010,344.633,20.0806,26.654,1,0.8995
4011,344.702,18.1673,27.2419,1,0.9026
4012,344.77,18.2056,27.2169,1,0.9025
4013,344.833,20.3487,26.9141,1,0.9031
4014,344.906,16.9477,28.6982,2,0.6557
4015,344.965,22.1372,27.2059,1,0.9001
4016,345.034,18.1673,27.4072,1,0.9017
4017,345.104,17.9802,27.669,1,0.9027
4018,345.168,19.9482,26.686,1,0.9027
4019,345.237,17.4862,27.5741,1,0.9007
4020,345.302,19.9816,26.895,1,0.9018
4021,345.364,20.662,26.0429,1,0.9027
4022,345.438,16.673,27.05,1,0.9016
4023,345.497,21.9718,26.706,1,0.901
4024,345.57,16.9422,27.576,1,0.9018
4025,345.634,19.8957,27.6113,1,0.9024
4026,345.703,18.0786,27.6949,1,0.9051
4027,345.766,20.5479,26.8512,2,0.6914
4028,345.835,17.9582,27.142,2,0.6785
4029,345.9,19.3923,26.835,2,0.6765
4030,345.965,19.5198,25.3811,2,0.6682
4031,346.035,17.5202,25.003,1,0.9002
4032,346.103,18.6505,27.4322,1,0.9006
4033,346.165,20.3616,25.6948,1,0.9018
4034,346.234,18.1452,26.6271,1,0.8998
4035,346.299,19.6172,25.665,1,0.8997
4036,346.363,19.6947,26.3228,2,0.6699
4037,346.437,16.7763,25.8458,2,0.6621
4038,346.495,22.3544,25.8579,2,0.6645
4039,346.57,16.2379,26.6678,2,0.6864
4040,346.634,20.0108,27.0803,2,0.7191
4041,346.703,17.9459,27.2379,2,0.7068
4042,346.766,20.3132,26.444,2,0.6617
4043,346.834,18.3577,25.7668,1,0.8962
4044,346.901,18.9981,25.9309,1,0.9
4045,346.966,19.3682,24.8849,1,0.8999
4046,347.032,19.0567,25.5489,1,0.9037
4047,347.103,17.3792,26.104,1,0.9019
4048,347.165,20.9768,25.507,2,0.6766
4049,347.237,17.2212,26.1309,2,0.687
4050,347.302,19.2167,26.4509,2,0.7766
4051,347.366,19.8736,27.1392,2,0.7129
4052,347.434,18.6941,27.8971,2,0.8031
4053,347.506,17.1125,27.7388,2,0.7804
4054,347.564,22.6173,27.1251,2,0.7712
4055,347.638,16.4414,27.0889,2,0.7745
4056,347.699,21.1364,25.6608,2,0.6916
4057,347.769,17.7872,26.4111,2,0.7964
4058,347.835,19.2641,27.874,2,0.6871
4059,347.902,19.0186,27.7572,2,0.6988
4060,347.964,20.4759,26.0179,2,0.6379
4061,348.037,16.5368,26.1149,1,0.811
4062,348.1,20.3206,25.2712,1,0.8319
4063,348.167,18.9125,26.4661,1,0.8136
4064,348.237,17.5574,27.3249,1,0.8549
4065,348.301,20.0928,27.0121,1,0.8722
4066,348.366,19.3338,25.49,1,0.7847
4067,348.437,17.6221,27.9942,1,0.8184
4068,348.502,19.4363,28.1889,1,0.808
4069,348.565,20.0341,26.844,1,0.7477
4070,348.64,16.401,28.0941,1,0.7771
4071,348.696,24.0269,27.2911,1,0.8112
4072,348.773,15.7664,26.2952,1,0.7719
4073,348.827,25.1389,25.4638,1,0.6346
4074,348.908,14.7706,28.5408,1,0.7153
4075,348.962,25.1162,26.71,1,0.7412
4076,349.041,15.3688,27.4708,2,0.5375
4077,349.098,23.4061,26.2983,1,0.7127
4078,349.171,16.8132,26.057,1,0.7276
4079,349.231,21.5123,25.7862,1,0.7196
4080,349.304,16.9767,26.4449,1,0.6314
4081,349.363,21.5011,25.9459,1,0.6112
4082,349.438,16.5082,26.4449,1,0.6274
4083,349.501,20.2359,25.9449,1,0.6529
4084,349.567,19.0324,25.8839,1,0.6452
4085,349.633,19.3308,26.6249,1,0.7291
4086,349.705,17.0407,26.4981,1,0.692
4087,349.765,21.624,25.9209,1,0.7889
4088,349.836,17.4349,25.1281,1,0.7845
4089,349.902,19.036,26.8559,1,0.81
4090,349.967,19.7006,26.063,1,0.6588
4091,350.033,19.0484,26.9821,1,0.7522
4092,350.103,17.606,25.532,1,0.7584
4093,350.164,21.1399,26.16,1,0.7294
4094,350.236,17.2319,26.9058,1,0.75
4095,350.3,19.7025,26.7069,1,0.7615
4096,350.368,18.4057,26.176,1,0.7829
4097,350.434,19.2998,26.5689,1,0.7878
4098,350.504,17.9061,27.061,1,0.7646
4099,350.566,20.4998,26.0253,1,0.7648
4100,350.637,17.4109,27.3559,1,0.7959
4101,350.698,20.8965,25.975,1,0.7799
4102,350.765,18.89,25.5311,1,0.7843
4103,350.837,17.2186,24.7579,1,0.8037
4104,350.897,21.675,26.4008,1,0.8466
4105,350.97,16.6975,25.3756,1,0.8557
4106,351.029,22.2603,25.78,2,0.6733
4107,351.109,15.0283,26.7971,2,0.7565
4108,351.164,24.1664,26.1567,2,0.7745
4109,351.235,17.3599,25.1012,2,0.7574
4110,351.301,19.3484,25.1431,2,0.807
4111,351.366,19.4693,26.154,2,0.8157
4112,351.432,19.0324,25.202,2,0.7876
4113,351.501,18.0034,26.5648,1,0.8699
4114,351.568,18.7786,28.1129,1,0.8614
4115,351.635,18.849,25.959,1,0.821
4116,351.705,17.4976,26.5589,1,0.8865
4117,351.763,23.0366,25.5783,1,0.8683
4118,351.84,15.7404,25.7652,1,0.8953
4119,351.897,23.0437,25.2101,1,0.8915
4120,351.971,16.6758,25.3778,1,0.9006
4121,352.033,20.5254,26.0761,2,0.6329
4122,352.107,16.544,27.5631,2,0.7177
4123,352.168,21.5643,27.442,2,0.673
4124,352.232,19.6306,25.0483,2,0.7069
4125,352.301,18.0632,27.3349,1,0.8492
4126,352.37,18.1646,26.9079,1,0.8685
4127,352.429,22.3304,25.429,1,0.9142
4128,352.505,16.0205,26.0899,1,0.9067
4129,352.561,23.4599,24.5929,1,0.9063
4130,352.638,15.8927,26.341,1,0.918
4131,352.7,20.6595,25.579,1,0.9239
4132,352.767,18.9505,25.4519,1,0.9227
4133,352.834,18.9097,25.6083,1,0.9237
4134,352.905,17.4465,26.9749,1,0.9215
4135,352.962,23.0781,26.1118,1,0.9135
4136,353.039,15.807,26.3188,1,0.9104
4137,353.102,20.5124,27.0798,2,0.7919
4138,353.166,19.6102,26.262,2,0.8507
4139,353.236,17.7494,26.1979,2,0.8739
4140,353.305,18.1901,26.9928,3,0.7431
4141,353.366,21.1144,26.2809,2,0.9009
4142,353.436,17.7901,25.5699,2,0.7217
4143,353.502,19.0577,27.1111,2,0.8822
4144,353.567,19.3803,25.8808,2,0.8903
4145,353.635,18.3787,25.517,2,0.9232
4146,353.703,18.6234,26.3638,2,0.9187
4147,353.767,19.4997,27.0572,2,0.903
4148,353.835,18.4346,24.94,2,0.8928
4149,353.901,19.0887,26.7129,1,0.9129
4150,353.963,21.0505,27.637,1,0.9151
4151,354.037,16.3439,26.5048,2,0.6702
4152,354.099,20.8406,27.2782,2,0.6719
4153,354.17,17.5386,25.7101,2,0.6677
4154,354.232,20.6476,26.3569,2,0.6871
4155,354.307,16.1844,26.9039,2,0.6776
4156,354.365,23.0229,27.102,2,0.6832
4157,354.435,17.7189,25.5609,2,0.6843
4158,354.5,19.4473,26.8128,2,0.6804
4159,354.57,17.6597,24.9207,2,0.6813
4160,354.633,20.2298,26.1829,2,0.6537
4161,354.704,17.5,27.8718,2,0.6627
4162,354.767,20.5287,25.9531,2,0.6359
4163,354.836,17.8428,26.273,1,0.9035
4164,354.903,18.8548,27.3108,2,0.6593
4165,354.968,19.379,27.4479,1,0.9213
4166,355.034,19.3174,26.4111,1,0.916
4167,355.104,17.6991,27.8361,1,0.9117
4168,355.168,19.8617,28.2228,2,0.6958
4169,355.234,19.3135,25.8749,2,0.7157
4170,355.304,17.7613,27.143,2,0.6861
4171,355.369,19.333,26.6953,2,0.6834
4172,355.436,18.7723,27.3221,2,0.6765
4173,355.505,18.1452,27.463,1,0.9138
4174,355.567,20.6775,25.9562,1,0.9124
4175,355.635,18.5339,25.5909,1,0.9148
4176,355.699,19.7165,25.9061,1,0.917
4177,355.77,17.3618,25.8019,1,0.9154
4178,355.834,20.0658,25.933,2,0.664
4179,355.906,17.2369,26.6941,2,0.6697
4180,355.963,23.0857,26.8302,2,0.6696
4181,356.04,15.7527,26.4781,1,0.9211
4182,356.101,21.1153,26.547,1,0.9168
4183,356.169,18.4908,25.3208,1,0.919
4184,356.238,17.9615,26.2649,2,0.6697
4185,356.304,19.0636,26.5007,2,0.6808
4186,356.367,20.2872,25.7196,2,0.7063
4187,356.435,18.5398,25.8589,2,0.7283
4188,356.499,19.9919,26.3331,2,0.7546
4189,356.571,17.0097,26.2239,2,0.7484
4190,356.636,19.5473,25.7931,2,0.7458
4191,356.701,19.3461,27.5319,2,0.7486
4192,356.767,19.4458,26.7971,2,0.7468
4193,356.837,17.7343,25.697,2,0.7402
4194,356.904,18.5598,27.19,2,0.7496
4195,356.967,20.462,27.045,2,0.7475
4196,357.037,17.7683,26.2651,2,0.7481
4197,357.105,18.487,27.6916,2,0.7401
4198,357.166,21.15,25.1961,2,0.739
4199,357.239,16.4869,27.128,2,0.7089
4200,357.302,20.6445,27.2388,2,0.7369
4201,357.368,18.9135,25.9109,2,0.7484
4202,357.44,17.0594,29.475,2,0.7379
4203,357.5,21.4262,26.571,2,0.7171
4204,357.57,17.6976,26.7751,2,0.7249
4205,357.634,20.1202,27.3142,2,0.7279
4206,357.706,16.9357,27.446,2,0.7119
4207,357.765,22.4206,25.4991,2,0.706
4208,357.843,15.4223,28.1198,2,0.6906
4209,357.898,24.4864,27.2052,2,0.7066
4210,357.976,15.6947,26.8638,2,0.6973
4211,358.031,23.9577,26.2628,2,0.72
4212,358.11,15.3041,29.2499,2,0.7213
4213,358.163,25.3859,27.8611,2,0.7265
4214,358.241,15.6331,26.4142,2,0.7054
4215,358.297,23.7807,26.0482,2,0.6798
4216,358.372,16.2975,26.422,2,0.6825
4217,358.434,20.6504,27.1051,2,0.6737
4218,358.507,17.1109,27.4379,2,0.6713
4219,358.563,23.5334,25.5849,2,0.669
4220,358.641,15.5251,26.0441,2,0.6745
4221,358.697,23.77,25.3839,2,0.706
4222,358.773,16.0264,26.7212,2,0.7067
4223,358.833,21.573,27.7092,2,0.7023
4224,358.907,16.6104,28.6107,2,0.7047
4225,358.965,22.9975,27.1108,2,0.7023
4226,359.04,16.4072,29.3071,2,0.6849
4227,359.104,19.5305,27.4019,2,0.6647
4228,359.171,18.6835,27.8499,2,0.688
4229,359.238,18.9152,26.9439,2,0.6855
4230,359.301,20.5943,26.2988,2,0.6927
4231,359.372,17.2757,26.8748,1,0.9076
4232,359.43,23.0829,26.1829,1,0.9097
4233,359.511,14.7401,30.4139,2,0.6716
4234,359.561,28.4601,25.847,2,0.6862
4235,359.644,14.4065,28.564,2,0.6966
4236,359.699,23.975,27.8399,2,0.694
4237,359.769,17.7825,25.0409,2,0.7334
4238,359.837,18.3436,25.4722,2,0.7502
4239,359.904,18.8879,25.316,2,0.766
4240,359.969,19.5898,25.672,2,0.7782
4241,360.037,18.4013,27.4301,2,0.7414
4242,360.104,18.7751,27.818,2,0.7457
4243,360.171,18.6237,27.1351,2,0.7129
4244,360.233,21.0841,27.4241,2,0.7425
4245,360.304,17.4097,25.1348,2,0.7454
4246,360.368,19.8287,26.7358,2,0.7664
4247,360.434,19.1201,26.334,2,0.7737
4248,360.505,17.6063,26.5028,2,0.7746
4249,360.567,20.9346,26.8071,2,0.7709
4250,360.64,16.7698,26.1331,2,0.76
4251,360.703,20.4156,27.1342,2,0.7478
4252,360.769,19.0371,26.9918,2,0.7367
4253,360.835,19.0354,26.186,2,0.727
4254,360.907,17.0911,27.781,2,0.7082
4255,360.966,22.3849,25.7661,2,0.712
4256,361.037,17.173,25.9721,2,0.6422
4257,361.104,18.9699,25.898,2,0.6501
4258,361.166,20.775,26.6042,2,0.6683
4259,361.238,17.2022,25.4469,2,0.6595
4260,361.303,19.5283,26.5372,2,0.6725
4261,361.369,19.0836,25.5222,2,0.6264
4262,361.438,17.8082,28.3041,1,0.8374
4263,361.503,19.9355,26.2871,1,0.8374
4264,361.573,17.7014,26.9942,1,0.8459
4265,361.635,20.9745,26.7911,1,0.834
4266,361.706,17.4353,28.6109,1,0.8412
4267,361.769,20.4255,27.0252,1,0.8483
4268,361.838,17.9353,26.0088,1,0.8712
4269,361.9,20.384,27.4057,1,0.8746
4270,361.946,31.0181,25.6462,1,0.8821
4271,362.029,14.3553,28.532,1,0.8763
4272,362.08,26.8199,25.9383,1,0.8657
4273,362.157,15.9175,27.5249,1,0.8667
4274,362.215,22.4442,26.324,1,0.8631
4275,362.293,15.4708,27.734,1,0.8634
4276,362.346,25.5363,25.8598,1,0.8641
4277,362.426,15.1476,28.4882,1,0.8374
4278,362.485,22.5612,27.5252,1,0.8534
4279,362.558,16.7786,27.21,1,0.7541
4280,362.617,22.1224,25.7978,1,0.814
4281,362.689,17.145,27.653,1,0.8172
4282,362.749,21.8012,25.6412,1,0.8271
4283,362.825,16.0408,26.2351,1,0.8737
4284,362.881,23.5183,25.7049,1,0.8666
4285,362.954,16.8424,25.4011,1,0.8652
4286,363.018,19.8551,26.7079,1,0.8696
4287,363.091,16.9334,28.6629,1,0.8496
4288,363.15,22.1981,26.2601,1,0.8647
4289,363.229,15.3947,28.939,2,0.674
4290,363.28,26.7765,25.759,2,0.7128
4291,363.356,16.0029,26.3443,2,0.7378
4292,363.418,20.7339,25.2659,2,0.7396
4293,363.487,18.1749,28.0571,2,0.752
4294,363.555,18.2139,26.7119,2,0.759
4295,363.62,19.8058,26.9632,2,0.7472
4296,363.689,18.0538,26.994,2,0.7376
4297,363.752,20.2618,26.0317,2,0.7484
4298,363.823,17.4273,26.8428,2,0.7406
4299,363.884,21.0623,25.4872,2,0.7306
4300,363.959,16.3524,28.9829,2,0.7444
4301,364.016,23.2259,27.6401,2,0.7468
4302,364.091,16.2814,27.2532,2,0.7322
4303,364.15,22.4476,26.8552,2,0.7021
4304,364.223,16.7644,27.7989,2,0.7185
4305,364.285,21.1489,28.0409,2,0.7331
4306,364.356,17.4837,27.0357,2,0.7416
4307,364.421,19.4163,27.905,2,0.7155
4308,364.486,19.5114,26.6697,2,0.7284
4309,364.553,18.6001,26.7851,2,0.7284
4310,364.622,18.3017,27.437,2,0.7221
4311,364.687,19.4028,28.0011,2,0.7128
4312,364.752,19.4277,26.7801,2,0.7335
4313,364.822,17.7173,26.3581,2,0.7348
4314,364.887,19.7649,27.6241,2,0.7354
4315,364.948,21.0389,25.1541,2,0.7393
4316,365.023,16.1491,26.7658,2,0.742
4317,365.084,21.268,26.0375,2,0.7381
4318,365.155,17.392,26.2082,2,0.7355
4319,365.217,20.924,26.1259,2,0.7234
4320,365.294,15.9003,28.769,2,0.7342
4321,365.349,24.2307,27.2229,2,0.7455
4322,365.423,16.5063,26.098,2,0.7377
4323,365.483,21.699,26.053,2,0.7232
4324,365.557,16.4393,26.5169,2,0.7376
4325,365.617,21.8283,25.3541,2,0.7378
4326,365.693,16.0661,28.9321,2,0.7196
4327,365.75,23.4056,25.8231,2,0.696
4328,365.822,16.8606,26.963,2,0.719
4329,365.91,13.4501,28.5931,1,0.8554
4330,365.966,24.1535,27.2069,1,0.9025
4331,366.037,17.3677,26.408,2,0.6668
4332,366.106,18.1455,27.8208,2,0.6934
4333,366.169,20.2786,27.2293,2,0.7244
4334,366.242,16.6821,27.7717,2,0.6864
4335,366.299,23.3314,25.1539,2,0.7052
4336,366.374,16.3519,25.774,2,0.6848
4337,366.431,23.0085,26.0611,2,0.7144
4338,366.513,14.6718,30.0229,2,0.7443
4339,366.561,29.5851,26.0632,2,0.731
4340,366.643,14.7332,27.5052,2,0.7393
4341,366.699,23.8186,26.7212,2,0.7376
4342,366.775,16.0426,26.6089,2,0.7404
4343,366.832,23.1433,25.4321,2,0.7297
4344,366.911,15.2177,26.4699,2,0.7404
4345,366.961,27.7401,26.5732,2,0.7302
4346,367.042,14.8478,27.406,2,0.7143
4347,367.102,21.6128,27.7512,2,0.7122
4348,367.171,18.1054,26.432,2,0.6971
4349,367.234,20.4914,27.319,2,0.6956
4350,367.305,17.4429,26.3691,2,0.6698
4351,367.37,19.7234,26.926,1,0.9114
4352,367.441,17.3313,28.5981,1,0.9108
4353,367.502,21.4174,27.2388,1,0.9069
4354,367.572,17.7971,25.1358,1,0.9078
4355,367.636,19.6835,27.2331,1,0.918
4356,367.706,17.9079,28.4359,1,0.7406
4357,367.769,20.3841,26.612,1,0.8979
4358,367.838,17.9495,27.6792,1,0.9094
4359,367.902,19.7725,26.788,1,0.9189
4360,367.972,17.8587,29.9451,1,0.8866
4361,368.017,32.0717,27.3972,1,0.9062
4362,368.095,15.5478,27.606,1,0.9233
4363,368.149,24.616,26.7582,1,0.9322
4364,368.219,17.7296,25.7461,1,0.9291
4365,368.288,18.0714,27.848,1,0.916
4366,368.35,20.8072,27.0391,2,0.858
4367,368.418,18.3598,26.18,1,0.8939
4368,368.496,15.6411,28.2121,1,0.8824
4369,368.548,26.3269,26.366,1,0.8824
4370,368.62,17.1145,27.0209,1,0.8904
4371,368.687,18.6948,27.1111,1,0.8958
4372,368.751,19.7887,27.3118,1,0.8961
4373,368.823,17.32,27.3023,1,0.9022
4374,368.887,19.8563,25.558,1,0.8641
4375,368.957,17.7421,26.1371,1,0.8836
4376,369.017,21.8526,25.8832,1,0.8931
4377,369.094,15.7218,28.5442,1,0.9053
4378,369.148,25.1245,25.2979,1,0.9131
4379,369.224,15.9223,26.14,1,0.8926
4380,369.285,21.2531,25.3041,1,0.8935
4381,369.355,17.7367,26.14,1,0.8645
4382,369.415,21.4612,25.192,1,0.8841
4383,369.493,15.7201,26.283,1,0.8864
4384,369.548,24.072,25.393,1,0.8969
4385,369.626,15.6187,26.319,1,0.8964
4386,369.683,23.575,25.9368,1,0.8591
4387,369.757,16.3431,26.3941,1,0.8496
4388,369.817,21.9786,26.3412,1,0.8653
4389,369.893,16.0072,27.4053,1,0.8806
4390,369.948,24.6239,25.82,1,0.8871
4391,370.024,15.9903,25.8639,1,0.8708
4392,370.086,20.7754,26.7751,1,0.8624
4393,370.155,17.9224,25.964,1,0.8748
4394,370.222,18.6661,26.566,1,0.8714
4395,370.285,20.3537,26.4399,1,0.8609
4396,370.358,16.9583,27.55,1,0.8537
4397,370.414,23.8853,26.3188,1,0.8633
4398,370.495,14.8905,26.4218,1,0.8888
4399,370.546,26.6199,25.0423,1,0.8794
4400,370.631,13.9564,28.8062,1,0.8371
4401,370.682,27.2768,26.8061,1,0.838
4402,370.757,16.2843,25.7511,1,0.8673
4403,370.817,21.5031,25.255,1,0.8624
4404,370.892,16.3873,26.8309,1,0.8683
4405,370.951,22.1514,25.377,1,0.877
4406,371.02,17.9382,25.9237,1,0.8882
4407,371.091,17.5352,26.0932,1,0.8837
4408,371.15,22.1234,25.6813,1,0.8794
4409,371.219,18.2089,29.4411,1,0.8971
4410,371.292,16.663,26.6581,1,0.9136
4411,371.351,22.5332,26.6671,1,0.9054
4412,371.423,17.0527,27.1618,1,0.9083
4413,371.485,20.7472,27.6732,1,0.9062
4414,371.557,17.3284,27.5602,1,0.9063
4415,371.621,19.71,28.2328,1,0.9009
4416,371.696,16.3821,28.9741,1,0.9026
4417,371.75,24.6592,28.564,1,0.9064
4418,371.826,16.2557,27.4622,1,0.9152
4419,371.885,21.9954,27.6649,1,0.9009
4420,371.961,16.0339,28.5523,1,0.8706
4421,372.014,25.355,26.0863,1,0.8879
4422,372.093,15.5082,26.2921,1,0.8728
4423,372.148,23.9687,25.0161,1,0.8588
4424,372.226,15.6431,27.3087,1,0.8592
4425,372.286,21.5151,25.84,1,0.8874
4426,372.356,17.7116,25.4729,1,0.9064
4427,372.42,20.1204,25.5959,1,0.8983
4428,372.49,17.5663,26.17,1,0.9006
4429,372.551,21.2218,25.9089,1,0.8556
4430,372.625,16.6292,27.05,1,0.8375
4431,372.685,21.7,25.3322,1,0.868
4432,372.757,17.2333,25.7158,1,0.8938
4433,372.818,21.0562,25.3711,1,0.8916
4434,372.891,16.8206,26.3331,1,0.8891
4435,372.949,22.8363,27.6859,1,0.8809
4436,373.025,16.0228,25.8968,1,0.8788
4437,373.084,22.1696,25.749,1,0.8817
4438,373.156,17.186,26.9558,1,0.8768
4439,373.218,20.4662,26.8109,1,0.886
4440,373.289,17.3977,26.8538,1,0.8583
4441,373.355,19.1853,27.7402,1,0.8487
4442,373.419,20.1833,26.3591,1,0.7936
4443,373.491,17.1547,27.9176,1,0.7917
4444,373.554,19.998,26.34,1,0.7942
4445,373.62,19.2656,26.4091,1,0.781
4446,373.691,17.5617,27.5111,1,0.8332
4447,373.752,21.3423,26.5081,1,0.8332
4448,373.826,16.6044,27.8671,1,0.8231
4449,373.882,23.3809,26.1531,1,0.8221
4450,373.957,16.4387,27.225,1,0.8155
4451,374.023,19.0332,27.9481,1,0.8164
4452,374.086,20.0573,27.302,1,0.8247
4453,374.159,16.6482,29.233,1,0.8271
4454,374.218,22.299,27.3409,1,0.8418
4455,374.29,17.1362,27.6651,1,0.7825
4456,374.354,19.8724,26.4981,1,0.8672
4457,374.419,19.643,25.9671,1,0.8964
4458,374.492,16.6578,27.4041,1,0.8711
4459,374.55,23.0696,26.545,1,0.8285
4460,374.624,16.3346,27.53,1,0.8462
4461,374.687,20.5305,26.4778,1,0.8768
4462,374.755,18.4924,26.9718,1,0.8629
4463,374.82,19.4431,26.5739,1,0.8293
4464,374.889,18.2249,27.9708,1,0.7663
4465,374.955,19.1402,27.3821,1,0.7377
4466,375.025,17.8559,29.4199,1,0.7748
4467,375.088,20.4395,27.2191,1,0.8259
4468,375.154,19.1259,27.107,1,0.8459
4469,375.226,17.1382,27.4298,1,0.9295
4470,375.286,21.7338,27.4541,1,0.8217
4471,375.357,17.4301,28.6529,1,0.9178
4472,375.422,19.1924,28.7328,2,0.7395
4473,375.49,18.6595,28.409,2,0.8105
4474,375.579,13.27,31.7702,2,0.8329
4475,375.634,24.3185,26.8769,2,0.8325
4476,375.709,16.2806,27.8149,2,0.8331
4477,375.769,21.9207,25.5451,2,0.8219
4478,375.838,18.0125,25.2993,2,0.7902
4479,375.906,18.3291,24.9562,2,0.784
4480,375.969,20.3106,25.8491,2,0.7629
4481,376.038,17.9518,25.7452,2,0.7572
4482,376.104,19.4085,26.2208,2,0.7782
4483,376.17,19.0066,25.5449,2,0.8016
4484,376.235,19.6045,25.985,2,0.8058
4485,376.304,18.0031,25.4428,2,0.8216
4486,376.371,18.6955,26.9387,2,0.8261
4487,376.441,17.8923,27.4348,2,0.8215
4488,376.503,20.9925,25.6281,2,0.82
4489,376.568,19.2609,25.7661,2,0.8231
4490,376.639,17.4507,27.0877,2,0.8218
4491,376.705,19.1142,27.591,2,0.8234
4492,376.772,18.994,26.0589,2,0.8267
4493,376.836,19.6414,26.5291,2,0.8217
4494,376.907,17.4243,27.1988,2,0.809
4495,376.971,20.2138,27.7269,2,0.8139
4496,377.039,18.35,26.5858,2,0.8174
4497,377.107,18.4492,27.1039,2,0.823
4498,377.167,21.6422,25.1908,2,0.824
4499,377.238,17.2465,26.242,2,0.8198
4500,377.304,19.2623,24.6849,2,0.8154
4501,377.369,19.4647,26.571,2,0.8253
4502,377.437,18.4805,26.258,2,0.8355
4503,377.505,18.3038,26.962,2,0.8289
4504,377.569,20.1634,27.1761,2,0.8278
4505,377.635,18.8965,27.154,2,0.8216
4506,377.71,16.2682,27.9999,2,0.8187
4507,377.766,24.1581,27.252,2,0.819
4508,377.839,16.8909,25.0819,2,0.8242
4509,377.908,17.8791,26.211,2,0.8239
4510,377.966,22.749,27.246,2,0.8211
4511,378.039,17.0413,26.3238,2,0.8218
4512,378.109,17.7481,27.7791,2,0.8176
4513,378.165,23.5655,24.1661,2,0.8149
4514,378.242,15.8713,25.4502,2,0.8204
4515,378.301,21.8031,24.8518,2,0.8211
4516,378.373,17.1454,27.4837,2,0.801
4517,378.437,20.2204,27.436,2,0.814
4518,378.507,17.6772,26.4308,2,0.8204
4519,378.57,20.31,25.779,2,0.819
4520,378.64,17.6825,26.0458,2,0.821
4521,378.707,18.8249,27.7638,2,0.8194
4522,378.768,21.0429,26.6478,2,0.831
4523,378.834,19.1755,25.5113,2,0.8247
4524,378.91,16.093,26.8972,2,0.8277
4525,378.963,25.089,25.5182,2,0.8265
4526,379.04,15.6968,25.7001,2,0.8222
4527,379.098,22.6722,24.904,2,0.8166
4528,379.176,15.6637,26.5172,2,0.8203
4529,379.232,23.3722,25.7919,2,0.8275
4530,379.31,15.7317,26.1691,2,0.8231
4531,379.368,22.6752,27.8673,2,0.8004
4532,379.441,16.8779,27.648,2,0.7963
4533,379.506,19.1817,27.2882,2,0.8088
4534,379.572,19.3704,26.8121,2,0.8095
4535,379.641,18.0197,26.3901,2,0.8037
4536,379.703,20.6838,25.7971,2,0.8147
4537,379.774,17.5541,26.3579,2,0.8193
4538,379.837,20.0912,25.3472,2,0.8102
4539,379.908,17.6741,26.54,2,0.8037
4540,379.967,22.1725,25.6162,2,0.7914
4541,380.051,14.2057,28.481,1,0.9001
4542,380.098,29.5938,25.7161,1,0.8842
4543,380.174,15.9307,25.213,1,0.9158
4544,380.234,21.8454,26.18,1,0.9323
4545,380.309,16.3676,26.0417,1,0.9381
4546,380.369,21.7018,25.9509,1,0.9441
4547,380.439,17.5189,25.212,1,0.9422
4548,380.504,19.5726,25.4519,1,0.9427
4549,380.568,20.1422,25.7561,1,0.9471
4550,380.642,16.6787,28.4371,1,0.9491
4551,380.705,20.3136,28.8267,1,0.9476
4552,380.769,19.9709,26.7529,1,0.9471
4553,380.845,15.9887,28.0342,1,0.9458
4554,380.898,25.5691,26.8109,1,0.9466
4555,380.973,16.1886,25.7368,1,0.9477
4556,381.036,20.429,24.766,1,0.9458
4557,381.107,17.3376,26.0413,1,0.9446
4558,381.172,19.413,27.04,1,0.9448
4559,381.239,18.953,27.0391,1,0.9446
4560,381.307,18.1974,27.3392,1,0.9421
4561,381.371,20.156,28.2321,1,0.9391
4562,381.439,18.6564,27.0369,1,0.9376
4563,381.508,17.9366,26.716,1,0.9339
4564,381.569,21.3051,27.055,1,0.9346
4565,381.64,17.3991,25.9368,1,0.9355
4566,381.703,20.424,26.113,1,0.934
4567,381.774,17.2523,26.0861,1,0.9407
4568,381.838,19.8287,26.3841,1,0.9347
4569,381.908,18.0095,26.8269,1,0.9234
4570,381.969,20.8216,26.3412,1,0.9034
4571,382.041,17.1414,26.1259,1,0.918
4572,382.106,19.6378,25.888,1,0.9046
4573,382.172,18.9,25.5339,1,0.9234
4574,382.24,18.5983,25.5501,1,0.9273
4575,382.306,19.0498,27.3809,1,0.9247
4576,382.372,19.2501,26.5541,1,0.9178
4577,382.437,19.1825,26.5651,1,0.9186
4578,382.503,19.1703,26.3109,1,0.9241
4579,382.574,17.3979,25.9943,1,0.9238
4580,382.639,19.3835,26.325,1,0.9219
4581,382.707,18.6168,25.9693,1,0.923
4582,382.774,18.6658,26.7,1,0.9242
4583,382.839,19.68,28.4579,1,0.9256
4584,382.909,17.7535,27.694,1,0.9269
4585,382.967,22.315,26.7241,1,0.9281
4586,383.041,16.5712,27.2291,1,0.927
4587,383.109,18.5291,28.2981,1,0.9258
4588,383.17,21.3382,26.6938,1,0.9226
4589,383.241,17.2742,26.5422,1,0.919
4590,383.303,20.8986,25.738,1,0.9055
4591,383.375,17.1429,27.128,1,0.9125
4592,383.436,21.2304,27.1089,1,0.9209
4593,383.508,17.1183,27.091,1,0.9219
4594,383.57,20.4645,26.334,1,0.9219
4595,383.641,17.4346,25.9731,1,0.9254
4596,383.704,20.4813,25.2507,1,0.9226
4597,383.773,17.8939,26.3939,1,0.9227
4598,383.841,18.5041,27.4711,1,0.9198
4599,383.904,20.3812,26.835,1,0.9174
4600,383.975,17.4657,27.463,1,0.9248
4601,384.037,20.2676,26.974,1,0.9261
4602,384.109,17.3358,27.3998,1,0.9255
4603,384.17,21.1604,26.4871,1,0.9237
4604,384.242,17.1562,27.0622,1,0.9157
4605,384.307,19.7575,27.4341,1,0.9043
4606,384.371,19.7099,25.9342,1,0.9058
4607,384.437,19.2393,26.581,1,0.8938
4608,384.507,17.8399,27.0932,1,0.8977
4609,384.571,20.0344,26.5422,1,0.8968
4610,384.642,17.4834,27.4897,2,0.7733
4611,384.704,20.8826,25.4371,2,0.7668
4612,384.772,18.2505,26.269,1,0.8758
4613,384.837,19.2857,25.876,2,0.6361
4614,384.912,16.4832,27.6971,1,0.8746
4615,384.966,24.8077,26.5672,2,0.6495
4616,385.045,15.2448,26.6974,2,0.6649
4617,385.102,23.4039,26.197,2,0.6706
4618,385.174,17.1091,26.8779,2,0.6808
4619,385.235,20.8995,25.3119,2,0.7231
4620,385.314,15.2827,28.8961,2,0.742
4621,385.365,27.1643,26.7746,2,0.7583
4622,385.442,15.7931,27.5578,2,0.7572
4623,385.505,20.3686,26.4921,2,0.7521
4624,385.575,17.6495,26.6147,2,0.765
4625,385.635,21.2382,27.1201,2,0.7625
4626,385.708,17.0687,27.4398,2,0.7586
4627,385.772,19.9912,26.1922,2,0.7551
4628,385.838,18.8204,26.119,2,0.7636
4629,385.907,18.1887,27.3771,2,0.7656
4630,385.969,20.8773,27.056,2,0.7837
4631,386.047,15.4323,27.95,3,0.6818
4632,386.103,23.9705,26.9878,3,0.7337
4633,386.174,17.3599,28.151,3,0.744
4634,386.24,19.4227,27.8327,3,0.7381
4635,386.309,18.1775,27.885,3,0.7573
4636,386.371,20.5568,27.107,3,0.678
4637,386.436,19.5259,27.1282,2,0.7954
4638,386.512,16.0503,27.9479,2,0.8046
4639,386.567,24.1034,25.9829,2,0.8098
4640,386.642,16.5379,26.7971,2,0.8087
4641,386.705,20.2323,26.7,2,0.8056
4642,386.769,19.6202,26.7799,2,0.8021
4643,386.843,16.7403,27.0269,2,0.8162
4644,386.903,21.4888,27.096,2,0.8029
4645,386.973,17.8546,27.1213,2,0.8095
4646,387.038,19.4954,27.576,2,0.8002
4647,387.11,16.9701,27.1842,2,0.7415
4648,387.169,22.3295,27.0689,2,0.7816
4649,387.247,15.6092,26.8111,3,0.7653
4650,387.299,25.7846,24.5121,3,0.7411
4651,387.377,15.6902,26.9051,3,0.705
4652,387.433,23.5467,25.5649,3,0.722
4653,387.513,15.0046,25.954,3,0.7631
4654,387.565,26.0592,25.0871,3,0.8015
4655,387.641,15.9327,24.8771,3,0.7885
4656,387.705,20.24,26.521,3,0.7748
4657,387.774,17.8849,26.2651,3,0.7705
4658,387.839,19.6947,26.5491,3,0.7736
4659,387.908,17.9698,26.4769,3,0.7473
4660,387.971,20.2581,25.9662,3,0.7608
4661,388.042,17.3765,27.0422,3,0.7681
4662,388.105,20.694,26.1917,3,0.7637
4663,388.175,17.7318,27.422,3,0.7577
4664,388.237,20.704,25.7463,3,0.7594
4665,388.311,16.5626,28.1801,3,0.7882
4666,388.37,21.8719,26.3,3,0.7609
4667,388.437,18.9168,25.111,3,0.6693
4668,388.51,16.7358,27.575,3,0.7331
4669,388.572,20.8239,27.642,3,0.7338
4670,388.638,19.1659,26.0198,3,0.7626
4671,388.708,17.6709,25.25,3,0.7652
4672,388.769,21.4242,26.8469,3,0.7832
4673,388.838,18.076,26.5698,3,0.7809
4674,388.91,17.0588,26.8891,3,0.7801
4675,388.967,23.2348,25.9762,3,0.7765
4676,389.045,15.4014,27.7371,3,0.7605
4677,389.101,24.1096,27.0047,3,0.6727
4678,389.177,16.0126,27.7703,3,0.7134
4679,389.235,22.6362,26.5679,3,0.7103
4680,389.311,16.1559,28.2691,3,0.6851
4681,389.368,23.2482,26.7389,3,0.6882
4682,389.442,16.415,25.682,3,0.732
4683,389.505,20.4629,26.2339,3,0.7223
4684,389.573,18.5285,26.5939,3,0.6928
4685,389.637,19.8664,25.1701,3,0.6892
4686,389.707,17.489,26.2799,3,0.6832
4687,389.771,19.9637,26.5219,2,0.7913
4688,389.841,17.8063,26.571,4,0.6441
4689,389.906,19.5901,26.7043,3,0.7138
4690,389.975,18.0124,27.1759,4,0.7124
4691,390.037,20.8715,25.563,4,0.7082
4692,390.109,16.9881,25.274,4,0.7371
4693,390.169,21.5508,24.9469,4,0.7329
4694,390.239,17.8824,25.003,4,0.7083
4695,390.304,19.4272,25.5589,3,0.8035
4696,390.375,17.4335,27.0991,3,0.7814
4697,390.435,21.445,26.1478,3,0.7477
4698,390.51,16.3015,27.0281,3,0.7273
4699,390.567,23.2785,26.5901,3,0.6957
4700,390.642,16.2883,24.7972,3,0.7263
4701,390.701,22.3061,26.5741,3,0.7114
4702,390.779,15.3951,27.7677,3,0.6246
4703,390.834,24.3061,26.1691,3,0.6229
4704,390.91,16.1684,26.1099,3,0.6392
4705,390.967,22.8974,26.7811,3,0.6662
4706,391.044,15.7362,27.3321,4,0.6611
4707,391.099,24.7851,27.3831,4,0.6532
4708,391.162,20.1139,25.8899,3,0.7744
4709,391.24,15.6656,28.1882,3,0.7379
4710,391.308,18.2512,28.5897,3,0.7213
4711,391.372,20.0295,27.313,4,0.6565
4712,391.442,17.6407,28.2197,3,0.7155
4713,391.509,18.8861,28.2962,3,0.7024
4714,391.573,20.1089,27.5102,3,0.7249
4715,391.638,19.2846,27.0889,3,0.702
4716,391.71,17.0617,25.9631,3,0.6847
4717,391.766,24.002,25.661,3,0.6944
4718,391.844,15.5096,25.7709,3,0.6987
4719,391.904,21.9925,27.6241,3,0.6993
4720,391.975,17.2268,26.499,4,0.6546
4721,392.037,20.9489,27.0362,4,0.6496
4722,392.113,16.0679,27.4003,4,0.69
4723,392.171,22.9732,28.929,4,0.6707
4724,392.242,17.2382,27.1301,4,0.6785
4725,392.307,19.4307,27.133,3,0.7363
4726,392.368,21.0305,25.9228,4,0.7058
4727,392.438,17.7614,27.4839,4,0.7068
4728,392.504,19.3788,25.912,3,0.7269
4729,392.583,15.2168,30.0591,3,0.742
4730,392.632,28.9334,27.504,3,0.7437
4731,392.718,13.7552,28.9099,3,0.7038
4732,392.766,29.1281,26.7,3,0.66
4733,392.85,14.3074,29.7182,4,0.6083
4734,392.902,25.5813,26.7262,2,0.7104
4735,392.976,16.3487,25.9268,3,0.6176
4736,393.037,21.6352,25.948,2,0.7063
4737,393.114,15.7362,28.6851,2,0.7146
4738,393.167,25.0557,26.5651,3,0.6146
4739,393.246,15.4564,26.4561,2,0.7332
4740,393.302,23.6009,25.1341,2,0.7359
4741,393.379,15.8884,28.492,2,0.7446
4742,393.434,24.3594,25.9857,2,0.7387
4743,393.516,14.5438,28.4688,2,0.7216
4744,393.564,29.3824,25.5554,2,0.6887
4745,393.645,14.7923,26.1919,2,0.6956
4746,393.703,22.8421,25.8658,2,0.6999
4747,393.772,17.9605,25.82,2,0.6832
4748,393.837,19.6792,25.9142,2,0.7245
4749,393.908,17.2753,26.4201,3,0.6521
4750,393.97,20.9096,26.0563,3,0.6758
4751,394.041,17.3832,26.5982,3,0.762
4752,394.105,19.8571,26.3937,3,0.7465
4753,394.168,20.0911,26.1562,3,0.6816
4754,394.242,16.8161,25.9879,3,0.694
4755,394.306,19.8887,26.7351,3,0.6768
4756,394.376,17.5503,25.7173,3,0.68
4757,394.437,21.3388,26.696,3,0.6944
4758,394.505,18.4481,26.6159,3,0.7203
4759,394.571,19.3338,26.0198,3,0.7261
4760,394.645,16.3492,28.3051,3,0.759
4761,394.704,22.5337,26.505,3,0.7729
4762,394.78,15.9793,28.924,3,0.7662
4763,394.835,24.1127,26.1977,3,0.7682
4764,394.914,15.3461,27.967,3,0.7528
4765,394.967,25.2043,26.2439,3,0.7514
4766,395.042,16.4023,26.67,3,0.7317
4767,395.106,20.0953,25.3813,3,0.7335
4768,395.175,17.9613,26.648,3,0.7235
4769,395.236,20.9903,26.129,3,0.7078
4770,395.312,16.175,28.7538,3,0.6756
4771,395.366,24.875,25.1491,3,0.6552
4772,395.442,15.9793,25.249,2,0.7561
4773,395.505,20.4378,26.0091,2,0.7575
4774,395.573,18.5329,27.0121,2,0.7661
4775,395.639,19.0662,26.6352,2,0.7708
4776,395.711,17.0914,27.5562,2,0.7792
4777,395.77,22.2395,28.363,2,0.7828
4778,395.843,16.8407,26.86,2,0.7832
4779,395.907,19.8882,26.7153,2,0.7792
4780,395.967,21.4334,25.6293,2,0.7805
4781,396.045,15.5231,25.8121,2,0.7777
4782,396.106,21.2816,30.189,2,0.7735
4783,396.164,22.7175,24.658,2,0.7681
4784,396.245,14.7717,26.0837,2,0.7714
4785,396.302,23.2337,25.7559,2,0.7802
4786,396.377,16.2837,24.7669,2,0.7778
4787,396.436,22.5434,26.2201,2,0.781
4788,396.512,15.8349,27.164,2,0.7768
4789,396.569,23.6505,25.8181,2,0.7727
4790,396.643,16.5022,26.4311,2,0.7725
4791,396.706,20.4432,27.1621,2,0.7741
4792,396.772,18.8467,26.0251,2,0.7803
4793,396.839,18.9534,26.072,2,0.7784
4794,396.906,18.7133,25.9182,2,0.7784
4795,396.976,17.5941,27.2222,2,0.775
4796,397.038,21.165,25.8579,3,0.6556
4797,397.108,17.5759,29.057,3,0.7082
4798,397.172,20.4586,27.663,3,0.6543
4799,397.241,17.9177,28.1069,3,0.6885
4800,397.305,19.8248,27.1299,3,0.7133
4801,397.375,17.9826,27.6811,3,0.7396
4802,397.435,21.278,25.8591,2,0.7809
4803,397.51,16.3642,26.4981,3,0.7807
4804,397.568,22.7186,27.055,2,0.7472
4805,397.646,15.4883,27.488,2,0.8096
4806,397.702,24.05,26.1629,2,0.8017
4807,397.778,16.048,26.468,2,0.7805
4808,397.836,22.4572,25.8939,2,0.8186
4809,397.91,16.6166,25.6341,2,0.8101
4810,397.974,20.0388,26.691,2,0.7983
4811,398.039,19.4344,26.2411,2,0.7944
4812,398.107,18.201,27.1921,2,0.7898
4813,398.172,19.4579,27.864,2,0.8057
4814,398.242,17.8823,27.4029,2,0.8017
4815,398.308,19.0338,25.8641,2,0.8034
4816,398.37,20.7594,26.85,3,0.6765
4817,398.442,17.1972,26.4771,3,0.6761
4818,398.507,19.5159,27.082,3,0.6814
4819,398.573,19.2303,26.1869,3,0.6777
4820,398.64,18.7621,26.0317,3,0.6876
4821,398.706,19.0953,25.1601,3,0.6789
4822,398.772,18.9992,25.8589,3,0.6803
4823,398.841,18.0666,25.821,3,0.7171
4824,398.907,19.0433,27.6592,3,0.6945
4825,398.971,19.8856,26.9349,3,0.6809
4826,399.038,19.0031,25.686,2,0.7999
4827,399.107,17.9792,27.3421,2,0.8054
4828,399.171,19.9856,26.0811,2,0.8082
4829,399.241,17.6972,26.2821,2,0.8131
4830,399.31,17.9462,26.8521,2,0.7921
4831,399.371,21.5411,25.5229,2,0.789
4832,399.443,17.2431,26.5548,3,0.6817
4833,399.508,19.4186,28.4288,3,0.7221
4834,399.571,20.1373,26.8009,3,0.6964
4835,399.637,19.2016,25.6572,2,0.7939
4836,399.71,16.8461,27.1397,2,0.7803
4837,399.77,21.6131,26.3891,2,0.7801
4838,399.842,17.27,26.7398,2,0.7964
4839,399.904,20.7018,26.1493,2,0.7993
4840,399.976,17.1303,26.9041,2,0.8015
4841,400.036,21.485,26.0532,2,0.7964
4842,400.11,16.4612,26.165,2,0.7851
4843,400.171,21.1883,27.4079,2,0.7868
4844,400.238,18.9991,27.0388,2,0.7974
4845,400.307,18.1271,26.4931,2,0.7929
4846,400.375,18.2652,28.2562,2,0.7735
4847,400.437,20.6403,25.9492,2,0.7699
4848,400.51,16.9646,27.4329,2,0.7225
4849,400.572,20.914,26.139,2,0.6861
4850,400.644,17.1019,26.149,1,0.911
4851,400.704,21.6034,26.6881,1,0.917
4852,400.776,17.2298,25.4829,1,0.9087
4853,400.837,21.0194,25.12,1,0.9078
4854,400.912,16.4452,26.8431,1,0.9143
4855,400.97,22.2837,26.196,1,0.9117
4856,401.04,18.0174,26.9089,1,0.9122
4857,401.109,17.9705,26.52,1,0.9101
4858,401.172,20.3679,26.844,1,0.9034
4859,401.242,17.5245,27.0581,1,0.9064
4860,401.306,19.9359,27.6752,1,0.8967
4861,401.373,18.7308,26.2971,1,0.8935
4862,401.44,18.8281,25.6009,1,0.8899
4863,401.508,18.5209,27.36,1,0.8867
4864,401.572,19.8012,25.8539,1,0.8865
4865,401.644,17.1409,27.0541,1,0.8873
4866,401.704,21.7667,25.1729,1,0.8874
4867,401.776,17.1122,27.2069,1,0.8885
4868,401.837,21.2567,26.161,1,0.8939
4869,401.912,16.0455,27.6399,1,0.9094
4870,401.971,22.29,27.178,1,0.8919
4871,402.04,18.1016,27.5657,1,0.9022
4872,402.106,19.3027,26.4411,1,0.8879
4873,402.175,17.9969,25.9352,1,0.9087
4874,402.237,20.7082,27.0042,1,0.9254
4875,402.31,16.7664,26.2821,2,0.6677
4876,402.371,21.2962,25.8701,2,0.677
4877,402.44,18.2715,27.0541,2,0.7533
4878,402.505,19.2752,25.3861,2,0.7606
4879,402.575,17.6504,26.0732,2,0.7664
4880,402.638,20.3591,27.1637,2,0.796
4881,402.711,16.767,26.9639,2,0.8089
4882,402.77,22.8008,26.2439,2,0.8124
4883,402.844,16.4922,27.4823,2,0.8128
4884,402.907,20.0981,26.278,2,0.8182
4885,402.975,18.5014,27.1738,2,0.807
4886,403.04,19.6393,26.5138,2,0.8014
4887,403.111,17.3591,26.1981,2,0.7985
4888,403.171,21.7353,26.2909,2,0.7851
4889,403.243,17.0576,27.2651,2,0.7762
4890,403.308,19.3998,25.8069,2,0.768
4891,403.374,19.243,26.1571,2,0.7595
4892,403.439,19.1315,26.0119,2,0.7951
4893,403.511,17.0071,28.3818,2,0.7664
4894,403.572,21.2985,26.51,2,0.7742
4895,403.643,17.5242,26.3841,2,0.7725
4896,403.705,21.077,26.206,2,0.7767
4897,403.777,17.1462,26.2721,2,0.7848
4898,403.84,20.1967,26.633,2,0.7995
4899,403.905,19.5183,25.6519,2,0.7968
4900,403.972,18.7596,25.6221,2,0.8229
4901,404.042,17.826,25.8372,2,0.8097
4902,404.105,19.9659,26.4909,2,0.8131
4903,404.173,18.3173,26.2821,2,0.8125
4904,404.241,18.6633,26.3307,2,0.794
4905,404.306,19.2082,26.2761,2,0.797
4906,404.376,19.5308,26.9189,2,0.7966
4907,404.437,21.1212,26.329,2,0.7946
4908,404.514,15.7413,29.6378,2,0.7794
4909,404.565,27.4258,26.7019,2,0.7867
4910,404.637,17.0393,26.0873,2,0.7777
4911,404.709,17.7408,28.3809,2,0.7806
4912,404.768,21.9583,26.1152,2,0.7737
4913,404.855,13.5625,31.5499,2,0.7853
4914,404.904,29.3195,29.1519,2,0.7927
4915,404.973,18.0597,26.787,2,0.7955
4916,405.043,17.7545,30.654,2,0.7872
4917,405.106,20.5452,27.8711,2,0.7883
4918,405.178,17.0405,30.2379,2,0.7761
4919,405.245,19.3244,30.3397,2,0.7638
4920,405.31,19.7507,29.325,2,0.7677
4921,405.382,17.3247,34.7848,2,0.7717
4922,405.447,19.587,33.9668,2,0.766
4923,405.516,18.2395,34.256,2,0.7384
4924,405.577,21.4906,32.1672,2,0.7621
4925,405.643,19.0614,29.4552,2,0.7607
4926,405.71,19.0813,29.6531,2,0.7594
4927,405.774,19.9917,27.3731,2,0.7644
4928,405.845,17.6467,29.1409,2,0.7707
4929,405.906,21.4693,25.002,2,0.7737
4930,405.975,18.0027,27.4329,2,0.7852
4931,406.039,19.939,26.9661,2,0.7924
4932,406.112,17.0742,26.9551,2,0.794
4933,406.17,22.731,27.2768,2,0.7919
4934,406.241,17.4954,24.1699,2,0.7637
4935,406.311,17.8635,27.2529,2,0.7839
4936,406.372,20.9806,26.5563,2,0.7938
4937,406.443,17.7387,27.9193,2,0.8021
4938,406.507,19.9128,26.325,2,0.7947
4939,406.579,17.2975,28.9581,2,0.79
4940,406.64,21.3785,28.151,2,0.792
4941,406.713,16.7098,27.777,2,0.7919
4942,406.772,22.4527,27.8149,2,0.7968
4943,406.841,18.2859,28.5788,2,0.796
4944,406.908,18.6801,27.4181,2,0.7896
4945,406.975,18.9944,27.1981,2,0.7945
4946,407.039,19.7067,25.7852,2,0.7915
4947,407.115,16.3703,28.605,2,0.8017
4948,407.171,23.5939,27.9391,2,0.7956
4949,407.244,16.7558,26.9651,2,0.8021
4950,407.305,21.0487,27.0431,2,0.8024
4951,407.377,17.281,26.413,2,0.8032
4952,407.441,19.7949,28.024,2,0.8048
4953,407.51,18.3486,26.0212,2,0.7998
4954,407.574,20.0634,27.4141,2,0.8077
4955,407.643,18.1083,28.2061,2,0.7979
4956,407.704,21.0802,26.2818,2,0.7942
4957,407.776,17.2911,28.3282,2,0.7935
4958,407.841,19.7429,28.7118,2,0.7857
4959,407.908,18.7252,27.6089,2,0.7959
4960,407.973,19.4344,28.1348,2,0.795
4961,408.041,18.6039,25.7978,2,0.7877
4962,408.11,18.0573,26.0899,2,0.7403
4963,408.173,20.4918,27.0729,2,0.6971
4964,408.243,17.9682,26.8919,2,0.7451
4965,408.308,19.4168,28.429,2,0.7909
4966,408.375,18.7561,27.1499,2,0.7991
4967,408.444,18.2232,28.537,2,0.8165
4968,408.509,19.7606,27.1971,2,0.7981
4969,408.572,20.2536,26.011,2,0.8072
4970,408.642,18.0444,26.2241,2,0.8004
4971,408.71,18.3483,26.3848,2,0.7981
4972,408.774,19.8839,25.1179,2,0.8073
4973,408.84,19.2797,25.8918,2,0.7963
4974,408.911,17.4944,25.3458,2,0.7882
4975,408.97,22.4321,26.4981,2,0.7883
4976,409.045,16.2845,25.403,2,0.7973
4977,409.106,21.3229,27.19,2,0.8041
4978,409.176,17.8543,29.0649,2,0.7998
4979,409.243,19.1278,29.47,2,0.7867
4980,409.309,19.123,29.5453,2,0.7861
4981,409.375,19.3369,28.4922,2,0.7982
4982,409.443,18.5395,30.6978,2,0.8025
4983,409.51,18.9772,29.098,2,0.8004
4984,409.576,19.3289,28.9528,2,0.7933
4985,409.641,19.5611,28.7728,2,0.8016
4986,409.714,17.028,30.5529,2,0.7901
4987,409.776,21.2775,30.5998,2,0.8118
4988,409.844,18.5363,29.016,2,0.8001
4989,409.912,18.5974,28.743,2,0.7932
4990,409.975,20.352,29.1262,2,0.7511
4991,410.045,17.9859,29.336,2,0.7998
4992,410.11,19.7324,28.0511,2,0.802
4993,410.173,20.3695,26.9911,2,0.8321
4994,410.244,17.4913,27.036,2,0.8033
4995,410.31,19.6272,28.4727,2,0.8098
4996,410.374,19.9852,27.1499,2,0.8313
4997,410.44,19.0262,25.5213,2,0.8427
4998,410.51,17.7736,27.873,2,0.8438
4999,410.573,20.7048,27.5359,2,0.834
5000,410.646,16.6959,29.3891,2,0.8166
5001,410.708,21.2277,27.9679,2,0.8045
5002,410.774,19.0694,26.732,2,0.772
5003,410.843,18.199,28.4021,2,0.7807
5004,410.907,20.16,28.188,2,0.7729
5005,410.979,17.1854,29.8901,2,0.7594
5006,411.041,21.094,26.9711,2,0.7984
5007,411.112,17.4661,26.5501,2,0.7608
5008,411.173,21.1319,27.575,2,0.7701
5009,411.242,18.195,27.1571,2,0.7104
5010,411.309,18.8679,28.2328,2,0.7007
5011,411.376,19.1821,29.0859,2,0.7477
5012,411.446,17.9892,26.907,2,0.6915
5013,411.507,20.9882,27.8289,2,0.6975
5014,411.579,17.3841,28.6531,2,0.6871
5015,411.639,21.7746,28.4612,2,0.6976
5016,411.715,16.1957,26.9411,2,0.6801
5017,411.77,24.192,26.5131,2,0.6881
5018,411.847,15.8834,26.103,2,0.6551
5019,411.906,21.8785,27.1859,1,0.9002
5020,411.976,18.1021,26.0892,1,0.8969
5021,412.042,18.9011,25.7633,3,0.5738
5022,412.111,18.3779,25.9857,3,0.6287
5023,412.173,20.8208,26.0022,3,0.6591
5024,412.241,18.3346,25.3389,3,0.6652
5025,412.31,18.1548,27.5681,3,0.6396
5026,412.373,20.7193,26.4132,3,0.6694
5027,412.444,17.691,27.065,3,0.6848
5028,412.506,20.6313,26.5331,3,0.7172
5029,412.577,17.5744,27.7271,3,0.6638
5030,412.641,19.9705,28.3318,3,0.641
5031,412.714,17.1703,27.734,2,0.7351
5032,412.774,21.7207,28.136,3,0.6582
5033,412.846,17.317,27.6012,2,0.722
5034,412.909,20.5074,29.0749,3,0.6256
5035,412.977,18.575,28.3751,3,0.6341
5036,413.042,19.4572,29.1762,2,0.6833
5037,413.116,16.7665,29.0382,2,0.676
5038,413.172,23.9832,28.4512,2,0.6948
5039,413.243,17.3795,27.1401,2,0.7033
5040,413.309,19.526,28.223,2,0.6957
5041,413.379,17.787,27.2179,2,0.7142
5042,413.441,20.8026,28.595,3,0.642
5043,413.515,16.7628,27.9543,3,0.6492
5044,413.572,22.8802,27.2861,3,0.7253
5045,413.642,17.9818,26.6409,3,0.7292
5046,413.711,18.2832,26.5269,3,0.7509
5047,413.77,22.0891,27.401,3,0.6624
5048,413.846,16.2555,26.6919,3,0.7226
5049,413.91,19.7942,28.533,3,0.7044
5050,413.976,19.3222,29.4912,3,0.697
5051,414.041,19.7231,26.8748,3,0.6963
5052,414.116,16.5096,30.0601,3,0.6313
5053,414.171,24.0999,27.209,3,0.74
5054,414.244,17.0216,25.728,3,0.6877
5055,414.307,20.2171,25.7678,3,0.7053
5056,414.378,17.4378,27.2598,3,0.7036
5057,414.442,20.3812,28.2159,3,0.7123
5058,414.512,17.6738,26.9241,3,0.6862
5059,414.573,21.7197,28.4872,3,0.6599
5060,414.642,18.1031,25.1498,3,0.647
5061,414.71,18.4928,29.5928,3,0.6788
5062,414.774,19.6367,27.2672,3,0.7383
5063,414.844,17.8485,28.7752,3,0.7188
5064,414.909,19.8803,27.4403,3,0.6935
5065,414.977,18.2662,28.9228,2,0.8025
5066,415.043,19.6002,28.8272,2,0.7512
5067,415.109,18.9143,27.992,3,0.6317
5068,415.178,18.2209,26.8869,3,0.636
5069,415.238,21.9279,27.0879,3,0.6607
5070,415.314,16.2577,27.019,3,0.6572
5071,415.373,22.3928,27.0638,3,0.6557
5072,415.446,17.0195,28.044,3,0.7048
5073,415.504,22.7357,26.516,3,0.7189
5074,415.58,16.064,26.7787,3,0.7139
5075,415.636,24.1623,26.278,3,0.6858
5076,415.712,15.7828,24.5218,3,0.6898
5077,415.771,22.2054,27.204,3,0.6879
5078,415.846,16.267,26.6459,3,0.6982
5079,415.906,22.0727,27.4022,3,0.7183
5080,415.977,17.3013,26.0708,3,0.7234
5081,416.039,20.6854,26.2322,3,0.7346
5082,416.111,17.1576,25.7061,4,0.6218
5083,416.17,22.4728,27.2162,3,0.6828
5084,416.246,16.1381,25.5539,3,0.6877
5085,416.305,21.8499,26.4881,3,0.6734
5086,416.377,17.2635,27.576,2,0.8146
5087,416.439,20.5673,27.0708,2,0.7958
5088,416.513,16.6611,28.7449,2,0.7748
5089,416.573,21.9779,28.0461,2,0.714
5090,416.643,17.9118,27.076,2,0.7664
5091,416.707,19.8582,26.3851,2,0.8009
5092,416.777,17.9378,26.571,2,0.8083
5093,416.84,20.319,26.582,3,0.635
5094,416.91,17.7537,26.4261,3,0.639
5095,416.978,18.4421,29.201,3,0.6541
5096,417.042,20.1268,28.0781,3,0.659
5097,417.116,16.7718,30.7279,3,0.664
5098,417.173,23.3355,28.0399,3,0.6618
5099,417.245,17.0628,27.6599,3,0.6981
5100,417.309,20.2594,27.7331,3,0.6909
5101,417.378,18.1037,27.8721,3,0.6472
5102,417.441,20.2848,27.9338,2,0.7606
5103,417.514,16.9064,27.9961,2,0.7287
5104,417.574,21.9034,28.1847,1,0.8636
5105,417.644,17.915,27.7839,2,0.674
5106,417.713,18.2979,29.6578,2,0.6791
5107,417.774,21.1029,28.471,2,0.6599
5108,417.845,17.7213,27.7271,2,0.6657
5109,417.91,19.6514,27.565,2,0.6419
5110,417.976,19.2733,27.2391,2,0.643
5111,418.041,19.4013,26.4487,2,0.6728
5112,418.115,16.78,28.1639,2,0.7229
5113,418.171,23.7163,26.7191,2,0.701
5114,418.247,16.1252,26.0727,2,0.7348
5115,418.306,22.2267,27.6859,2,0.7515
5116,418.376,17.6262,26.057,2,0.7466
5117,418.44,20.1528,27.3528,2,0.7082
5118,418.512,17.2506,27.4339,2,0.6876
5119,418.572,21.5546,27.3662,2,0.7099
5120,418.642,17.9138,26.3202,3,0.6063
5121,418.713,17.6115,27.5459,3,0.6983
5122,418.774,21.1726,27.746,2,0.8377
5123,418.848,16.7634,27.168,2,0.8556
5124,418.907,22.315,28.5792,2,0.8484
5125,418.977,17.942,27.8971,2,0.8294
5126,419.044,18.869,27.9391,2,0.8118
5127,419.109,19.4149,26.9639,2,0.8609
5128,419.18,17.7635,28.1079,2,0.8938
5129,419.241,21.1179,29.0432,3,0.8022
5130,419.317,16.0235,30.6501,2,0.8726
5131,419.37,25.618,29.9869,2,0.8568
5132,419.447,16.1233,30.4441,3,0.6028
5133,419.508,21.3015,30.8738,3,0.6124
5134,419.576,18.6216,29.038,3,0.6034
5135,419.645,17.9389,30.0541,2,0.6991
5136,419.712,18.8529,30.0508,2,0.7157
5137,419.775,20.6248,28.9299,2,0.7024
5138,419.853,15.8662,35.8939,2,0.7377
5139,419.911,22.5488,32.439,2,0.7444
5140,419.984,17.2981,34.5759,2,0.739
5141,420.044,21.767,30.1418,2,0.7478
5142,420.12,16.0681,37.1311,2,0.7557
5143,420.216,13.2449,35.2871,2,0.7361
5144,420.272,24.5512,33.7219,2,0.7519
5145,420.345,17.2461,31.6041,2,0.775
5146,420.406,23.0249,30.7579,2,0.7429
5147,420.477,17.5611,31.626,2,0.7683
5148,420.558,14.9058,31.9519,2,0.755
5149,420.605,30.8289,30.7488,2,0.748
5150,420.688,14.4513,32.6889,2,0.7371
5151,420.742,25.3067,30.8049,2,0.7455
5152,420.822,14.9952,32.0499,2,0.7443
5153,420.877,24.7836,30.6849,2,0.7616
5154,420.951,16.4577,32.217,2,0.7456
5155,421.011,22.0115,31.301,2,0.7701
5156,421.09,15.287,33.9649,2,0.7468
5157,421.142,26.5888,30.7631,2,0.7643
5158,421.214,17.1638,29.9981,2,0.7629
5159,421.276,21.1935,29.5548,2,0.75
5160,421.351,16.3316,30.9808,2,0.6934
5161,421.407,23.6949,30.3998,2,0.6862
5162,421.484,15.7803,30.8869,2,0.674
